timestamp,frame_index,capture_ms,engagement_detection_ms,smoothing_ms,state_machine_ms,command_build_ms,godot_udp_send_ms,total_loop_ms,fps,state,state_elapsed_s,raw_engagement_status,raw_engagement_confidence,raw_engagement_reason,smoothed_engagement_status,smoothed_engagement_confidence,smoothed_engagement_reason,face_bbox,face_area_ratio,raw_face_count,candidate_count,selected_face_score,consecutive_engaged,consecutive_disengaged,consecutive_absent
2026-06-17T23:54:50.487,0,316.987,461.613,3.599,0.034,0.058,5.826,782.332,1.28,idle,1.25,absent,0.0,no_face_detected,absent,0.0,no_face_detected,,0.0,0,0,0.0,0,0,1
2026-06-17T23:54:50.710,1,15.11,106.271,0.084,0.017,0.042,5.826,122.117,1.97,idle,1.485,absent,0.0,no_face_detected,absent,0.0,no_face_detected,,0.0,0,0,0.0,0,0,2
2026-06-17T23:54:50.808,2,6.844,72.996,0.099,0.023,0.047,5.826,81.717,3.0,idle,1.578,absent,0.0,no_face_detected,absent,0.0,no_face_detected,,0.0,0,0,0.0,0,0,3
2026-06-17T23:54:50.899,3,4.723,72.244,0.179,0.033,0.051,5.826,77.8,3.98,idle,1.672,disengaged,0.727,face_left_or_right+face_too_small,absent,0.0,no_face_detected,"(100, 209, 117, 117)",0.0149,1,1,0.066,0,0,4
2026-06-17T23:54:50.992,4,5.477,72.309,0.104,0.032,0.035,0.154,78.927,4.85,disengaged,0.0,disengaged,0.762,face_left_or_right+face_too_small,disengaged,0.745,face_left_or_right+face_too_small,"(101, 207, 116, 116)",0.0146,1,1,0.499,0,1,0
2026-06-17T23:54:51.092,5,5.496,80.274,0.149,0.036,0.065,0.154,86.685,5.52,disengaged,0.094,absent,0.0,no_face_detected,disengaged,0.745,face_left_or_right+face_too_small,"(101, 207, 116, 116)",0.0146,0,0,0.499,0,2,0
2026-06-17T23:54:51.180,6,5.194,67.424,0.145,0.024,0.053,0.154,73.563,6.33,disengaged,0.187,absent,0.0,no_face_detected,disengaged,0.745,face_left_or_right+face_too_small,"(101, 207, 116, 116)",0.0146,0,0,0.499,0,3,0
2026-06-17T23:54:51.268,7,4.158,70.646,0.244,0.061,0.096,0.154,76.204,7.01,disengaged,0.265,absent,0.0,no_face_detected,disengaged,0.745,face_left_or_right+face_too_small,"(101, 207, 116, 116)",0.0146,0,0,0.499,0,4,0
2026-06-17T23:54:51.348,8,5.529,62.59,0.088,0.025,0.045,0.154,69.054,7.75,disengaged,0.359,absent,0.0,no_face_detected,disengaged,0.745,face_left_or_right+face_too_small,"(101, 207, 116, 116)",0.0146,0,0,0.499,0,5,0
2026-06-17T23:54:51.429,9,4.302,62.449,0.095,0.02,0.037,0.154,67.64,8.46,disengaged,0.437,absent,0.0,no_face_detected,disengaged,0.745,face_left_or_right+face_too_small,"(101, 207, 116, 116)",0.0146,0,0,0.499,0,6,0
2026-06-17T23:54:51.525,10,4.699,72.66,0.098,0.026,0.044,0.154,78.158,8.89,disengaged,0.531,absent,0.0,no_face_detected,absent,0.0,no_face_detected,,0.0,0,0,0.0,0,0,1
2026-06-17T23:54:51.695,11,5.435,145.958,0.125,0.039,0.05,0.154,152.546,8.66,disengaged,0.703,absent,0.0,no_stable_face_candidate,absent,0.0,no_face_detected,,0.0,2,0,0.0,0,0,2
2026-06-17T23:54:51.848,12,4.675,125.69,0.238,0.054,0.068,0.154,131.674,8.55,disengaged,0.859,absent,0.0,no_face_detected,absent,0.0,no_face_detected,,0.0,0,0,0.0,0,0,3
2026-06-17T23:54:51.985,13,5.121,107.633,0.359,0.204,0.219,0.154,114.305,8.57,disengaged,0.984,absent,0.0,no_stable_face_candidate,absent,0.0,no_face_detected,,0.0,1,0,0.0,0,0,4
2026-06-17T23:54:52.144,14,4.141,126.889,0.186,0.049,0.085,0.28,132.026,8.47,disengaged,1.14,absent,0.0,no_face_detected,absent,0.0,no_face_detected,,0.0,0,0,0.0,0,0,5
2026-06-17T23:54:52.313,15,5.676,143.054,0.183,0.053,0.074,0.28,149.811,8.29,disengaged,1.312,absent,0.0,no_face_detected,absent,0.0,no_face_detected,,0.0,0,0,0.0,0,0,6
2026-06-17T23:54:52.478,16,4.712,133.557,0.118,0.033,0.049,0.28,139.451,8.18,disengaged,1.484,engaged,0.731,face_centered,absent,0.0,no_face_detected,"(533, 108, 173, 173)",0.0325,2,1,0.299,0,0,7
2026-06-17T23:54:52.618,17,3.569,115.393,0.187,0.048,0.086,0.28,119.858,8.2,disengaged,1.625,absent,0.0,no_face_detected,absent,0.0,no_face_detected,,0.0,0,0,0.0,0,0,8
2026-06-17T23:54:52.755,18,3.389,111.789,0.124,0.039,0.047,0.28,116.258,8.24,disengaged,1.765,absent,0.0,no_stable_face_candidate,absent,0.0,no_face_detected,,0.0,1,0,0.0,0,0,9
2026-06-17T23:54:52.915,19,5.477,127.075,0.276,0.072,0.155,0.28,133.964,8.16,disengaged,1.922,absent,0.0,no_face_detected,absent,0.0,no_face_detected,,0.0,0,0,0.0,0,0,10
2026-06-17T23:54:53.054,20,4.779,112.631,0.206,0.049,0.075,0.28,118.459,8.19,disengaged,2.062,absent,0.0,no_face_detected,absent,0.0,no_face_detected,,0.0,0,0,0.0,0,0,11
2026-06-17T23:54:53.212,21,5.599,124.162,0.126,0.033,0.05,0.297,131.113,8.13,idle,0.0,absent,0.0,no_face_detected,absent,0.0,no_face_detected,,0.0,0,0,0.0,0,0,12
2026-06-17T23:54:53.367,22,5.132,128.049,0.145,0.039,0.226,0.297,134.22,8.06,idle,0.172,absent,0.0,no_stable_face_candidate,absent,0.0,no_face_detected,,0.0,1,0,0.0,0,0,13
2026-06-17T23:54:53.503,23,5.415,111.16,0.232,0.053,0.09,0.297,117.863,8.11,idle,0.297,absent,0.0,no_face_detected,absent,0.0,no_face_detected,,0.0,0,0,0.0,0,0,14
2026-06-17T23:54:53.633,24,3.542,104.308,0.213,0.095,0.084,0.297,109.148,8.21,idle,0.437,absent,0.0,no_face_detected,absent,0.0,no_face_detected,,0.0,0,0,0.0,0,0,15
2026-06-17T23:54:53.788,25,3.791,125.116,0.201,0.041,0.071,0.297,130.077,8.16,idle,0.594,absent,0.0,no_face_detected,absent,0.0,no_face_detected,,0.0,0,0,0.0,0,0,16
2026-06-17T23:54:53.957,26,3.851,143.73,0.175,0.041,0.07,0.297,148.341,8.02,idle,0.766,absent,0.0,no_face_detected,absent,0.0,no_face_detected,,0.0,0,0,0.0,0,0,17
2026-06-17T23:54:54.115,27,5.32,127.277,0.214,0.039,0.063,0.297,133.88,7.96,idle,0.922,engaged,0.878,face_centered,absent,0.0,no_face_detected,"(557, 197, 245, 245)",0.0651,1,1,0.511,0,0,18
2026-06-17T23:54:54.274,28,3.27,122.491,0.184,0.044,0.147,0.32,127.281,7.95,disengaged,0.0,engaged,0.902,face_centered,disengaged,0.0,no_face_detected,"(524, 293, 248, 248)",0.0667,2,1,0.645,0,1,0
2026-06-17T23:54:54.436,29,5.297,132.846,0.084,0.021,0.041,0.32,139.181,7.87,disengaged,0.172,engaged,0.888,face_centered,engaged,0.55,unstable_window_face_centered,"(527, 324, 232, 232)",0.0584,3,2,0.796,1,0,0
2026-06-17T23:54:54.576,30,4.779,110.735,0.122,0.027,0.041,0.216,116.424,7.95,engaged,0.0,engaged,0.89,face_centered,engaged,0.889,face_centered,"(522, 329, 243, 243)",0.0641,2,2,0.851,2,0,0
2026-06-17T23:54:54.711,31,4.75,112.421,0.156,0.037,0.057,0.216,118.597,7.99,engaged,0.141,engaged,0.914,face_centered,engaged,0.894,face_centered,"(513, 312, 265, 265)",0.0762,2,2,0.912,3,0,0
2026-06-17T23:54:54.867,32,5.376,126.201,0.128,0.032,0.051,0.216,132.783,7.95,engaged,0.297,engaged,0.881,face_centered,engaged,0.892,face_centered,"(527, 335, 239, 239)",0.062,2,2,0.834,4,0,0
2026-06-17T23:54:54.999,33,3.494,103.413,0.303,0.064,0.1,0.216,108.109,8.08,engaged,0.422,engaged,0.884,face_centered,engaged,0.891,face_centered,"(527, 335, 239, 239)",0.062,2,2,0.875,5,0,0
2026-06-17T23:54:55.143,34,4.665,112.916,0.142,0.025,0.044,0.216,119.084,8.11,engaged,0.562,engaged,0.853,face_centered,engaged,0.887,face_centered,"(534, 359, 227, 227)",0.0559,2,2,0.784,6,0,0
2026-06-17T23:54:55.277,35,5.694,108.293,0.155,0.027,0.044,0.216,114.698,8.17,engaged,0.703,engaged,0.857,face_centered,engaged,0.881,face_centered,"(544, 345, 217, 217)",0.0511,2,2,0.764,7,0,0
2026-06-17T23:54:55.427,36,3.641,121.866,0.177,0.032,0.062,0.216,126.508,8.14,engaged,0.859,engaged,0.862,face_centered,engaged,0.877,face_centered,"(544, 345, 217, 217)",0.0511,2,2,0.826,8,0,0
2026-06-17T23:54:55.573,37,5.82,116.871,0.154,0.037,0.042,0.376,123.629,8.14,engaged,1.0,disengaged,0.649,face_left_or_right+face_high_or_low,engaged,0.875,face_centered,"(103, 14, 170, 170)",0.0314,1,1,0.224,9,0,0
2026-06-17T23:54:55.725,38,7.978,122.503,0.196,0.039,0.05,0.376,131.427,8.09,engaged,1.156,disengaged,0.677,face_left_or_right+face_high_or_low,engaged,0.867,face_centered,"(103, 16, 168, 168)",0.0306,1,1,0.577,10,0,0
2026-06-17T23:54:55.884,39,4.574,127.148,0.169,0.038,0.056,0.376,132.631,8.03,engaged,1.312,disengaged,0.671,face_left_or_right+face_high_or_low,engaged,0.864,face_centered,"(96, 21, 172, 172)",0.0321,1,1,0.554,11,0,0
2026-06-17T23:54:56.026,40,3.74,113.99,0.113,0.041,0.056,0.376,118.78,8.07,engaged,1.453,disengaged,0.668,face_left_or_right+face_high_or_low,disengaged,0.55,unstable_window_face_left_or_right+face_high_or_low,"(99, 25, 171, 171)",0.0317,2,2,0.572,0,1,0
2026-06-17T23:54:56.326,41,19.101,247.687,0.116,0.03,0.051,0.376,267.713,7.64,engaged,1.75,disengaged,0.67,face_left_or_right+face_high_or_low,disengaged,0.667,face_left_or_right+face_high_or_low,"(96, 27, 166, 166)",0.0299,1,1,0.556,0,2,0
2026-06-17T23:54:56.477,42,4.145,124.292,0.241,0.091,0.085,0.376,130.446,7.64,engaged,1.906,disengaged,0.668,face_left_or_right+face_high_or_low,disengaged,0.667,face_left_or_right+face_high_or_low,"(94, 26, 172, 172)",0.0321,1,1,0.576,0,3,0
2026-06-17T23:54:56.637,43,4.53,127.495,0.622,0.109,0.082,0.372,133.584,7.62,engaged,2.062,disengaged,0.668,face_left_or_right+face_high_or_low,disengaged,0.667,face_left_or_right+face_high_or_low,"(98, 29, 166, 166)",0.0299,2,2,0.571,0,4,0
2026-06-17T23:54:56.818,44,5.742,149.691,0.222,0.071,0.079,0.337,156.831,7.5,disengaged,0.0,disengaged,0.669,face_left_or_right+face_high_or_low,disengaged,0.67,face_left_or_right+face_high_or_low,"(96, 27, 170, 170)",0.0314,1,1,0.583,0,5,0
2026-06-17T23:54:56.990,45,3.169,146.523,0.121,0.029,0.049,0.337,150.907,7.41,disengaged,0.188,disengaged,0.668,face_left_or_right+face_high_or_low,disengaged,0.669,face_left_or_right+face_high_or_low,"(98, 28, 168, 168)",0.0306,1,1,0.578,0,6,0
2026-06-17T23:54:57.138,46,6.13,119.667,0.162,0.038,0.048,0.337,126.912,7.46,disengaged,0.328,disengaged,0.669,face_left_or_right+face_high_or_low,disengaged,0.669,face_left_or_right+face_high_or_low,"(97, 29, 164, 164)",0.0292,1,1,0.562,0,7,0
2026-06-17T23:54:57.279,47,3.423,117.533,0.151,0.029,0.047,0.337,121.907,7.53,disengaged,0.469,disengaged,0.667,face_left_or_right+face_high_or_low,disengaged,0.668,face_left_or_right+face_high_or_low,"(99, 29, 166, 166)",0.0299,1,1,0.567,0,8,0
2026-06-17T23:54:57.428,48,4.939,126.552,0.16,0.045,0.068,0.337,132.378,7.54,disengaged,0.625,disengaged,0.669,face_left_or_right+face_high_or_low,disengaged,0.668,face_left_or_right+face_high_or_low,"(96, 29, 166, 166)",0.0299,1,1,0.569,0,9,0
2026-06-17T23:54:57.582,49,5.151,126.159,0.151,0.034,0.054,0.337,132.434,7.54,disengaged,0.766,disengaged,0.668,face_left_or_right+face_high_or_low,disengaged,0.668,face_left_or_right+face_high_or_low,"(96, 27, 170, 170)",0.0314,1,1,0.576,0,10,0
2026-06-17T23:54:57.748,50,3.572,136.85,0.226,0.25,0.207,0.337,141.969,7.49,disengaged,0.938,disengaged,0.669,face_left_or_right+face_high_or_low,disengaged,0.668,face_left_or_right+face_high_or_low,"(95, 28, 169, 169)",0.031,1,1,0.579,0,11,0
2026-06-17T23:54:57.905,51,5.028,127.578,0.184,0.057,0.062,0.331,133.665,7.49,disengaged,1.094,disengaged,0.67,face_left_or_right+face_high_or_low,disengaged,0.669,face_left_or_right+face_high_or_low,"(97, 28, 166, 166)",0.0299,1,1,0.572,0,12,0
2026-06-17T23:54:58.051,52,3.418,123.016,0.113,0.029,0.041,0.331,127.392,7.52,disengaged,1.235,disengaged,0.669,face_left_or_right+face_high_or_low,disengaged,0.669,face_left_or_right+face_high_or_low,"(94, 24, 175, 175)",0.0332,1,1,0.581,0,13,0
2026-06-17T23:54:58.189,53,3.641,112.003,0.293,0.084,0.182,0.331,116.96,7.63,disengaged,1.375,disengaged,0.667,face_left_or_right+face_high_or_low,disengaged,0.668,face_left_or_right+face_high_or_low,"(95, 28, 171, 171)",0.0317,1,1,0.577,0,14,0
2026-06-17T23:54:58.325,54,4.533,111.672,0.224,0.031,0.049,0.331,117.277,7.72,disengaged,1.516,disengaged,0.669,face_left_or_right+face_high_or_low,disengaged,0.669,face_left_or_right+face_high_or_low,"(94, 28, 170, 170)",0.0314,1,1,0.58,0,15,0
2026-06-17T23:54:58.457,55,4.718,107.932,0.123,0.03,0.045,0.331,113.678,7.82,disengaged,1.641,disengaged,0.67,face_left_or_right+face_high_or_low,disengaged,0.669,face_left_or_right+face_high_or_low,"(94, 28, 169, 169)",0.031,1,1,0.582,0,16,0
2026-06-17T23:54:58.607,56,3.051,124.696,0.226,0.056,0.085,0.331,129.448,7.81,disengaged,1.797,disengaged,0.669,face_left_or_right+face_high_or_low,disengaged,0.669,face_left_or_right+face_high_or_low,"(95, 27, 171, 171)",0.0317,1,1,0.579,0,17,0
2026-06-17T23:54:58.771,57,4.752,132.252,0.176,0.04,0.057,0.331,137.964,7.76,disengaged,1.969,disengaged,0.669,face_left_or_right+face_high_or_low,disengaged,0.669,face_left_or_right+face_high_or_low,"(96, 28, 169, 169)",0.031,1,1,0.584,0,18,0
2026-06-17T23:54:58.930,58,11.827,120.063,0.242,0.06,0.069,0.334,133.352,7.73,disengaged,2.11,disengaged,0.668,face_left_or_right+face_high_or_low,disengaged,0.669,face_left_or_right+face_high_or_low,"(96, 30, 167, 167)",0.0303,1,1,0.575,0,19,0
2026-06-17T23:54:59.076,59,5.222,122.809,0.145,0.035,0.042,0.334,128.946,7.73,disengaged,2.266,disengaged,0.669,face_left_or_right+face_high_or_low,disengaged,0.669,face_left_or_right+face_high_or_low,"(96, 27, 169, 169)",0.031,2,2,0.575,0,20,0
2026-06-17T23:54:59.227,60,5.782,124.169,0.123,0.031,0.048,0.334,130.758,7.73,disengaged,2.422,disengaged,0.668,face_left_or_right+face_high_or_low,disengaged,0.669,face_left_or_right+face_high_or_low,"(98, 31, 162, 162)",0.0285,1,1,0.562,0,21,0
2026-06-17T23:54:59.360,61,6.514,108.384,0.127,0.028,0.04,0.334,115.983,7.82,disengaged,2.547,disengaged,0.667,face_left_or_right+face_high_or_low,disengaged,0.668,face_left_or_right+face_high_or_low,"(98, 31, 164, 164)",0.0292,1,1,0.57,0,22,0
2026-06-17T23:54:59.499,62,3.923,113.552,0.172,0.036,0.061,0.334,118.644,7.88,disengaged,2.688,disengaged,0.668,face_left_or_right+face_high_or_low,disengaged,0.668,face_left_or_right+face_high_or_low,"(95, 29, 168, 168)",0.0306,1,1,0.576,0,23,0
2026-06-17T23:54:59.654,63,4.807,129.694,0.167,0.04,0.047,0.334,135.562,7.83,disengaged,2.844,disengaged,0.668,face_left_or_right+face_high_or_low,disengaged,0.668,face_left_or_right+face_high_or_low,"(98, 30, 165, 165)",0.0295,1,1,0.57,0,24,0
2026-06-17T23:54:59.807,64,3.812,129.103,0.122,0.029,0.044,0.334,133.916,7.79,disengaged,3.0,disengaged,0.67,face_left_or_right+face_high_or_low,disengaged,0.668,face_left_or_right+face_high_or_low,"(97, 27, 166, 166)",0.0299,2,1,0.57,0,25,0
2026-06-17T23:54:59.963,65,5.737,125.298,0.123,0.031,0.044,0.262,132.294,7.77,disengaged,3.157,disengaged,0.669,face_left_or_right+face_high_or_low,disengaged,0.669,face_left_or_right+face_high_or_low,"(94, 28, 169, 169)",0.031,1,1,0.572,0,26,0
2026-06-17T23:55:00.116,66,4.126,125.869,0.141,0.046,0.056,0.262,131.015,7.75,disengaged,3.313,disengaged,0.668,face_left_or_right+face_high_or_low,disengaged,0.668,face_left_or_right+face_high_or_low,"(98, 33, 159, 159)",0.0274,2,1,0.556,0,27,0
2026-06-17T23:55:00.260,67,4.631,118.257,0.166,0.033,0.05,0.262,123.95,7.79,disengaged,3.453,disengaged,0.668,face_left_or_right+face_high_or_low,disengaged,0.668,face_left_or_right+face_high_or_low,"(95, 30, 167, 167)",0.0303,1,1,0.569,0,28,0
2026-06-17T23:55:00.393,68,5.572,108.401,0.179,0.036,0.045,0.262,115.178,7.87,disengaged,3.578,disengaged,0.669,face_left_or_right+face_high_or_low,disengaged,0.669,face_left_or_right+face_high_or_low,"(95, 30, 166, 166)",0.0299,1,1,0.577,0,29,0
2026-06-17T23:55:00.535,69,3.396,121.562,0.186,0.056,0.053,0.262,126.22,7.88,disengaged,3.735,disengaged,0.668,face_left_or_right+face_high_or_low,disengaged,0.669,face_left_or_right+face_high_or_low,"(99, 32, 161, 161)",0.0281,1,1,0.562,0,30,0
2026-06-17T23:55:00.687,70,4.469,127.611,0.189,0.045,0.068,0.262,133.102,7.84,disengaged,3.875,disengaged,0.667,face_left_or_right+face_high_or_low,disengaged,0.668,face_left_or_right+face_high_or_low,"(93, 27, 174, 174)",0.0329,1,1,0.575,0,31,0
2026-06-17T23:55:00.835,71,5.57,123.997,0.195,0.056,0.057,0.262,130.534,7.82,disengaged,4.032,disengaged,0.668,face_left_or_right+face_high_or_low,disengaged,0.668,face_left_or_right+face_high_or_low,"(96, 27, 171, 171)",0.0317,1,1,0.578,0,32,0
2026-06-17T23:55:00.978,72,4.762,109.963,0.182,0.06,0.083,0.398,115.713,7.91,disengaged,4.157,disengaged,0.671,face_left_or_right+face_high_or_low,disengaged,0.668,face_left_or_right+face_high_or_low,"(95, 26, 169, 169)",0.031,1,1,0.573,0,33,0
2026-06-17T23:55:01.140,73,5.99,132.561,0.116,0.037,0.044,0.247,139.524,7.83,seeking_attention,0.0,disengaged,0.67,face_left_or_right+face_high_or_low,disengaged,0.669,face_left_or_right+face_high_or_low,"(92, 26, 173, 173)",0.0325,1,1,0.58,0,34,0
2026-06-17T23:55:01.292,74,3.35,127.299,0.126,0.03,0.049,0.247,132.034,7.81,seeking_attention,0.157,disengaged,0.668,face_left_or_right+face_high_or_low,disengaged,0.669,face_left_or_right+face_high_or_low,"(94, 28, 171, 171)",0.0317,1,1,0.582,0,35,0
2026-06-17T23:55:01.428,75,3.535,114.097,0.194,0.033,0.05,0.247,118.66,7.87,seeking_attention,0.297,disengaged,0.667,face_left_or_right+face_high_or_low,disengaged,0.668,face_left_or_right+face_high_or_low,"(92, 24, 179, 179)",0.0348,1,1,0.587,0,36,0
2026-06-17T23:55:01.560,76,4.405,108.168,0.154,0.028,0.042,0.247,113.564,7.96,seeking_attention,0.422,disengaged,0.669,face_left_or_right+face_high_or_low,disengaged,0.669,face_left_or_right+face_high_or_low,"(97, 26, 169, 169)",0.031,1,1,0.566,0,37,0
2026-06-17T23:55:01.723,77,6.718,137.883,0.161,0.03,0.046,0.247,145.76,7.85,seeking_attention,0.594,disengaged,0.669,face_left_or_right+face_high_or_low,disengaged,0.669,face_left_or_right+face_high_or_low,"(92, 24, 176, 176)",0.0336,1,1,0.583,0,38,0
2026-06-17T23:55:01.866,78,3.17,121.282,0.237,0.057,0.18,0.247,125.554,7.86,seeking_attention,0.735,disengaged,0.671,face_left_or_right+face_high_or_low,disengaged,0.669,face_left_or_right+face_high_or_low,"(93, 23, 176, 176)",0.0336,1,1,0.592,0,39,0
2026-06-17T23:55:02.015,79,3.481,123.107,0.196,0.043,0.198,0.247,127.891,7.86,seeking_attention,0.875,disengaged,0.67,face_left_or_right+face_high_or_low,disengaged,0.669,face_left_or_right+face_high_or_low,"(94, 25, 173, 173)",0.0325,2,1,0.587,0,40,0
2026-06-17T23:55:02.171,80,3.373,126.128,0.111,0.024,0.041,0.289,130.649,7.84,seeking_attention,1.032,disengaged,0.668,face_left_or_right+face_high_or_low,disengaged,0.669,face_left_or_right+face_high_or_low,"(96, 26, 172, 172)",0.0321,1,1,0.584,0,41,0
2026-06-17T23:55:02.308,81,3.851,112.357,0.356,0.044,0.067,0.289,118.058,7.9,seeking_attention,1.172,disengaged,0.671,face_left_or_right+face_high_or_low,disengaged,0.669,face_left_or_right+face_high_or_low,"(93, 26, 169, 169)",0.031,1,1,0.565,0,42,0
2026-06-17T23:55:02.445,82,3.053,114.908,0.128,0.031,0.049,0.289,118.981,7.95,seeking_attention,1.313,disengaged,0.671,face_left_or_right+face_high_or_low,disengaged,0.67,face_left_or_right+face_high_or_low,"(91, 21, 178, 178)",0.0344,1,1,0.582,0,43,0
2026-06-17T23:55:02.587,83,4.314,117.893,0.119,0.027,0.043,0.289,123.124,7.97,seeking_attention,1.454,disengaged,0.669,face_left_or_right+face_high_or_low,disengaged,0.67,face_left_or_right+face_high_or_low,"(94, 28, 167, 167)",0.0303,1,1,0.561,0,44,0
2026-06-17T23:55:02.717,84,3.657,107.616,0.174,0.072,0.048,0.289,112.405,8.06,seeking_attention,1.579,disengaged,0.668,face_left_or_right+face_high_or_low,disengaged,0.67,face_left_or_right+face_high_or_low,"(92, 28, 172, 172)",0.0321,1,1,0.576,0,45,0
2026-06-17T23:55:02.859,85,3.516,116.408,0.128,0.03,0.046,0.289,121.13,8.08,seeking_attention,1.719,disengaged,0.67,face_left_or_right+face_high_or_low,disengaged,0.67,face_left_or_right+face_high_or_low,"(90, 26, 176, 176)",0.0336,1,1,0.593,0,46,0
2026-06-17T23:55:03.009,86,5.02,119.325,0.208,0.057,0.064,0.289,125.619,8.07,seeking_attention,1.875,disengaged,0.668,face_left_or_right+face_high_or_low,disengaged,0.669,face_left_or_right+face_high_or_low,"(96, 31, 164, 164)",0.0292,1,1,0.562,0,47,0
2026-06-17T23:55:03.179,87,5.461,139.963,0.165,0.036,0.046,0.16,146.422,7.95,seeking_attention,2.032,disengaged,0.668,face_left_or_right+face_high_or_low,disengaged,0.669,face_left_or_right+face_high_or_low,"(97, 29, 167, 167)",0.0303,1,1,0.57,0,48,0
2026-06-17T23:55:03.338,88,5.202,136.199,0.121,0.028,0.06,0.16,142.34,7.85,seeking_attention,2.204,disengaged,0.667,face_left_or_right+face_high_or_low,disengaged,0.669,face_left_or_right+face_high_or_low,"(94, 29, 171, 171)",0.0317,2,1,0.577,0,49,0
2026-06-17T23:55:03.475,89,3.436,114.443,0.247,0.044,0.068,0.16,118.991,7.91,seeking_attention,2.344,disengaged,0.667,face_left_or_right+face_high_or_low,disengaged,0.668,face_left_or_right+face_high_or_low,"(98, 30, 164, 164)",0.0292,1,1,0.561,0,50,0
2026-06-17T23:55:03.609,90,3.81,111.076,0.239,0.108,0.08,0.16,116.013,7.98,seeking_attention,2.469,disengaged,0.666,face_left_or_right+face_high_or_low,disengaged,0.668,face_left_or_right+face_high_or_low,"(95, 30, 169, 169)",0.031,1,1,0.571,0,51,0
2026-06-17T23:55:03.766,91,3.361,134.462,0.16,0.036,0.06,0.16,139.221,7.9,seeking_attention,2.625,disengaged,0.668,face_left_or_right+face_high_or_low,disengaged,0.668,face_left_or_right+face_high_or_low,"(96, 27, 171, 171)",0.0317,1,1,0.576,0,52,0
2026-06-17T23:55:03.911,92,3.296,119.491,0.123,0.029,0.045,0.16,123.883,7.92,seeking_attention,2.782,disengaged,0.667,face_left_or_right+face_high_or_low,disengaged,0.667,face_left_or_right+face_high_or_low,"(100, 32, 161, 161)",0.0281,1,1,0.559,0,53,0
2026-06-17T23:55:04.065,93,5.764,129.771,0.174,0.044,0.062,0.16,136.436,7.86,seeking_attention,2.922,disengaged,0.669,face_left_or_right+face_high_or_low,disengaged,0.667,face_left_or_right+face_high_or_low,"(100, 31, 160, 160)",0.0278,1,1,0.564,0,54,0
2026-06-17T23:55:04.220,94,3.922,126.024,0.211,0.037,0.05,0.359,130.983,7.84,seeking_attention,3.079,disengaged,0.666,face_left_or_right+face_high_or_low,disengaged,0.667,face_left_or_right+face_high_or_low,"(97, 30, 167, 167)",0.0303,1,1,0.565,0,55,0
2026-06-17T23:55:04.377,95,3.228,133.779,0.193,0.052,0.25,0.359,138.187,7.78,seeking_attention,3.235,disengaged,0.668,face_left_or_right+face_high_or_low,disengaged,0.667,face_left_or_right+face_high_or_low,"(100, 31, 161, 161)",0.0281,1,1,0.56,0,56,0
2026-06-17T23:55:04.525,96,4.473,123.714,0.117,0.038,0.042,0.359,129.129,7.77,seeking_attention,3.391,disengaged,0.667,face_left_or_right+face_high_or_low,disengaged,0.667,face_left_or_right+face_high_or_low,"(102, 33, 158, 158)",0.0271,1,1,0.563,0,57,0
2026-06-17T23:55:04.665,97,3.098,119.626,0.187,0.053,0.073,0.359,123.761,7.8,seeking_attention,3.532,disengaged,0.669,face_left_or_right+face_high_or_low,disengaged,0.668,face_left_or_right+face_high_or_low,"(99, 31, 161, 161)",0.0281,1,1,0.564,0,58,0
2026-06-17T23:55:04.822,98,3.251,134.698,0.116,0.028,0.042,0.359,139.296,7.74,seeking_attention,3.688,disengaged,0.67,face_left_or_right+face_high_or_low,disengaged,0.668,face_left_or_right+face_high_or_low,"(95, 28, 167, 167)",0.0303,1,1,0.573,0,59,0
2026-06-17T23:55:04.979,99,3.403,130.963,0.16,0.045,0.07,0.359,135.428,7.71,seeking_attention,3.844,disengaged,0.669,face_left_or_right+face_high_or_low,disengaged,0.668,face_left_or_right+face_high_or_low,"(97, 31, 162, 162)",0.0285,1,1,0.567,0,60,0
2026-06-17T23:55:05.143,100,3.577,138.076,0.169,0.041,0.063,0.359,142.659,7.64,seeking_attention,4.0,disengaged,0.667,face_left_or_right+face_high_or_low,disengaged,0.668,face_left_or_right+face_high_or_low,"(97, 32, 164, 164)",0.0292,2,1,0.567,0,61,0
2026-06-17T23:55:05.303,101,3.875,126.687,0.121,0.027,0.042,0.185,131.75,7.63,seeking_attention,4.157,disengaged,0.667,face_left_or_right+face_high_or_low,disengaged,0.668,face_left_or_right+face_high_or_low,"(93, 30, 169, 169)",0.031,1,1,0.575,0,62,0
2026-06-17T23:55:05.473,102,5.831,144.579,0.127,0.029,0.049,0.185,151.416,7.53,seeking_attention,4.344,disengaged,0.67,face_left_or_right+face_high_or_low,disengaged,0.668,face_left_or_right+face_high_or_low,"(92, 27, 172, 172)",0.0321,2,1,0.582,0,63,0
2026-06-17T23:55:05.616,103,3.297,119.045,0.171,0.042,0.062,0.185,123.378,7.59,seeking_attention,4.485,disengaged,0.669,face_left_or_right+face_high_or_low,disengaged,0.669,face_left_or_right+face_high_or_low,"(94, 28, 170, 170)",0.0314,1,1,0.582,0,64,0
2026-06-17T23:55:05.759,104,4.279,120.132,0.163,0.043,0.06,0.185,125.703,7.62,seeking_attention,4.625,disengaged,0.667,face_left_or_right+face_high_or_low,disengaged,0.668,face_left_or_right+face_high_or_low,"(94, 28, 172, 172)",0.0321,1,1,0.583,0,65,0
2026-06-17T23:55:05.927,105,5.395,142.156,0.15,0.034,0.054,0.185,148.472,7.53,seeking_attention,4.797,disengaged,0.668,face_left_or_right+face_high_or_low,disengaged,0.668,face_left_or_right+face_high_or_low,"(96, 28, 169, 169)",0.031,2,1,0.577,0,66,0
2026-06-17T23:55:06.109,106,6.26,156.073,0.276,0.074,0.074,0.185,164.304,7.39,seeking_attention,4.969,disengaged,0.667,face_left_or_right+face_high_or_low,disengaged,0.668,face_left_or_right+face_high_or_low,"(95, 28, 171, 171)",0.0317,1,1,0.583,0,67,0
2026-06-17T23:55:06.270,107,3.779,134.485,0.126,0.027,0.041,0.185,139.173,7.37,seeking_attention,5.141,disengaged,0.668,face_left_or_right+face_high_or_low,disengaged,0.668,face_left_or_right+face_high_or_low,"(94, 29, 170, 170)",0.0314,1,1,0.58,0,68,0
2026-06-17T23:55:06.444,108,4.694,142.917,0.13,0.031,0.046,0.322,148.844,7.3,seeking_attention,5.297,disengaged,0.668,face_left_or_right+face_high_or_low,disengaged,0.668,face_left_or_right+face_high_or_low,"(96, 31, 164, 164)",0.0292,2,1,0.567,0,69,0
2026-06-17T23:55:06.601,109,6.119,131.013,0.104,0.028,0.071,0.322,138.635,7.29,seeking_attention,5.469,disengaged,0.668,face_left_or_right+face_high_or_low,disengaged,0.668,face_left_or_right+face_high_or_low,"(95, 31, 166, 166)",0.0299,1,1,0.575,0,70,0
2026-06-17T23:55:06.743,110,3.506,118.12,0.316,0.049,0.081,0.322,122.86,7.38,seeking_attention,5.61,disengaged,0.669,face_left_or_right+face_high_or_low,disengaged,0.668,face_left_or_right+face_high_or_low,"(94, 30, 168, 168)",0.0306,2,1,0.582,0,71,0
2026-06-17T23:55:06.879,111,3.927,110.505,0.15,0.039,0.057,0.322,115.474,7.51,seeking_attention,5.735,disengaged,0.668,face_left_or_right+face_high_or_low,disengaged,0.668,face_left_or_right+face_high_or_low,"(96, 32, 163, 163)",0.0288,2,2,0.569,0,72,0
2026-06-17T23:55:07.031,112,4.77,122.837,0.166,0.041,0.068,0.322,128.915,7.53,seeking_attention,5.891,disengaged,0.668,face_left_or_right+face_high_or_low,disengaged,0.668,face_left_or_right+face_high_or_low,"(95, 31, 165, 165)",0.0295,1,1,0.577,0,73,0
2026-06-17T23:55:07.191,113,4.04,132.161,0.185,0.032,0.05,0.322,137.301,7.51,seeking_attention,6.047,disengaged,0.67,face_left_or_right+face_high_or_low,disengaged,0.668,face_left_or_right+face_high_or_low,"(94, 28, 169, 169)",0.031,1,1,0.576,0,74,0
2026-06-17T23:55:07.356,114,4.959,141.475,0.23,0.046,0.058,0.322,147.491,7.43,seeking_attention,6.219,disengaged,0.668,face_left_or_right+face_high_or_low,disengaged,0.669,face_left_or_right+face_high_or_low,"(94, 30, 168, 168)",0.0306,1,1,0.577,0,75,0
2026-06-17T23:55:07.512,115,3.496,125.125,0.116,0.029,0.043,0.385,129.33,7.46,seeking_attention,6.375,disengaged,0.669,face_left_or_right+face_high_or_low,disengaged,0.669,face_left_or_right+face_high_or_low,"(93, 28, 171, 171)",0.0317,1,1,0.583,0,76,0
2026-06-17T23:55:07.678,116,3.539,138.086,0.167,0.041,0.057,0.385,142.763,7.42,seeking_attention,6.547,disengaged,0.669,face_left_or_right+face_high_or_low,disengaged,0.669,face_left_or_right+face_high_or_low,"(91, 27, 175, 175)",0.0332,1,1,0.588,0,77,0
2026-06-17T23:55:07.817,117,3.243,114.844,0.183,0.045,0.062,0.385,120.017,7.51,seeking_attention,6.688,disengaged,0.67,face_left_or_right+face_high_or_low,disengaged,0.669,face_left_or_right+face_high_or_low,"(91, 26, 174, 174)",0.0329,1,1,0.587,0,78,0
2026-06-17T23:55:07.961,118,3.539,114.666,0.168,0.029,0.045,0.385,119.098,7.6,seeking_attention,6.829,disengaged,0.669,face_left_or_right+face_high_or_low,disengaged,0.669,face_left_or_right+face_high_or_low,"(92, 26, 174, 174)",0.0329,1,1,0.59,0,79,0
2026-06-17T23:55:08.123,119,4.122,136.552,0.171,0.027,0.045,0.385,141.506,7.55,seeking_attention,6.985,disengaged,0.669,face_left_or_right+face_high_or_low,disengaged,0.669,face_left_or_right+face_high_or_low,"(92, 29, 169, 169)",0.031,1,1,0.572,0,80,0
2026-06-17T23:55:08.268,120,5.376,116.45,0.126,0.134,0.055,0.385,122.888,7.6,seeking_attention,7.125,disengaged,0.67,face_left_or_right+face_high_or_low,disengaged,0.669,face_left_or_right+face_high_or_low,"(92, 26, 173, 173)",0.0325,1,1,0.58,0,81,0
2026-06-17T23:55:08.423,121,3.639,128.864,0.165,0.045,0.064,0.385,133.595,7.59,seeking_attention,7.282,disengaged,0.669,face_left_or_right+face_high_or_low,disengaged,0.669,face_left_or_right+face_high_or_low,"(95, 28, 168, 168)",0.0306,1,1,0.577,0,82,0
2026-06-17T23:55:08.587,122,4.566,123.371,0.167,0.03,0.051,0.315,128.811,7.61,seeking_attention,7.438,disengaged,0.67,face_left_or_right+face_high_or_low,disengaged,0.669,face_left_or_right+face_high_or_low,"(94, 27, 170, 170)",0.0314,1,1,0.585,0,83,0
2026-06-17T23:55:08.747,123,3.657,133.471,0.271,0.045,0.063,0.315,138.306,7.57,seeking_attention,7.61,disengaged,0.669,face_left_or_right+face_high_or_low,disengaged,0.669,face_left_or_right+face_high_or_low,"(92, 27, 173, 173)",0.0325,1,1,0.583,0,84,0
2026-06-17T23:55:08.888,124,4.748,115.013,0.167,0.038,0.068,0.315,120.707,7.64,seeking_attention,7.75,disengaged,0.671,face_left_or_right+face_high_or_low,disengaged,0.67,face_left_or_right+face_high_or_low,"(89, 24, 176, 176)",0.0336,2,1,0.587,0,85,0
2026-06-17T23:55:09.068,125,5.458,153.889,0.184,0.043,0.057,0.315,160.548,7.5,seeking_attention,7.938,disengaged,0.67,face_left_or_right+face_high_or_low,disengaged,0.67,face_left_or_right+face_high_or_low,"(91, 27, 172, 172)",0.0321,1,1,0.583,0,86,0
2026-06-17T23:55:09.217,126,3.586,124.051,0.179,0.081,0.072,0.315,128.787,7.53,seeking_attention,8.079,disengaged,0.671,face_left_or_right+face_high_or_low,disengaged,0.67,face_left_or_right+face_high_or_low,"(91, 26, 173, 173)",0.0325,1,1,0.589,0,87,0
2026-06-17T23:55:09.369,127,3.505,124.205,0.122,0.027,0.044,0.315,128.371,7.55,seeking_attention,8.235,disengaged,0.669,face_left_or_right+face_high_or_low,disengaged,0.67,face_left_or_right+face_high_or_low,"(92, 26, 174, 174)",0.0329,1,1,0.587,0,88,0
2026-06-17T23:55:09.537,128,3.425,143.533,0.188,0.038,0.058,0.315,148.0,7.47,seeking_attention,8.407,disengaged,0.67,face_left_or_right+face_high_or_low,disengaged,0.67,face_left_or_right+face_high_or_low,"(91, 27, 172, 172)",0.0321,1,1,0.581,0,89,0
2026-06-17T23:55:09.704,129,4.682,137.023,0.302,0.064,0.064,0.354,142.851,7.43,seeking_attention,8.563,disengaged,0.669,face_left_or_right+face_high_or_low,disengaged,0.67,face_left_or_right+face_high_or_low,"(87, 24, 181, 181)",0.0355,1,1,0.591,0,90,0
2026-06-17T23:55:09.868,130,4.521,137.189,0.174,0.044,0.063,0.354,142.901,7.38,seeking_attention,8.735,disengaged,0.67,face_left_or_right+face_high_or_low,disengaged,0.67,face_left_or_right+face_high_or_low,"(87, 23, 183, 183)",0.0363,2,1,0.604,0,91,0
2026-06-17T23:55:10.013,131,4.919,116.566,0.169,0.042,0.06,0.354,122.498,7.46,seeking_attention,8.875,disengaged,0.669,face_left_or_right+face_high_or_low,disengaged,0.67,face_left_or_right+face_high_or_low,"(87, 25, 180, 180)",0.0352,1,1,0.596,0,92,0
2026-06-17T23:55:10.156,132,3.857,115.435,0.211,0.056,0.101,0.354,120.604,7.54,seeking_attention,9.016,disengaged,0.67,face_left_or_right+face_high_or_low,disengaged,0.67,face_left_or_right+face_high_or_low,"(88, 26, 176, 176)",0.0336,1,1,0.589,0,93,0
2026-06-17T23:55:10.337,133,3.568,154.619,0.115,0.031,0.044,0.354,159.892,7.42,seeking_attention,9.204,disengaged,0.668,face_left_or_right+face_high_or_low,disengaged,0.669,face_left_or_right+face_high_or_low,"(87, 25, 181, 181)",0.0355,1,1,0.593,0,94,0
2026-06-17T23:55:10.505,134,3.471,144.84,0.228,0.053,0.087,0.354,149.297,7.34,seeking_attention,9.375,disengaged,0.67,face_left_or_right+face_high_or_low,disengaged,0.669,face_left_or_right+face_high_or_low,"(85, 23, 184, 184)",0.0367,2,1,0.606,0,95,0
2026-06-17T23:55:10.700,135,5.683,159.833,0.12,0.029,0.044,0.276,166.409,7.21,seeking_attention,9.563,disengaged,0.668,face_left_or_right+face_high_or_low,disengaged,0.669,face_left_or_right+face_high_or_low,"(89, 23, 183, 183)",0.0363,1,1,0.596,0,96,0
2026-06-17T23:55:10.999,136,14.41,243.02,0.178,0.042,0.055,0.276,258.599,6.88,seeking_attention,9.86,disengaged,0.67,face_left_or_right+face_high_or_low,disengaged,0.669,face_left_or_right+face_high_or_low,"(89, 24, 179, 179)",0.0348,1,1,0.591,0,97,0
2026-06-17T23:55:11.155,137,5.312,128.924,0.155,0.039,0.057,0.276,135.41,6.93,seeking_attention,10.016,disengaged,0.667,face_left_or_right+face_high_or_low,disengaged,0.669,face_left_or_right+face_high_or_low,"(95, 28, 170, 170)",0.0314,1,1,0.573,0,98,0
2026-06-17T23:55:11.317,138,6.175,132.913,0.257,0.047,0.075,0.276,140.146,6.95,seeking_attention,10.188,disengaged,0.668,face_left_or_right+face_high_or_low,disengaged,0.669,face_left_or_right+face_high_or_low,"(91, 28, 173, 173)",0.0325,1,1,0.578,0,99,0
2026-06-17T23:55:11.489,139,4.809,143.679,0.104,0.02,0.03,0.276,149.293,6.92,seeking_attention,10.36,disengaged,0.669,face_left_or_right+face_high_or_low,disengaged,0.668,face_left_or_right+face_high_or_low,"(93, 28, 171, 171)",0.0317,1,1,0.582,0,100,0
2026-06-17T23:55:11.652,140,5.893,139.222,0.116,0.031,0.147,0.276,146.192,6.91,seeking_attention,10.516,disengaged,0.67,face_left_or_right+face_high_or_low,disengaged,0.669,face_left_or_right+face_high_or_low,"(94, 28, 167, 167)",0.0303,1,1,0.57,0,101,0
2026-06-17T23:55:11.862,141,4.769,182.349,0.174,0.047,0.064,0.258,188.247,6.75,seeking_attention,10.719,disengaged,0.671,face_left_or_right+face_high_or_low,disengaged,0.669,face_left_or_right+face_high_or_low,"(94, 29, 165, 165)",0.0295,1,1,0.574,0,102,0
2026-06-17T23:55:12.057,142,4.808,166.279,0.117,0.029,0.041,0.258,172.189,6.66,seeking_attention,10.922,disengaged,0.67,face_left_or_right+face_high_or_low,disengaged,0.669,face_left_or_right+face_high_or_low,"(95, 29, 166, 166)",0.0299,1,1,0.574,0,103,0
2026-06-17T23:55:12.220,143,3.735,141.938,0.139,0.052,0.056,0.258,146.684,6.68,seeking_attention,11.079,disengaged,0.67,face_left_or_right+face_high_or_low,disengaged,0.669,face_left_or_right+face_high_or_low,"(96, 30, 165, 165)",0.0295,1,1,0.576,0,104,0
2026-06-17T23:55:12.390,144,3.452,143.454,0.354,0.046,0.078,0.258,148.087,6.68,seeking_attention,11.25,disengaged,0.67,face_left_or_right+face_high_or_low,disengaged,0.67,face_left_or_right+face_high_or_low,"(91, 27, 172, 172)",0.0321,1,1,0.578,0,105,0
2026-06-17T23:55:12.585,145,5.098,170.954,0.173,0.032,0.051,0.258,177.685,6.58,seeking_attention,11.454,disengaged,0.668,face_left_or_right+face_high_or_low,disengaged,0.67,face_left_or_right+face_high_or_low,"(95, 29, 168, 168)",0.0306,1,1,0.573,0,106,0
2026-06-17T23:55:12.730,146,6.017,118.252,0.164,0.03,0.045,0.258,125.75,6.72,seeking_attention,11.594,disengaged,0.666,face_left_or_right+face_high_or_low,disengaged,0.669,face_left_or_right+face_high_or_low,"(94, 30, 170, 170)",0.0314,1,1,0.578,0,107,0
2026-06-17T23:55:12.875,147,4.931,114.4,0.111,0.027,0.043,0.283,120.309,6.87,seeking_attention,11.735,disengaged,0.668,face_left_or_right+face_high_or_low,disengaged,0.669,face_left_or_right+face_high_or_low,"(92, 28, 173, 173)",0.0325,1,1,0.587,0,108,0
2026-06-17T23:55:13.014,148,6.472,112.636,0.135,0.041,0.051,0.283,120.305,7.02,seeking_attention,11.875,disengaged,0.668,face_left_or_right+face_high_or_low,disengaged,0.669,face_left_or_right+face_high_or_low,"(93, 29, 171, 171)",0.0317,1,1,0.587,0,109,0
2026-06-17T23:55:13.154,149,4.497,113.738,0.252,0.071,0.065,0.283,119.368,7.15,seeking_attention,12.016,disengaged,0.67,face_left_or_right+face_high_or_low,disengaged,0.669,face_left_or_right+face_high_or_low,"(91, 28, 172, 172)",0.0321,1,1,0.584,0,110,0
2026-06-17T23:55:13.285,150,3.261,107.702,0.154,0.04,0.059,0.283,112.046,7.33,seeking_attention,12.141,disengaged,0.667,face_left_or_right+face_high_or_low,disengaged,0.668,face_left_or_right+face_high_or_low,"(95, 29, 169, 169)",0.031,1,1,0.573,0,111,0
2026-06-17T23:55:13.425,151,4.85,115.026,0.274,0.044,0.063,0.283,120.97,7.43,seeking_attention,12.282,disengaged,0.67,face_left_or_right+face_high_or_low,disengaged,0.668,face_left_or_right+face_high_or_low,"(94, 28, 169, 169)",0.031,1,1,0.58,0,112,0
2026-06-17T23:55:13.589,152,6.396,136.011,0.11,0.025,0.042,0.283,143.91,7.38,seeking_attention,12.454,disengaged,0.669,face_left_or_right+face_high_or_low,disengaged,0.668,face_left_or_right+face_high_or_low,"(93, 27, 172, 172)",0.0321,1,1,0.585,0,113,0
2026-06-17T23:55:13.742,153,3.464,130.922,0.196,0.042,0.061,0.283,135.454,7.38,seeking_attention,12.61,disengaged,0.669,face_left_or_right+face_high_or_low,disengaged,0.669,face_left_or_right+face_high_or_low,"(95, 30, 166, 166)",0.0299,1,1,0.571,0,114,0
2026-06-17T23:55:13.897,154,3.571,128.142,0.171,0.029,0.045,0.315,132.712,7.39,seeking_attention,12.75,disengaged,0.669,face_left_or_right+face_high_or_low,disengaged,0.669,face_left_or_right+face_high_or_low,"(92, 29, 169, 169)",0.031,1,1,0.577,0,115,0
2026-06-17T23:55:14.065,155,4.86,140.002,0.156,0.042,0.059,0.315,145.965,7.34,seeking_attention,12.922,disengaged,0.669,face_left_or_right+face_high_or_low,disengaged,0.669,face_left_or_right+face_high_or_low,"(95, 32, 164, 164)",0.0292,1,1,0.57,0,116,0
2026-06-17T23:55:14.242,156,3.936,149.811,0.183,0.041,0.051,0.315,154.75,7.25,seeking_attention,13.11,disengaged,0.67,face_left_or_right+face_high_or_low,disengaged,0.669,face_left_or_right+face_high_or_low,"(94, 30, 165, 165)",0.0295,1,1,0.572,0,117,0
2026-06-17T23:55:14.395,157,5.218,126.715,0.24,0.043,0.083,0.315,132.86,7.28,seeking_attention,13.266,disengaged,0.671,face_left_or_right+face_high_or_low,disengaged,0.67,face_left_or_right+face_high_or_low,"(91, 26, 172, 172)",0.0321,1,1,0.581,0,118,0
2026-06-17T23:55:14.557,158,4.408,137.076,0.171,0.043,0.08,0.315,142.482,7.25,seeking_attention,13.422,disengaged,0.668,face_left_or_right+face_high_or_low,disengaged,0.669,face_left_or_right+face_high_or_low,"(90, 28, 174, 174)",0.0329,1,1,0.581,0,119,0
2026-06-17T23:55:14.747,159,5.66,158.158,0.26,0.067,0.094,0.315,164.808,7.13,seeking_attention,13.61,disengaged,0.67,face_left_or_right+face_high_or_low,disengaged,0.669,face_left_or_right+face_high_or_low,"(90, 28, 172, 172)",0.0321,1,1,0.583,0,120,0
2026-06-17T23:55:14.917,160,4.595,137.378,0.208,0.053,0.084,0.255,142.827,7.12,seeking_attention,13.766,disengaged,0.669,face_left_or_right+face_high_or_low,disengaged,0.669,face_left_or_right+face_high_or_low,"(93, 30, 168, 168)",0.0306,1,1,0.577,0,121,0
2026-06-17T23:55:15.074,161,3.536,134.153,0.312,0.045,0.066,0.255,138.847,7.13,seeking_attention,13.938,disengaged,0.67,face_left_or_right+face_high_or_low,disengaged,0.669,face_left_or_right+face_high_or_low,"(93, 30, 168, 168)",0.0306,1,1,0.584,0,122,0
2026-06-17T23:55:15.228,162,5.64,123.709,0.16,0.029,0.113,0.255,131.451,7.18,seeking_attention,14.094,disengaged,0.67,face_left_or_right+face_high_or_low,disengaged,0.67,face_left_or_right+face_high_or_low,"(92, 28, 170, 170)",0.0314,1,1,0.582,0,123,0
2026-06-17T23:55:15.373,163,5.249,120.554,0.204,0.049,0.066,0.255,126.858,7.25,seeking_attention,14.235,disengaged,0.67,face_left_or_right+face_high_or_low,disengaged,0.67,face_left_or_right+face_high_or_low,"(95, 30, 164, 164)",0.0292,1,1,0.568,0,124,0
2026-06-17T23:55:15.525,164,4.797,123.809,0.144,0.048,0.064,0.255,129.755,7.29,seeking_attention,14.391,disengaged,0.668,face_left_or_right+face_high_or_low,disengaged,0.669,face_left_or_right+face_high_or_low,"(95, 31, 165, 165)",0.0295,1,1,0.572,0,125,0
2026-06-17T23:55:15.687,165,4.827,135.438,0.215,0.036,0.056,0.255,141.273,7.27,seeking_attention,14.547,disengaged,0.669,face_left_or_right+face_high_or_low,disengaged,0.669,face_left_or_right+face_high_or_low,"(95, 32, 163, 163)",0.0288,1,1,0.57,0,126,0
2026-06-17T23:55:15.891,166,4.89,175.92,0.256,0.058,0.11,0.255,182.457,7.09,seeking_attention,14.75,disengaged,0.668,face_left_or_right+face_high_or_low,disengaged,0.669,face_left_or_right+face_high_or_low,"(94, 28, 170, 170)",0.0314,1,1,0.57,0,127,0
2026-06-17T23:55:16.080,167,3.777,159.911,0.235,0.051,0.063,0.248,164.737,6.99,seeking_attention,14.938,disengaged,0.669,face_left_or_right+face_high_or_low,disengaged,0.669,face_left_or_right+face_high_or_low,"(92, 31, 166, 166)",0.0299,1,1,0.562,0,128,0
2026-06-17T23:55:16.224,168,4.184,121.849,0.148,0.041,0.06,0.248,127.224,7.08,seeking_attention,15.094,disengaged,0.669,face_left_or_right+face_high_or_low,disengaged,0.669,face_left_or_right+face_high_or_low,"(93, 30, 167, 167)",0.0303,1,1,0.575,0,129,0
2026-06-17T23:55:16.354,169,3.304,105.03,0.118,0.028,0.047,0.248,109.715,7.28,seeking_attention,15.219,disengaged,0.669,face_left_or_right+face_high_or_low,disengaged,0.669,face_left_or_right+face_high_or_low,"(91, 29, 171, 171)",0.0317,1,1,0.581,0,130,0
2026-06-17T23:55:16.485,170,3.801,109.58,0.154,0.027,0.042,0.248,114.327,7.43,seeking_attention,15.344,disengaged,0.669,face_left_or_right+face_high_or_low,disengaged,0.669,face_left_or_right+face_high_or_low,"(93, 29, 169, 169)",0.031,1,1,0.578,0,131,0
2026-06-17T23:55:16.626,171,3.264,117.082,0.094,0.022,0.031,0.248,121.063,7.51,seeking_attention,15.485,disengaged,0.667,face_left_or_right+face_high_or_low,disengaged,0.668,face_left_or_right+face_high_or_low,"(93, 30, 170, 170)",0.0314,1,1,0.58,0,132,0
2026-06-17T23:55:16.780,172,6.066,128.54,0.128,0.032,0.052,0.248,135.325,7.5,seeking_attention,15.641,disengaged,0.668,face_left_or_right+face_high_or_low,disengaged,0.668,face_left_or_right+face_high_or_low,"(92, 29, 171, 171)",0.0317,1,1,0.585,0,133,0
2026-06-17T23:55:16.943,173,3.984,134.674,0.204,0.054,0.075,0.248,140.165,7.46,seeking_attention,15.813,disengaged,0.669,face_left_or_right+face_high_or_low,disengaged,0.669,face_left_or_right+face_high_or_low,"(90, 28, 173, 173)",0.0325,1,1,0.587,0,134,0
2026-06-17T23:55:17.107,174,5.112,130.841,0.168,0.045,0.07,0.333,136.905,7.45,seeking_attention,15.969,disengaged,0.669,face_left_or_right+face_high_or_low,disengaged,0.669,face_left_or_right+face_high_or_low,"(92, 28, 171, 171)",0.0317,1,1,0.582,0,135,0
2026-06-17T23:55:17.266,175,3.21,136.286,0.153,0.063,0.061,0.333,140.531,7.41,seeking_attention,16.125,disengaged,0.668,face_left_or_right+face_high_or_low,disengaged,0.668,face_left_or_right+face_high_or_low,"(95, 29, 168, 168)",0.0306,1,1,0.575,0,136,0
2026-06-17T23:55:17.417,176,3.453,125.657,0.163,0.05,0.052,0.333,130.099,7.44,seeking_attention,16.282,disengaged,0.669,face_left_or_right+face_high_or_low,disengaged,0.668,face_left_or_right+face_high_or_low,"(95, 29, 168, 168)",0.0306,1,1,0.584,0,137,0
2026-06-17T23:55:17.562,177,4.935,120.703,0.159,0.028,0.046,0.333,126.655,7.49,seeking_attention,16.422,disengaged,0.668,face_left_or_right+face_high_or_low,disengaged,0.668,face_left_or_right+face_high_or_low,"(95, 31, 165, 165)",0.0295,1,1,0.57,0,138,0
2026-06-17T23:55:17.693,178,5.871,104.025,0.282,0.235,0.109,0.333,111.399,7.64,seeking_attention,16.563,disengaged,0.668,face_left_or_right+face_high_or_low,disengaged,0.668,face_left_or_right+face_high_or_low,"(92, 30, 170, 170)",0.0314,1,1,0.576,0,139,0
2026-06-17T23:55:17.863,179,6.017,142.809,0.17,0.036,0.054,0.333,150.182,7.54,seeking_attention,16.735,disengaged,0.667,face_left_or_right+face_high_or_low,disengaged,0.668,face_left_or_right+face_high_or_low,"(95, 32, 165, 165)",0.0295,1,1,0.572,0,140,0
2026-06-17T23:55:18.023,180,6.429,133.709,0.158,0.029,0.045,0.333,141.488,7.49,seeking_attention,16.891,disengaged,0.668,face_left_or_right+face_high_or_low,disengaged,0.668,face_left_or_right+face_high_or_low,"(94, 29, 170, 170)",0.0314,1,1,0.576,0,141,0
2026-06-17T23:55:18.185,181,3.657,134.035,0.181,0.041,0.043,0.299,138.849,7.46,seeking_attention,17.047,disengaged,0.669,face_left_or_right+face_high_or_low,disengaged,0.668,face_left_or_right+face_high_or_low,"(91, 28, 172, 172)",0.0321,1,1,0.581,0,142,0
2026-06-17T23:55:18.339,182,3.634,128.599,0.11,0.034,0.044,0.299,133.402,7.47,seeking_attention,17.204,disengaged,0.669,face_left_or_right+face_high_or_low,disengaged,0.668,face_left_or_right+face_high_or_low,"(90, 28, 174, 174)",0.0329,1,1,0.588,0,143,0
2026-06-17T23:55:18.470,183,3.201,106.949,0.126,0.022,0.047,0.299,110.991,7.62,seeking_attention,17.329,disengaged,0.668,face_left_or_right+face_high_or_low,disengaged,0.668,face_left_or_right+face_high_or_low,"(92, 30, 170, 170)",0.0314,1,1,0.584,0,144,0
2026-06-17T23:55:18.597,184,5.084,102.792,0.318,0.046,0.177,0.299,109.111,7.77,seeking_attention,17.454,disengaged,0.669,face_left_or_right+face_high_or_low,disengaged,0.668,face_left_or_right+face_high_or_low,"(95, 31, 163, 163)",0.0288,1,1,0.56,0,145,0
2026-06-17T23:55:18.728,185,4.426,108.671,0.118,0.028,0.045,0.299,113.945,7.87,seeking_attention,17.594,disengaged,0.673,face_left_or_right+face_high_or_low,disengaged,0.669,face_left_or_right+face_high_or_low,"(91, 28, 166, 166)",0.0299,1,1,0.567,0,146,0
2026-06-17T23:55:18.883,186,6.045,128.757,0.234,0.031,0.054,0.299,135.899,7.82,seeking_attention,17.75,disengaged,0.669,face_left_or_right+face_high_or_low,disengaged,0.669,face_left_or_right+face_high_or_low,"(94, 32, 162, 162)",0.0285,1,1,0.562,0,147,0
2026-06-17T23:55:19.048,187,4.805,135.239,0.155,0.036,0.066,0.299,141.002,7.75,seeking_attention,17.907,disengaged,0.671,face_left_or_right+face_high_or_low,disengaged,0.67,face_left_or_right+face_high_or_low,"(93, 30, 165, 165)",0.0295,3,1,0.574,0,148,0
2026-06-17T23:55:19.204,188,3.231,125.435,0.213,0.047,0.069,0.225,129.885,7.74,seeking_attention,18.063,disengaged,0.671,face_left_or_right+face_high_or_low,disengaged,0.67,face_left_or_right+face_high_or_low,"(92, 28, 169, 169)",0.031,1,1,0.578,0,149,0
2026-06-17T23:55:19.352,189,3.567,124.234,0.181,0.058,0.056,0.225,129.093,7.74,seeking_attention,18.219,disengaged,0.67,face_left_or_right+face_high_or_low,disengaged,0.67,face_left_or_right+face_high_or_low,"(96, 29, 165, 165)",0.0295,1,1,0.567,0,150,0
2026-06-17T23:55:19.493,190,4.397,117.259,0.169,0.03,0.048,0.225,122.627,7.79,seeking_attention,18.36,disengaged,0.669,face_left_or_right+face_high_or_low,disengaged,0.67,face_left_or_right+face_high_or_low,"(100, 33, 157, 157)",0.0267,1,1,0.559,0,151,0
2026-06-17T23:55:19.627,191,2.954,112.842,0.188,0.031,0.049,0.225,116.92,7.86,seeking_attention,18.485,disengaged,0.667,face_left_or_right+face_high_or_low,disengaged,0.67,face_left_or_right+face_high_or_low,"(100, 37, 153, 153)",0.0254,1,1,0.546,0,152,0
2026-06-17T23:55:19.779,192,4.144,127.454,0.159,0.031,0.047,0.225,132.47,7.83,seeking_attention,18.641,disengaged,0.667,face_left_or_right+face_high_or_low,disengaged,0.669,face_left_or_right+face_high_or_low,"(94, 32, 165, 165)",0.0295,1,1,0.563,0,153,0
2026-06-17T23:55:19.926,193,3.57,120.04,0.16,0.029,0.056,0.225,124.657,7.85,seeking_attention,18.782,disengaged,0.668,face_left_or_right+face_high_or_low,disengaged,0.669,face_left_or_right+face_high_or_low,"(95, 35, 157, 157)",0.0267,1,1,0.547,0,154,0
2026-06-17T23:55:20.087,194,4.175,131.396,0.166,0.033,0.046,0.225,136.545,7.8,seeking_attention,18.954,disengaged,0.668,face_left_or_right+face_high_or_low,disengaged,0.669,face_left_or_right+face_high_or_low,"(94, 32, 164, 164)",0.0292,1,1,0.56,0,155,0
2026-06-17T23:55:20.240,195,3.618,121.711,0.157,0.107,0.141,0.21,126.521,7.81,seeking_attention,19.094,disengaged,0.671,face_left_or_right+face_high_or_low,disengaged,0.669,face_left_or_right+face_high_or_low,"(90, 27, 171, 171)",0.0317,1,1,0.576,0,156,0
2026-06-17T23:55:20.394,196,4.607,129.22,0.214,0.053,0.077,0.21,135.113,7.77,seeking_attention,19.25,disengaged,0.672,face_left_or_right+face_high_or_low,disengaged,0.669,face_left_or_right+face_high_or_low,"(92, 29, 167, 167)",0.0303,1,1,0.579,0,157,0
2026-06-17T23:55:20.543,197,3.238,119.029,0.163,0.04,0.057,0.21,123.306,7.8,seeking_attention,19.407,disengaged,0.67,face_left_or_right+face_high_or_low,disengaged,0.669,face_left_or_right+face_high_or_low,"(92, 29, 168, 168)",0.0306,1,1,0.58,0,158,0
2026-06-17T23:55:20.682,198,3.733,116.994,0.226,0.054,0.083,0.21,122.016,7.84,seeking_attention,19.547,disengaged,0.672,face_left_or_right+face_high_or_low,disengaged,0.67,face_left_or_right+face_high_or_low,"(92, 30, 165, 165)",0.0295,1,1,0.57,0,159,0
2026-06-17T23:55:20.830,199,4.241,120.747,0.118,0.028,0.044,0.21,126.077,7.85,seeking_attention,19.688,disengaged,0.67,face_left_or_right+face_high_or_low,disengaged,0.67,face_left_or_right+face_high_or_low,"(92, 29, 168, 168)",0.0306,1,1,0.575,0,160,0
2026-06-17T23:55:20.993,200,5.697,138.565,0.124,0.031,0.05,0.21,145.208,7.75,seeking_attention,19.86,disengaged,0.671,face_left_or_right+face_high_or_low,disengaged,0.67,face_left_or_right+face_high_or_low,"(93, 30, 165, 165)",0.0295,1,1,0.574,0,161,0
2026-06-17T23:55:21.150,201,5.012,131.122,0.175,0.042,0.061,0.21,137.108,7.71,seeking_attention,20.016,disengaged,0.668,face_left_or_right+face_high_or_low,disengaged,0.671,face_left_or_right+face_high_or_low,"(95, 32, 164, 164)",0.0292,2,2,0.569,0,162,0
2026-06-17T23:55:21.303,202,3.543,119.963,0.155,0.029,0.046,0.266,124.534,7.74,seeking_attention,20.157,disengaged,0.669,face_left_or_right+face_high_or_low,disengaged,0.67,face_left_or_right+face_high_or_low,"(95, 34, 160, 160)",0.0278,1,1,0.56,0,163,0
2026-06-17T23:55:21.466,203,8.083,129.944,0.138,0.034,0.06,0.266,139.208,7.68,seeking_attention,20.329,disengaged,0.667,face_left_or_right+face_high_or_low,disengaged,0.67,face_left_or_right+face_high_or_low,"(92, 29, 171, 171)",0.0317,1,1,0.568,0,164,0
2026-06-17T23:55:21.620,204,3.406,127.852,0.167,0.043,0.061,0.266,132.275,7.67,seeking_attention,20.485,disengaged,0.667,face_left_or_right+face_high_or_low,disengaged,0.669,face_left_or_right+face_high_or_low,"(96, 37, 154, 154)",0.0257,1,1,0.528,0,165,0
2026-06-17T23:55:21.764,205,4.891,117.003,0.116,0.035,0.052,0.266,122.952,7.72,seeking_attention,20.625,disengaged,0.669,face_left_or_right+face_high_or_low,disengaged,0.669,face_left_or_right+face_high_or_low,"(96, 34, 158, 158)",0.0271,1,1,0.555,0,166,0
2026-06-17T23:55:21.962,206,5.436,169.963,0.289,0.084,0.092,0.266,176.322,7.51,seeking_attention,20.829,disengaged,0.67,face_left_or_right+face_high_or_low,disengaged,0.669,face_left_or_right+face_high_or_low,"(95, 33, 160, 160)",0.0278,1,1,0.57,0,167,0
2026-06-17T23:55:22.155,207,4.993,163.545,0.16,0.028,0.047,0.266,169.517,7.35,seeking_attention,21.016,disengaged,0.668,face_left_or_right+face_high_or_low,disengaged,0.668,face_left_or_right+face_high_or_low,"(94, 31, 165, 165)",0.0295,1,1,0.568,0,168,0
2026-06-17T23:55:22.315,208,3.697,126.959,0.147,0.031,0.052,0.292,131.992,7.37,seeking_attention,21.172,disengaged,0.67,face_left_or_right+face_high_or_low,disengaged,0.669,face_left_or_right+face_high_or_low,"(93, 31, 165, 165)",0.0295,1,1,0.575,0,169,0
2026-06-17T23:55:22.490,209,5.33,146.834,0.301,0.08,0.088,0.292,153.489,7.29,seeking_attention,21.36,disengaged,0.668,face_left_or_right+face_high_or_low,disengaged,0.669,face_left_or_right+face_high_or_low,"(91, 29, 171, 171)",0.0317,1,1,0.578,0,170,0
2026-06-17T23:55:22.637,210,4.911,120.851,0.162,0.043,0.071,0.292,127.27,7.35,seeking_attention,21.5,disengaged,0.668,face_left_or_right+face_high_or_low,disengaged,0.669,face_left_or_right+face_high_or_low,"(90, 29, 173, 173)",0.0325,2,1,0.587,0,171,0
2026-06-17T23:55:22.781,211,6.122,113.602,0.123,0.059,0.057,0.292,120.965,7.44,seeking_attention,21.641,disengaged,0.669,face_left_or_right+face_high_or_low,disengaged,0.669,face_left_or_right+face_high_or_low,"(92, 32, 164, 164)",0.0292,1,1,0.558,0,172,0
2026-06-17T23:55:22.945,212,3.968,138.022,0.186,0.035,0.058,0.292,143.129,7.39,seeking_attention,21.813,disengaged,0.669,face_left_or_right+face_high_or_low,disengaged,0.669,face_left_or_right+face_high_or_low,"(92, 30, 168, 168)",0.0306,1,1,0.572,0,173,0
2026-06-17T23:55:23.100,213,3.755,125.471,0.143,0.04,0.051,0.292,130.462,7.42,seeking_attention,21.969,disengaged,0.669,face_left_or_right+face_high_or_low,disengaged,0.669,face_left_or_right+face_high_or_low,"(95, 33, 161, 161)",0.0281,1,1,0.564,0,174,0
2026-06-17T23:55:23.251,214,4.833,123.507,0.112,0.029,0.045,0.292,129.231,7.45,seeking_attention,22.11,disengaged,0.667,face_left_or_right+face_high_or_low,disengaged,0.669,face_left_or_right+face_high_or_low,"(96, 36, 159, 159)",0.0274,1,1,0.56,0,175,0
2026-06-17T23:55:23.425,215,3.838,138.271,0.26,0.158,0.122,0.222,143.152,7.4,seeking_attention,22.282,disengaged,0.667,face_left_or_right+face_high_or_low,disengaged,0.668,face_left_or_right+face_high_or_low,"(92, 31, 169, 169)",0.031,1,1,0.572,0,176,0
2026-06-17T23:55:23.584,216,5.293,135.066,0.159,0.042,0.06,0.222,141.572,7.37,seeking_attention,22.454,disengaged,0.669,face_left_or_right+face_high_or_low,disengaged,0.668,face_left_or_right+face_high_or_low,"(92, 30, 169, 169)",0.031,1,1,0.582,0,177,0
2026-06-17T23:55:23.726,217,5.212,115.641,0.129,0.032,0.048,0.222,121.773,7.45,seeking_attention,22.594,disengaged,0.668,face_left_or_right+face_high_or_low,disengaged,0.668,face_left_or_right+face_high_or_low,"(96, 34, 160, 160)",0.0278,1,1,0.56,0,178,0
2026-06-17T23:55:23.900,218,8.842,139.91,0.153,0.044,0.066,0.222,149.896,7.38,seeking_attention,22.766,disengaged,0.669,face_left_or_right+face_high_or_low,disengaged,0.668,face_left_or_right+face_high_or_low,"(93, 31, 165, 165)",0.0295,1,1,0.572,0,179,0
2026-06-17T23:55:24.067,219,4.891,138.943,0.122,0.033,0.05,0.222,144.64,7.33,seeking_attention,22.938,disengaged,0.668,face_left_or_right+face_high_or_low,disengaged,0.668,face_left_or_right+face_high_or_low,"(92, 32, 166, 166)",0.0299,1,1,0.574,0,180,0
2026-06-17T23:55:24.235,220,5.339,140.014,0.122,0.032,0.045,0.222,146.362,7.28,seeking_attention,23.094,disengaged,0.667,face_left_or_right+face_high_or_low,disengaged,0.668,face_left_or_right+face_high_or_low,"(94, 30, 169, 169)",0.031,2,1,0.569,0,181,0
2026-06-17T23:55:24.425,221,4.528,160.82,0.176,0.042,0.062,0.341,166.128,7.15,seeking_attention,23.282,disengaged,0.668,face_left_or_right+face_high_or_low,disengaged,0.668,face_left_or_right+face_high_or_low,"(93, 32, 165, 165)",0.0295,1,1,0.564,0,182,0
2026-06-17T23:55:24.593,222,7.323,137.301,0.323,0.062,0.088,0.341,145.811,7.12,seeking_attention,23.454,disengaged,0.667,face_left_or_right+face_high_or_low,disengaged,0.668,face_left_or_right+face_high_or_low,"(94, 31, 167, 167)",0.0303,1,1,0.573,0,183,0
2026-06-17T23:55:24.752,223,5.028,128.593,0.159,0.04,0.06,0.341,134.825,7.15,seeking_attention,23.61,disengaged,0.669,face_left_or_right+face_high_or_low,disengaged,0.668,face_left_or_right+face_high_or_low,"(92, 30, 169, 169)",0.031,1,1,0.58,0,184,0
2026-06-17T23:55:24.903,224,4.941,123.141,0.217,0.031,0.067,0.341,129.006,7.21,seeking_attention,23.766,disengaged,0.669,face_left_or_right+face_high_or_low,disengaged,0.668,face_left_or_right+face_high_or_low,"(93, 33, 163, 163)",0.0288,2,1,0.563,0,185,0
2026-06-17T23:55:25.055,225,3.722,127.275,0.155,0.028,0.047,0.341,132.089,7.25,seeking_attention,23.922,disengaged,0.669,face_left_or_right+face_high_or_low,disengaged,0.668,face_left_or_right+face_high_or_low,"(90, 31, 168, 168)",0.0306,1,1,0.576,0,186,0
2026-06-17T23:55:25.241,226,3.387,160.848,0.122,0.13,0.048,0.341,165.31,7.13,seeking_attention,24.11,disengaged,0.668,face_left_or_right+face_high_or_low,disengaged,0.668,face_left_or_right+face_high_or_low,"(94, 32, 165, 165)",0.0295,1,1,0.567,0,187,0
2026-06-17T23:55:25.396,227,8.248,125.214,0.123,0.028,0.042,0.341,135.331,7.16,seeking_attention,24.266,disengaged,0.667,face_left_or_right+face_high_or_low,disengaged,0.668,face_left_or_right+face_high_or_low,"(97, 35, 159, 159)",0.0274,1,1,0.564,0,188,0
2026-06-17T23:55:25.559,228,4.888,129.304,0.141,0.047,0.076,0.204,135.548,7.18,seeking_attention,24.422,disengaged,0.669,face_left_or_right+face_high_or_low,disengaged,0.668,face_left_or_right+face_high_or_low,"(93, 30, 168, 168)",0.0306,1,1,0.572,0,189,0
2026-06-17T23:55:25.735,229,5.886,150.444,0.118,0.029,0.043,0.204,157.23,7.1,seeking_attention,24.594,disengaged,0.667,face_left_or_right+face_high_or_low,disengaged,0.668,face_left_or_right+face_high_or_low,"(98, 35, 157, 157)",0.0267,1,1,0.553,0,190,0
2026-06-17T23:55:25.872,230,3.503,112.903,0.224,0.059,0.093,0.204,117.345,7.24,seeking_attention,24.735,disengaged,0.668,face_left_or_right+face_high_or_low,disengaged,0.668,face_left_or_right+face_high_or_low,"(98, 35, 157, 157)",0.0267,1,1,0.567,0,191,0
2026-06-17T23:55:26.045,231,4.48,142.527,0.229,0.059,0.087,0.204,148.116,7.19,seeking_attention,24.907,disengaged,0.668,face_left_or_right+face_high_or_low,disengaged,0.668,face_left_or_right+face_high_or_low,"(95, 33, 162, 162)",0.0285,1,1,0.567,0,192,0
2026-06-17T23:55:26.204,232,3.702,133.605,0.207,0.04,0.064,0.204,138.235,7.19,seeking_attention,25.063,disengaged,0.667,face_left_or_right+face_high_or_low,disengaged,0.668,face_left_or_right+face_high_or_low,"(94, 33, 164, 164)",0.0292,1,1,0.572,0,193,0
2026-06-17T23:55:26.393,233,4.425,163.019,0.176,0.047,0.049,0.204,168.613,7.07,seeking_attention,25.25,disengaged,0.671,face_left_or_right+face_high_or_low,disengaged,0.668,face_left_or_right+face_high_or_low,"(91, 30, 166, 166)",0.0299,1,1,0.568,0,194,0
2026-06-17T23:55:26.583,234,4.014,160.363,0.165,0.033,0.044,0.25,165.675,6.96,seeking_attention,25.438,disengaged,0.671,face_left_or_right+face_high_or_low,disengaged,0.669,face_left_or_right+face_high_or_low,"(90, 30, 168, 168)",0.0306,2,1,0.578,0,195,0
2026-06-17T23:55:26.890,235,3.993,262.433,0.128,0.028,0.044,0.25,267.423,6.64,seeking_attention,25.75,disengaged,0.671,face_left_or_right+face_high_or_low,disengaged,0.669,face_left_or_right+face_high_or_low,"(90, 27, 171, 171)",0.0317,3,1,0.578,0,196,0
2026-06-17T23:55:27.059,236,5.408,139.496,0.119,0.028,0.043,0.25,145.824,6.66,seeking_attention,25.922,disengaged,0.669,face_left_or_right+face_high_or_low,disengaged,0.669,face_left_or_right+face_high_or_low,"(94, 33, 162, 162)",0.0285,1,1,0.56,0,197,0
2026-06-17T23:55:27.237,237,3.59,155.531,0.156,0.035,0.055,0.25,160.179,6.62,seeking_attention,26.094,disengaged,0.667,face_left_or_right+face_high_or_low,disengaged,0.669,face_left_or_right+face_high_or_low,"(91, 28, 173, 173)",0.0325,1,1,0.571,0,198,0
2026-06-17T23:55:27.419,238,3.605,154.545,0.233,0.039,0.145,0.25,159.742,6.59,seeking_attention,26.282,disengaged,0.671,face_left_or_right+face_high_or_low,disengaged,0.669,face_left_or_right+face_high_or_low,"(92, 29, 167, 167)",0.0303,2,2,0.566,0,199,0
2026-06-17T23:55:27.603,239,4.713,147.986,0.201,0.049,0.075,0.24,154.139,6.58,seeking_attention,26.454,disengaged,0.67,face_left_or_right+face_high_or_low,disengaged,0.67,face_left_or_right+face_high_or_low,"(91, 31, 166, 166)",0.0299,1,1,0.572,0,200,0
2026-06-17T23:55:27.771,240,5.028,140.001,0.12,0.029,0.049,0.24,145.941,6.6,seeking_attention,26.641,disengaged,0.67,face_left_or_right+face_high_or_low,disengaged,0.67,face_left_or_right+face_high_or_low,"(92, 28, 169, 169)",0.031,1,1,0.572,0,201,0
2026-06-17T23:55:27.936,241,4.992,141.233,0.346,0.043,0.068,0.24,147.453,6.62,seeking_attention,26.797,disengaged,0.671,face_left_or_right+face_high_or_low,disengaged,0.67,face_left_or_right+face_high_or_low,"(89, 31, 166, 166)",0.0299,1,1,0.56,0,202,0
2026-06-17T23:55:28.088,242,3.82,124.192,0.117,0.029,0.045,0.24,128.929,6.73,seeking_attention,26.954,disengaged,0.672,face_left_or_right+face_high_or_low,disengaged,0.67,face_left_or_right+face_high_or_low,"(89, 30, 168, 168)",0.0306,1,1,0.578,0,203,0
2026-06-17T23:55:28.243,243,3.611,132.749,0.184,0.046,0.07,0.24,137.562,6.79,seeking_attention,27.11,disengaged,0.672,face_left_or_right+face_high_or_low,disengaged,0.67,face_left_or_right+face_high_or_low,"(87, 28, 171, 171)",0.0317,1,1,0.583,0,204,0
2026-06-17T23:55:28.530,244,4.23,258.786,0.297,0.077,0.103,0.24,264.411,6.49,seeking_attention,27.391,disengaged,0.673,face_left_or_right+face_high_or_low,disengaged,0.671,face_left_or_right+face_high_or_low,"(88, 28, 169, 169)",0.031,1,1,0.58,0,205,0
2026-06-17T23:55:28.752,245,4.211,186.085,0.274,0.042,0.066,0.37,191.968,6.36,seeking_attention,27.61,disengaged,0.672,face_left_or_right+face_high_or_low,disengaged,0.671,face_left_or_right+face_high_or_low,"(86, 29, 171, 171)",0.0317,1,1,0.579,0,206,0
2026-06-17T23:55:28.940,246,9.532,160.058,0.158,0.027,0.043,0.37,170.69,6.31,seeking_attention,27.797,disengaged,0.67,face_left_or_right+face_high_or_low,disengaged,0.671,face_left_or_right+face_high_or_low,"(91, 31, 165, 165)",0.0295,1,1,0.565,0,207,0
2026-06-17T23:55:29.097,247,6.578,131.055,0.184,0.043,0.066,0.37,138.837,6.4,seeking_attention,27.954,disengaged,0.67,face_left_or_right+face_high_or_low,disengaged,0.671,face_left_or_right+face_high_or_low,"(91, 33, 163, 163)",0.0288,1,1,0.569,0,208,0
2026-06-17T23:55:29.449,248,16.524,311.252,0.204,0.053,0.066,0.37,328.87,6.06,seeking_attention,28.313,disengaged,0.671,face_left_or_right+face_high_or_low,disengaged,0.671,face_left_or_right+face_high_or_low,"(90, 33, 162, 162)",0.0285,1,1,0.567,0,209,0
2026-06-17T23:55:29.624,249,4.435,144.282,0.188,0.046,0.054,0.37,149.791,6.12,seeking_attention,28.485,disengaged,0.672,face_left_or_right+face_high_or_low,disengaged,0.671,face_left_or_right+face_high_or_low,"(86, 30, 169, 169)",0.031,1,1,0.576,0,210,0
2026-06-17T23:55:29.797,250,6.952,137.348,0.147,0.028,0.047,0.298,145.782,6.2,seeking_attention,28.657,disengaged,0.672,face_left_or_right+face_high_or_low,disengaged,0.671,face_left_or_right+face_high_or_low,"(89, 33, 163, 163)",0.0288,1,1,0.57,0,211,0
2026-06-17T23:55:30.012,251,15.523,174.757,0.182,0.032,0.058,0.298,191.089,6.1,seeking_attention,28.875,disengaged,0.671,face_left_or_right+face_high_or_low,disengaged,0.671,face_left_or_right+face_high_or_low,"(90, 35, 161, 161)",0.0281,1,1,0.567,0,212,0
2026-06-17T23:55:30.210,252,17.71,153.306,0.266,0.063,0.099,0.298,172.174,6.07,seeking_attention,29.079,disengaged,0.671,face_left_or_right+face_high_or_low,disengaged,0.671,face_left_or_right+face_high_or_low,"(92, 35, 158, 158)",0.0271,1,1,0.559,0,213,0
2026-06-17T23:55:30.373,253,10.305,127.413,0.193,0.038,0.067,0.298,139.06,6.18,seeking_attention,29.235,disengaged,0.672,face_left_or_right+face_high_or_low,disengaged,0.671,face_left_or_right+face_high_or_low,"(91, 35, 158, 158)",0.0271,1,1,0.564,0,214,0
2026-06-17T23:55:30.547,254,10.513,144.263,0.155,0.028,0.057,0.298,156.239,6.21,seeking_attention,29.407,disengaged,0.668,face_left_or_right+face_high_or_low,disengaged,0.671,face_left_or_right+face_high_or_low,"(92, 35, 161, 161)",0.0281,2,2,0.558,0,215,0
2026-06-17T23:55:30.708,255,6.606,135.696,0.153,0.037,0.053,0.298,143.3,6.28,seeking_attention,29.579,disengaged,0.67,face_left_or_right+face_high_or_low,disengaged,0.671,face_left_or_right+face_high_or_low,"(91, 35, 161, 161)",0.0281,2,2,0.569,0,216,0
2026-06-17T23:55:30.873,256,14.609,122.935,0.219,0.031,0.058,0.35,138.604,6.38,seeking_attention,29.735,disengaged,0.671,face_left_or_right+face_high_or_low,disengaged,0.671,face_left_or_right+face_high_or_low,"(88, 32, 167, 167)",0.0303,1,1,0.577,0,217,0
2026-06-17T23:55:31.043,257,8.304,141.557,0.154,0.037,0.057,0.35,150.806,6.4,seeking_attention,29.907,disengaged,0.671,face_left_or_right+face_high_or_low,disengaged,0.671,face_left_or_right+face_high_or_low,"(84, 28, 174, 174)",0.0329,1,1,0.584,0,218,0
2026-06-17T23:55:31.193,258,11.422,121.351,0.136,0.029,0.046,0.35,133.967,6.51,seeking_attention,30.063,disengaged,0.67,face_left_or_right+face_high_or_low,disengaged,0.67,face_left_or_right+face_high_or_low,"(88, 32, 166, 166)",0.0299,2,2,0.573,0,219,0
2026-06-17T23:55:31.354,259,14.08,127.488,0.157,0.029,0.045,0.35,142.316,6.56,seeking_attention,30.219,disengaged,0.67,face_left_or_right+face_high_or_low,disengaged,0.67,face_left_or_right+face_high_or_low,"(88, 32, 168, 168)",0.0306,1,1,0.577,0,220,0
2026-06-17T23:55:31.508,260,12.178,123.281,0.182,0.043,0.066,0.35,136.663,6.64,seeking_attention,30.375,disengaged,0.671,face_left_or_right+face_high_or_low,disengaged,0.67,face_left_or_right+face_high_or_low,"(86, 29, 172, 172)",0.0321,2,2,0.583,0,221,0
2026-06-17T23:55:31.665,261,6.111,126.103,0.164,0.041,0.06,0.35,133.52,6.72,seeking_attention,30.532,disengaged,0.671,face_left_or_right+face_high_or_low,disengaged,0.671,face_left_or_right+face_high_or_low,"(86, 31, 169, 169)",0.031,1,1,0.577,0,222,0
2026-06-17T23:55:31.847,262,11.304,150.663,0.139,0.03,0.047,0.35,163.002,6.66,seeking_attention,30.704,disengaged,0.671,face_left_or_right+face_high_or_low,disengaged,0.671,face_left_or_right+face_high_or_low,"(84, 30, 173, 173)",0.0325,1,1,0.585,0,223,0
2026-06-17T23:55:32.037,263,18.586,144.877,0.119,0.028,0.058,0.46,164.415,6.6,seeking_attention,30.891,disengaged,0.672,face_left_or_right+face_high_or_low,disengaged,0.671,face_left_or_right+face_high_or_low,"(84, 28, 175, 175)",0.0332,2,1,0.588,0,224,0
2026-06-17T23:55:32.213,264,14.304,139.539,0.179,0.03,0.048,0.46,155.305,6.59,seeking_attention,31.079,disengaged,0.671,face_left_or_right+face_high_or_low,disengaged,0.671,face_left_or_right+face_high_or_low,"(87, 30, 170, 170)",0.0314,1,1,0.58,0,225,0
2026-06-17T23:55:32.381,265,13.751,136.282,0.256,0.041,0.062,0.46,151.408,6.59,seeking_attention,31.25,disengaged,0.671,face_left_or_right+face_high_or_low,disengaged,0.671,face_left_or_right+face_high_or_low,"(86, 30, 171, 171)",0.0317,1,1,0.585,0,226,0
2026-06-17T23:55:32.540,266,15.026,125.023,0.176,0.031,0.042,0.46,141.055,6.64,seeking_attention,31.407,disengaged,0.67,face_left_or_right+face_high_or_low,disengaged,0.671,face_left_or_right+face_high_or_low,"(89, 32, 167, 167)",0.0303,1,1,0.575,0,227,0
2026-06-17T23:55:32.709,267,10.456,137.271,0.258,0.045,0.083,0.46,149.039,6.65,seeking_attention,31.579,disengaged,0.673,face_left_or_right+face_high_or_low,disengaged,0.671,face_left_or_right+face_high_or_low,"(89, 25, 171, 171)",0.0317,1,1,0.565,0,228,0
2026-06-17T23:55:32.890,268,12.753,147.83,0.162,0.028,0.047,0.46,161.561,6.6,seeking_attention,31.75,disengaged,0.672,face_left_or_right+face_high_or_low,disengaged,0.671,face_left_or_right+face_high_or_low,"(90, 27, 170, 170)",0.0314,1,1,0.58,0,229,0
2026-06-17T23:55:33.131,269,12.505,198.153,0.253,0.059,0.083,0.226,212.118,6.41,seeking_attention,31.985,disengaged,0.673,face_left_or_right+face_high_or_low,disengaged,0.672,face_left_or_right+face_high_or_low,"(84, 25, 176, 176)",0.0336,1,1,0.58,0,230,0
2026-06-17T23:55:33.364,270,13.008,199.806,0.347,0.045,0.053,0.226,213.923,6.24,seeking_attention,32.235,disengaged,0.671,face_left_or_right+face_high_or_low,disengaged,0.672,face_left_or_right+face_high_or_low,"(87, 25, 177, 177)",0.034,1,1,0.585,0,231,0
2026-06-17T23:55:33.513,271,13.986,116.218,0.343,0.07,0.103,0.226,131.665,6.37,seeking_attention,32.375,disengaged,0.67,face_left_or_right+face_high_or_low,disengaged,0.671,face_left_or_right+face_high_or_low,"(87, 23, 181, 181)",0.0355,1,1,0.595,0,232,0
2026-06-17T23:55:33.671,272,4.389,134.396,0.142,0.036,0.052,0.226,139.766,6.45,seeking_attention,32.532,disengaged,0.672,face_left_or_right+face_high_or_low,disengaged,0.671,face_left_or_right+face_high_or_low,"(88, 23, 178, 178)",0.0344,1,1,0.592,0,233,0
2026-06-17T23:55:33.838,273,15.183,130.709,0.248,0.069,0.08,0.226,147.361,6.49,seeking_attention,32.704,disengaged,0.672,face_left_or_right+face_high_or_low,disengaged,0.672,face_left_or_right+face_high_or_low,"(87, 23, 180, 180)",0.0352,1,1,0.598,0,234,0
2026-06-17T23:55:34.019,274,17.96,140.461,0.139,0.038,0.046,0.226,159.525,6.46,seeking_attention,32.875,disengaged,0.671,face_left_or_right+face_high_or_low,disengaged,0.671,face_left_or_right+face_high_or_low,"(87, 24, 179, 179)",0.0348,2,1,0.599,0,235,0
2026-06-17T23:55:34.189,275,11.953,129.094,0.117,0.028,0.045,0.282,142.239,6.52,seeking_attention,33.047,disengaged,0.672,face_left_or_right+face_high_or_low,disengaged,0.671,face_left_or_right+face_high_or_low,"(85, 23, 181, 181)",0.0355,3,1,0.6,0,236,0
2026-06-17T23:55:34.356,276,13.05,131.389,0.127,0.026,0.05,0.282,145.614,6.56,seeking_attention,33.219,disengaged,0.672,face_left_or_right+face_high_or_low,disengaged,0.671,face_left_or_right+face_high_or_low,"(87, 25, 176, 176)",0.0336,1,1,0.59,0,237,0
2026-06-17T23:55:34.500,277,7.205,118.209,0.148,0.037,0.058,0.282,126.661,6.69,seeking_attention,33.36,disengaged,0.673,face_left_or_right+face_high_or_low,disengaged,0.671,face_left_or_right+face_high_or_low,"(87, 24, 176, 176)",0.0336,1,1,0.593,0,238,0
2026-06-17T23:55:34.652,278,18.512,115.356,0.253,0.062,0.096,0.282,135.123,6.76,seeking_attention,33.516,disengaged,0.67,face_left_or_right+face_high_or_low,disengaged,0.672,face_left_or_right+face_high_or_low,"(89, 26, 175, 175)",0.0332,2,1,0.587,0,239,0
2026-06-17T23:55:34.793,279,4.655,118.195,0.169,0.032,0.05,0.282,124.342,6.89,seeking_attention,33.657,disengaged,0.67,face_left_or_right+face_high_or_low,disengaged,0.671,face_left_or_right+face_high_or_low,"(92, 28, 170, 170)",0.0314,1,1,0.58,0,240,0
2026-06-17T23:55:34.957,280,11.899,123.015,0.242,0.064,0.09,0.282,136.939,6.93,seeking_attention,33.829,disengaged,0.67,face_left_or_right+face_high_or_low,disengaged,0.671,face_left_or_right+face_high_or_low,"(91, 28, 170, 170)",0.0314,1,1,0.583,0,241,0
2026-06-17T23:55:35.117,281,11.43,126.848,0.316,0.029,0.058,0.282,139.773,6.95,seeking_attention,33.985,disengaged,0.672,face_left_or_right+face_high_or_low,disengaged,0.671,face_left_or_right+face_high_or_low,"(91, 27, 169, 169)",0.031,1,1,0.579,0,242,0
2026-06-17T23:55:35.282,282,8.145,132.891,0.167,0.032,0.048,0.387,142.357,6.96,seeking_attention,34.141,disengaged,0.67,face_left_or_right+face_high_or_low,disengaged,0.671,face_left_or_right+face_high_or_low,"(95, 30, 164, 164)",0.0292,1,1,0.567,0,243,0
2026-06-17T23:55:35.440,283,10.314,123.915,0.188,0.046,0.064,0.387,135.631,7.0,seeking_attention,34.297,disengaged,0.67,face_left_or_right+face_high_or_low,disengaged,0.671,face_left_or_right+face_high_or_low,"(94, 30, 164, 164)",0.0292,1,1,0.574,0,244,0
2026-06-17T23:55:35.590,284,10.211,119.027,0.206,0.043,0.054,0.387,130.465,7.07,seeking_attention,34.454,disengaged,0.673,face_left_or_right+face_high_or_low,disengaged,0.671,face_left_or_right+face_high_or_low,"(93, 29, 164, 164)",0.0292,1,1,0.572,0,245,0
2026-06-17T23:55:35.733,285,16.946,108.447,0.131,0.026,0.048,0.387,126.335,7.15,seeking_attention,34.594,disengaged,0.67,face_left_or_right+face_high_or_low,disengaged,0.671,face_left_or_right+face_high_or_low,"(99, 34, 154, 154)",0.0257,1,1,0.548,0,246,0
2026-06-17T23:55:35.921,286,15.172,153.727,0.157,0.029,0.051,0.387,169.995,7.03,seeking_attention,34.782,disengaged,0.67,face_left_or_right+face_high_or_low,disengaged,0.671,face_left_or_right+face_high_or_low,"(94, 30, 164, 164)",0.0292,1,1,0.563,0,247,0
2026-06-17T23:55:36.071,287,12.367,116.768,0.128,0.028,0.043,0.387,130.228,7.09,seeking_attention,34.938,disengaged,0.673,face_left_or_right+face_high_or_low,disengaged,0.671,face_left_or_right+face_high_or_low,"(87, 27, 169, 169)",0.031,1,1,0.563,0,248,0
2026-06-17T23:55:36.228,288,17.782,116.238,0.167,0.04,0.059,0.387,135.263,7.12,seeking_attention,35.094,disengaged,0.672,face_left_or_right+face_high_or_low,disengaged,0.671,face_left_or_right+face_high_or_low,"(90, 31, 164, 164)",0.0292,1,1,0.567,0,249,0
2026-06-17T23:55:36.389,289,18.661,115.327,0.295,0.035,0.051,0.341,135.121,7.15,seeking_attention,35.25,disengaged,0.673,face_left_or_right+face_high_or_low,disengaged,0.671,face_left_or_right+face_high_or_low,"(91, 30, 164, 164)",0.0292,1,1,0.572,0,250,0
2026-06-17T23:55:36.539,290,14.579,114.415,0.163,0.035,0.049,0.341,129.93,7.2,seeking_attention,35.407,disengaged,0.67,face_left_or_right+face_high_or_low,disengaged,0.671,face_left_or_right+face_high_or_low,"(92, 31, 165, 165)",0.0295,1,1,0.57,0,251,0
2026-06-17T23:55:36.687,291,8.093,120.59,0.145,0.032,0.053,0.341,130.263,7.25,seeking_attention,35.547,disengaged,0.67,face_left_or_right+face_high_or_low,disengaged,0.671,face_left_or_right+face_high_or_low,"(90, 30, 169, 169)",0.031,1,1,0.578,0,252,0
2026-06-17T23:55:36.840,292,18.868,115.754,0.195,0.038,0.058,0.341,135.66,7.26,seeking_attention,35.704,disengaged,0.673,face_left_or_right+face_high_or_low,disengaged,0.671,face_left_or_right+face_high_or_low,"(88, 29, 167, 167)",0.0303,1,1,0.567,0,253,0
2026-06-17T23:55:36.994,293,6.386,128.245,0.198,0.04,0.061,0.341,135.629,7.27,seeking_attention,35.86,disengaged,0.674,face_left_or_right+face_high_or_low,disengaged,0.672,face_left_or_right+face_high_or_low,"(88, 29, 167, 167)",0.0303,1,1,0.582,0,254,0
2026-06-17T23:55:37.156,294,8.169,133.932,0.245,0.063,0.064,0.341,143.001,7.25,seeking_attention,36.016,disengaged,0.67,face_left_or_right+face_high_or_low,disengaged,0.672,face_left_or_right+face_high_or_low,"(85, 26, 177, 177)",0.034,1,1,0.578,0,255,0
2026-06-17T23:55:37.329,295,14.521,137.407,0.14,0.03,0.049,0.341,152.868,7.18,seeking_attention,36.188,disengaged,0.671,face_left_or_right+face_high_or_low,disengaged,0.672,face_left_or_right+face_high_or_low,"(85, 27, 176, 176)",0.0336,1,1,0.594,0,256,0
2026-06-17T23:55:37.503,296,15.147,133.957,0.161,0.031,0.049,0.353,150.004,7.12,seeking_attention,36.36,disengaged,0.671,face_left_or_right+face_high_or_low,disengaged,0.671,face_left_or_right+face_high_or_low,"(84, 25, 180, 180)",0.0352,2,1,0.597,0,257,0
2026-06-17T23:55:37.667,297,8.435,133.795,0.16,0.033,0.049,0.353,143.862,7.11,seeking_attention,36.532,disengaged,0.67,face_left_or_right+face_high_or_low,disengaged,0.671,face_left_or_right+face_high_or_low,"(86, 27, 176, 176)",0.0336,1,1,0.594,0,258,0
2026-06-17T23:55:37.827,298,15.487,123.728,0.122,0.029,0.042,0.353,140.131,7.11,seeking_attention,36.688,disengaged,0.673,face_left_or_right+face_high_or_low,disengaged,0.672,face_left_or_right+face_high_or_low,"(84, 26, 176, 176)",0.0336,1,1,0.589,0,259,0
2026-06-17T23:55:37.974,299,16.413,113.046,0.198,0.046,0.069,0.353,130.716,7.16,seeking_attention,36.844,disengaged,0.673,face_left_or_right+face_high_or_low,disengaged,0.672,face_left_or_right+face_high_or_low,"(84, 25, 178, 178)",0.0344,2,1,0.595,0,260,0
2026-06-17T23:55:38.122,300,6.684,119.522,0.16,0.03,0.052,0.353,127.183,7.23,seeking_attention,36.985,disengaged,0.672,face_left_or_right+face_high_or_low,disengaged,0.672,face_left_or_right+face_high_or_low,"(87, 29, 170, 170)",0.0314,1,1,0.576,0,261,0
2026-06-17T23:55:38.302,301,16.597,141.42,0.165,0.047,0.056,0.353,159.022,7.14,seeking_attention,37.172,disengaged,0.673,face_left_or_right+face_high_or_low,disengaged,0.672,face_left_or_right+face_high_or_low,"(88, 29, 168, 168)",0.0306,1,1,0.578,0,262,0
2026-06-17T23:55:38.465,302,9.795,132.837,0.221,0.043,0.061,0.353,143.846,7.12,seeking_attention,37.329,disengaged,0.674,face_left_or_right+face_high_or_low,disengaged,0.672,face_left_or_right+face_high_or_low,"(86, 27, 172, 172)",0.0321,1,1,0.587,0,263,0
2026-06-17T23:55:38.646,303,15.824,137.667,0.187,0.043,0.07,0.239,154.789,7.05,seeking_attention,37.5,absent,0.0,no_stable_face_candidate,disengaged,0.673,face_left_or_right+face_high_or_low,"(86, 27, 172, 172)",0.0321,1,0,0.587,0,264,0
2026-06-17T23:55:38.799,304,11.808,121.466,0.426,0.075,0.21,0.239,134.709,7.09,seeking_attention,37.657,absent,0.0,no_face_detected,disengaged,0.673,face_left_or_right+face_high_or_low,"(86, 27, 172, 172)",0.0321,0,0,0.587,0,265,0
2026-06-17T23:55:38.969,305,17.71,133.282,0.186,0.045,0.086,0.239,152.008,7.04,seeking_attention,37.829,absent,0.0,no_stable_face_candidate,disengaged,0.673,face_left_or_right+face_high_or_low,"(86, 27, 172, 172)",0.0321,1,0,0.587,0,266,0
2026-06-17T23:55:39.127,306,16.469,121.508,0.209,0.045,0.082,0.239,139.087,7.06,seeking_attention,37.985,absent,0.0,no_face_detected,disengaged,0.673,face_left_or_right+face_high_or_low,"(86, 27, 172, 172)",0.0321,0,0,0.587,0,267,0
2026-06-17T23:55:39.290,307,12.246,128.21,0.219,0.058,0.083,0.239,141.457,7.06,seeking_attention,38.157,disengaged,0.719,face_left_or_right+face_high_or_low,disengaged,0.689,face_left_or_right+face_high_or_low,"(35, 1, 159, 159)",0.0274,1,1,0.313,0,268,0
2026-06-17T23:55:39.440,308,10.333,119.841,0.145,0.029,0.059,0.239,132.09,7.11,seeking_attention,38.297,absent,0.0,no_face_detected,disengaged,0.696,face_left_or_right+face_high_or_low,"(35, 1, 159, 159)",0.0274,0,0,0.313,0,269,0
2026-06-17T23:55:39.595,309,14.724,120.092,0.205,0.052,0.084,0.239,136.066,7.13,seeking_attention,38.454,absent,0.0,no_face_detected,absent,0.0,no_face_detected,,0.0,0,0,0.0,0,0,1
2026-06-17T23:55:39.760,310,11.333,124.92,0.158,0.042,0.064,0.409,137.351,7.15,seeking_attention,38.61,absent,0.0,no_stable_face_candidate,absent,0.0,no_face_detected,,0.0,1,0,0.0,0,0,2
2026-06-17T23:55:40.054,311,30.928,241.407,0.282,0.069,0.093,0.409,273.494,6.8,seeking_attention,38.922,absent,0.0,no_face_detected,absent,0.0,no_face_detected,,0.0,0,0,0.0,0,0,3
2026-06-17T23:55:40.223,312,17.965,128.301,0.194,0.05,0.076,0.409,147.422,6.8,seeking_attention,39.079,absent,0.0,no_face_detected,absent,0.0,no_face_detected,,0.0,0,0,0.0,0,0,4
2026-06-17T23:55:40.395,313,5.471,143.937,0.236,0.032,0.059,0.409,150.435,6.78,seeking_attention,39.266,absent,0.0,no_stable_face_candidate,absent,0.0,no_face_detected,,0.0,1,0,0.0,0,0,5
2026-06-17T23:55:40.599,314,17.504,161.103,0.265,0.063,0.098,0.409,179.787,6.66,seeking_attention,39.469,absent,0.0,no_face_detected,absent,0.0,no_face_detected,,0.0,0,0,0.0,0,0,6
2026-06-17T23:55:40.798,315,16.996,154.45,0.275,0.085,0.095,0.211,172.626,6.57,seeking_attention,39.657,absent,0.0,no_face_detected,absent,0.0,no_face_detected,,0.0,0,0,0.0,0,0,7
2026-06-17T23:55:40.974,316,5.936,148.018,0.184,0.046,0.068,0.211,155.023,6.56,seeking_attention,39.844,absent,0.0,no_face_detected,absent,0.0,no_face_detected,,0.0,0,0,0.0,0,0,8
2026-06-17T23:55:41.116,317,5.735,117.846,0.253,0.068,0.124,0.211,124.659,6.71,seeking_attention,39.985,absent,0.0,no_face_detected,absent,0.0,no_face_detected,,0.0,0,0,0.0,0,0,9
2026-06-17T23:55:41.286,318,16.317,130.935,0.266,0.073,0.103,0.211,148.393,6.71,seeking_attention,40.157,absent,0.0,no_face_detected,absent,0.0,no_face_detected,,0.0,0,0,0.0,0,0,10
2026-06-17T23:55:41.456,319,3.225,147.332,0.184,0.049,0.073,0.211,151.587,6.7,seeking_attention,40.313,absent,0.0,no_face_detected,absent,0.0,no_face_detected,,0.0,0,0,0.0,0,0,11
2026-06-17T23:55:41.634,320,17.598,129.009,0.25,0.072,0.112,0.284,147.689,6.71,idle,0.0,absent,0.0,no_face_detected,absent,0.0,no_face_detected,,0.0,0,0,0.0,0,0,12
2026-06-17T23:55:41.822,321,16.573,147.867,0.195,0.039,0.07,0.284,165.781,6.64,idle,0.203,absent,0.0,no_face_detected,absent,0.0,no_face_detected,,0.0,0,0,0.0,0,0,13
2026-06-17T23:55:41.986,322,17.18,127.755,0.265,0.029,0.055,0.284,146.398,6.66,idle,0.359,disengaged,0.641,face_too_small,absent,0.0,no_face_detected,"(402, 241, 122, 122)",0.0162,1,1,0.267,0,0,14
2026-06-17T23:55:42.135,323,7.836,123.764,0.168,0.039,0.07,0.284,132.7,6.75,idle,0.515,absent,0.0,no_face_detected,absent,0.0,no_face_detected,,0.0,0,0,0.0,0,0,15
2026-06-17T23:55:42.317,324,15.547,147.619,0.158,0.04,0.047,0.284,164.184,6.68,idle,0.703,engaged,0.897,face_centered,disengaged,0.641,face_too_small,"(524, 283, 266, 266)",0.0768,1,1,0.504,0,1,0
2026-06-17T23:55:42.504,325,18.708,141.192,0.15,0.03,0.055,0.206,160.818,6.63,disengaged,0.0,absent,0.0,no_face_detected,disengaged,0.641,face_too_small,"(524, 283, 266, 266)",0.0768,0,0,0.504,0,2,0
2026-06-17T23:55:42.707,326,17.446,164.145,0.166,0.044,0.074,0.206,182.655,6.52,disengaged,0.219,engaged,0.916,face_centered,disengaged,0.641,face_too_small,"(535, 289, 253, 253)",0.0695,1,1,0.902,0,3,0
2026-06-17T23:55:42.863,327,5.548,133.808,0.153,0.049,0.106,0.206,140.343,6.58,disengaged,0.359,engaged,0.909,face_centered,engaged,0.55,unstable_window_face_centered,"(539, 294, 244, 244)",0.0646,2,1,0.892,1,0,0
2026-06-17T23:55:43.063,328,14.194,158.0,0.159,0.027,0.055,0.182,173.386,6.5,engaged,0.0,engaged,0.902,face_centered,engaged,0.906,face_centered,"(545, 297, 236, 236)",0.0604,2,1,0.87,2,0,0
2026-06-17T23:55:43.278,329,14.941,174.344,0.161,0.028,0.046,0.182,190.684,6.37,engaged,0.219,engaged,0.904,face_centered,engaged,0.906,face_centered,"(542, 297, 238, 238)",0.0615,1,1,0.879,3,0,0
2026-06-17T23:55:43.481,330,17.441,160.442,0.155,0.025,0.042,0.182,178.967,6.29,engaged,0.422,engaged,0.903,face_centered,engaged,0.905,face_centered,"(541, 299, 233, 233)",0.0589,2,2,0.863,4,0,0
2026-06-17T23:55:43.680,331,5.941,171.239,0.122,0.033,0.044,0.182,178.154,6.23,engaged,0.625,engaged,0.899,face_centered,engaged,0.905,face_centered,"(541, 303, 221, 221)",0.053,1,1,0.828,5,0,0
2026-06-17T23:55:43.878,332,7.858,167.805,0.135,0.03,0.055,0.182,176.672,6.17,engaged,0.813,engaged,0.898,face_centered,engaged,0.904,face_centered,"(541, 305, 223, 223)",0.054,2,1,0.845,6,0,0
2026-06-17T23:55:44.109,333,14.085,189.57,0.2,0.045,0.074,0.351,204.635,6.04,engaged,1.047,engaged,0.893,face_centered,engaged,0.901,face_centered,"(547, 304, 228, 228)",0.0564,1,1,0.835,7,0,0
2026-06-17T23:55:44.330,334,15.945,180.856,0.233,0.051,0.081,0.351,198.14,5.94,engaged,1.266,engaged,0.884,face_centered,engaged,0.897,face_centered,"(546, 315, 203, 203)",0.0447,1,1,0.759,8,0,0
2026-06-17T23:55:44.542,335,15.962,173.694,0.208,0.061,0.07,0.351,190.743,5.87,engaged,1.485,engaged,0.947,face_centered,engaged,0.904,face_centered,"(525, 230, 287, 287)",0.0894,1,1,0.757,9,0,0
2026-06-17T23:55:44.742,336,6.387,170.636,0.204,0.046,0.102,0.351,178.124,5.85,engaged,1.688,engaged,0.977,face_centered,engaged,0.914,face_centered,"(516, 214, 295, 295)",0.0944,2,2,0.959,10,0,0
2026-06-17T23:55:44.944,337,9.516,170.779,0.14,0.032,0.053,0.351,181.668,5.81,engaged,1.891,engaged,0.963,face_centered,engaged,0.923,face_centered,"(519, 217, 306, 306)",0.1016,1,1,0.953,11,0,0
2026-06-17T23:55:45.158,338,6.429,180.159,0.112,0.026,0.041,0.167,187.422,5.76,engaged,2.094,engaged,0.962,face_centered,engaged,0.932,face_centered,"(521, 222, 302, 302)",0.099,1,1,0.975,12,0,0
2026-06-17T23:55:45.372,339,11.197,178.809,0.145,0.036,0.061,0.167,191.381,5.71,engaged,2.313,engaged,0.969,face_centered,engaged,0.942,face_centered,"(524, 216, 297, 297)",0.0957,1,1,0.967,13,0,0
2026-06-17T23:55:45.577,340,16.79,166.503,0.113,0.026,0.043,0.167,184.197,5.68,engaged,2.516,engaged,0.965,face_centered,engaged,0.952,face_centered,"(519, 216, 307, 307)",0.1023,2,2,0.969,14,0,0
2026-06-17T23:55:45.781,341,4.14,183.423,0.237,0.056,0.088,0.167,188.707,5.64,engaged,2.719,engaged,0.96,face_centered,engaged,0.963,face_centered,"(527, 236, 283, 283)",0.0869,2,2,0.951,15,0,0
2026-06-17T23:55:45.981,342,12.406,164.861,0.152,0.026,0.043,0.167,178.142,5.64,engaged,2.922,engaged,0.952,face_centered,engaged,0.964,face_centered,"(522, 243, 290, 290)",0.0913,2,2,0.951,16,0,0
2026-06-17T23:55:46.191,343,14.744,167.396,0.256,0.049,0.089,0.153,183.439,5.62,engaged,3.125,absent,0.0,no_face_detected,engaged,0.962,face_centered,"(522, 243, 290, 290)",0.0913,0,0,0.951,17,0,0
2026-06-17T23:55:46.385,344,11.498,162.166,0.19,0.053,0.067,0.153,174.49,5.63,engaged,3.328,engaged,0.964,face_centered,engaged,0.962,face_centered,"(513, 224, 303, 303)",0.0996,2,2,0.95,18,0,0
2026-06-17T23:55:46.594,345,17.499,168.729,0.155,0.028,0.071,0.153,187.377,5.6,engaged,3.532,absent,0.0,no_stable_face_candidate,engaged,0.962,face_centered,"(513, 224, 303, 303)",0.0996,1,0,0.95,19,0,0
2026-06-17T23:55:46.762,346,4.669,145.491,0.147,0.03,0.064,0.153,151.461,5.7,engaged,3.703,absent,0.0,no_face_detected,engaged,0.96,face_centered,"(513, 224, 303, 303)",0.0996,0,0,0.95,20,0,0
2026-06-17T23:55:46.960,347,19.576,155.82,0.086,0.03,0.053,0.153,176.602,5.7,engaged,3.907,absent,0.0,no_face_detected,absent,0.0,unstable_window_no_face_detected,,0.0,0,0,0.0,0,0,1
2026-06-17T23:55:47.182,348,13.59,183.317,0.209,0.047,0.268,0.258,198.066,5.63,engaged,4.125,absent,0.0,no_face_detected,disengaged,0.0,no_face_detected,"(513, 224, 303, 303)",0.0996,0,0,0.95,0,1,0
2026-06-17T23:55:47.392,349,7.179,180.667,0.142,0.033,0.062,0.258,189.01,5.6,engaged,4.328,absent,0.0,no_face_detected,absent,0.0,no_face_detected,,0.0,0,0,0.0,0,0,1
2026-06-17T23:55:47.603,350,6.468,172.071,0.161,0.043,0.045,0.258,179.483,5.6,engaged,4.547,disengaged,0.633,face_too_small,disengaged,0.633,face_too_small,"(617, 491, 105, 105)",0.012,2,1,0.158,0,1,0
2026-06-17T23:55:47.794,351,6.646,161.697,0.13,0.03,0.065,0.258,169.345,5.63,engaged,4.735,absent,0.0,no_face_detected,absent,0.0,no_face_detected,,0.0,0,0,0.0,0,0,1
2026-06-17T23:55:48.022,352,6.501,198.2,0.131,0.03,0.053,0.258,205.734,5.55,engaged,4.969,absent,0.0,no_face_detected,absent,0.0,no_face_detected,,0.0,0,0,0.0,0,0,2
2026-06-17T23:55:48.260,353,17.712,195.033,0.215,0.055,0.072,0.255,213.662,5.46,engaged,5.203,disengaged,0.666,face_too_small,disengaged,0.649,face_too_small,"(615, 483, 115, 115)",0.0144,1,1,0.578,0,1,0
2026-06-17T23:55:48.463,354,11.629,171.996,0.16,0.034,0.046,0.255,184.594,5.46,engaged,5.407,engaged,0.84,face_centered,disengaged,0.649,face_too_small,"(568, 309, 204, 204)",0.0452,1,1,0.364,0,2,0
2026-06-17T23:55:48.680,355,10.117,185.808,0.142,0.055,0.047,0.255,196.822,5.42,engaged,5.625,engaged,0.874,face_centered,disengaged,0.649,face_too_small,"(566, 312, 199, 199)",0.043,1,1,0.788,0,3,0
2026-06-17T23:55:48.892,356,14.246,179.234,0.099,0.034,0.066,0.255,194.358,5.39,engaged,5.828,engaged,0.888,face_centered,engaged,0.55,unstable_window_face_centered,"(557, 302, 218, 218)",0.0516,1,1,0.826,1,0,0
2026-06-17T23:55:49.117,357,17.608,185.003,0.164,0.055,0.12,0.255,203.664,5.35,engaged,6.063,absent,0.0,no_face_detected,absent,0.0,unstable_window_no_face_detected,,0.0,0,0,0.0,0,0,1
2026-06-17T23:55:49.326,358,11.358,168.839,0.18,0.061,0.213,0.323,181.859,5.36,engaged,6.266,absent,0.0,no_face_detected,absent,0.0,unstable_window_no_face_detected,,0.0,0,0,0.0,0,0,2
2026-06-17T23:55:49.518,359,7.509,165.193,0.125,0.045,0.085,0.323,173.675,5.4,engaged,6.453,absent,0.0,no_face_detected,absent,0.0,unstable_window_no_face_detected,,0.0,0,0,0.0,0,0,3
2026-06-17T23:55:49.678,360,17.161,123.692,0.214,0.048,0.08,0.323,141.934,5.56,engaged,6.625,engaged,0.877,face_centered,engaged,0.87,face_centered,"(562, 311, 207, 207)",0.0465,1,1,0.801,1,0,0
2026-06-17T23:55:49.855,361,12.619,143.987,0.171,0.055,0.093,0.323,157.769,5.64,engaged,6.797,absent,0.0,no_face_detected,absent,0.0,unstable_window_no_face_detected,,0.0,0,0,0.0,0,0,1
2026-06-17T23:55:50.047,362,9.987,161.867,0.32,0.07,0.084,0.323,173.107,5.66,engaged,6.985,absent,0.0,no_face_detected,disengaged,0.0,no_face_detected,"(562, 311, 207, 207)",0.0465,0,0,0.801,0,1,0
2026-06-17T23:55:50.255,363,20.91,166.121,0.219,0.048,0.052,0.323,188.016,5.62,engaged,7.203,engaged,0.747,face_centered,disengaged,0.0,no_face_detected,"(336, 299, 243, 243)",0.0641,1,1,0.499,0,2,0
2026-06-17T23:55:50.458,364,13.089,165.867,0.071,0.022,0.041,0.177,179.955,5.62,engaged,7.391,engaged,0.769,face_centered,engaged,0.55,unstable_window_face_centered,"(327, 299, 248, 248)",0.0667,2,1,0.83,1,0,0
2026-06-17T23:55:50.646,365,14.996,153.846,0.131,0.033,0.06,0.177,169.818,5.64,engaged,7.594,absent,0.0,no_face_detected,absent,0.0,unstable_window_no_face_detected,,0.0,0,0,0.0,0,0,1
2026-06-17T23:55:50.811,366,15.175,131.444,0.163,0.027,0.049,0.177,147.657,5.76,engaged,7.75,engaged,0.846,face_centered,engaged,0.809,face_centered,"(567, 312, 210, 210)",0.0479,1,1,0.477,1,0,0
2026-06-17T23:55:50.969,367,6.889,133.219,0.155,0.056,0.096,0.177,141.154,5.89,engaged,7.907,absent,0.0,no_face_detected,absent,0.0,unstable_window_no_face_detected,,0.0,0,0,0.0,0,0,1
2026-06-17T23:55:51.162,368,5.116,169.295,0.118,0.025,0.047,0.177,175.379,5.87,engaged,8.11,engaged,0.743,face_centered,engaged,0.776,face_centered,"(336, 303, 243, 243)",0.0641,1,1,0.5,1,0,0
2026-06-17T23:55:51.384,369,16.698,186.863,0.178,0.036,0.071,0.177,204.628,5.77,engaged,8.328,absent,0.0,no_face_detected,engaged,0.776,face_centered,"(336, 303, 243, 243)",0.0641,0,0,0.5,2,0,0
2026-06-17T23:55:51.570,370,12.684,149.2,0.13,0.047,0.09,0.271,162.865,5.81,engaged,8.5,absent,0.0,no_face_detected,absent,0.0,unstable_window_no_face_detected,,0.0,0,0,0.0,0,0,1
2026-06-17T23:55:51.750,371,12.093,147.155,0.198,0.052,0.074,0.271,160.361,5.85,engaged,8.688,absent,0.0,no_face_detected,disengaged,0.0,no_face_detected,"(336, 303, 243, 243)",0.0641,0,0,0.5,0,1,0
2026-06-17T23:55:51.942,372,18.456,153.285,0.143,0.038,0.053,0.271,172.739,5.85,engaged,8.875,absent,0.0,no_face_detected,disengaged,0.0,no_face_detected,"(336, 303, 243, 243)",0.0641,0,0,0.5,0,2,0
2026-06-17T23:55:52.124,373,15.479,149.379,0.134,0.04,0.082,0.271,165.784,5.86,engaged,9.063,absent,0.0,no_face_detected,absent,0.0,no_face_detected,,0.0,0,0,0.0,0,0,1
2026-06-17T23:55:52.310,374,15.887,148.133,0.205,0.061,0.093,0.271,165.157,5.88,engaged,9.25,absent,0.0,no_face_detected,absent,0.0,no_face_detected,,0.0,0,0,0.0,0,0,2
2026-06-17T23:55:52.505,375,6.033,169.204,0.232,0.03,0.058,0.271,176.277,5.86,engaged,9.453,absent,0.0,no_face_detected,absent,0.0,no_face_detected,,0.0,0,0,0.0,0,0,3
2026-06-17T23:55:52.727,376,15.676,181.323,0.184,0.038,0.056,0.223,197.914,5.78,engaged,9.657,engaged,0.765,face_centered,absent,0.0,no_face_detected,"(340, 308, 238, 238)",0.0615,3,2,0.818,0,0,4
2026-06-17T23:55:52.952,377,12.211,195.268,0.148,0.03,0.045,0.223,208.387,5.68,engaged,9.891,disengaged,0.816,face_left_or_right+face_high_or_low+face_too_small,disengaged,0.816,face_left_or_right+face_high_or_low+face_too_small,"(77, 593, 106, 106)",0.0122,1,1,0.053,0,1,0
2026-06-17T23:55:53.130,378,3.524,157.075,0.191,0.048,0.086,0.223,161.776,5.73,engaged,10.078,absent,0.0,no_face_detected,disengaged,0.816,face_left_or_right+face_high_or_low+face_too_small,"(77, 593, 106, 106)",0.0122,0,0,0.053,0,2,0
2026-06-17T23:55:53.338,379,10.778,176.462,0.136,0.032,0.052,0.223,188.2,5.69,engaged,10.282,absent,0.0,no_stable_face_candidate,disengaged,0.816,face_left_or_right+face_high_or_low+face_too_small,"(77, 593, 106, 106)",0.0122,1,0,0.053,0,3,0
2026-06-17T23:55:53.571,380,8.776,203.121,0.15,0.05,0.068,0.223,214.427,5.59,engaged,10.516,engaged,0.837,face_centered,disengaged,0.816,face_left_or_right+face_high_or_low+face_too_small,"(565, 315, 210, 210)",0.0479,1,1,0.372,0,4,0
2026-06-17T23:55:53.783,381,8.888,173.659,0.263,0.102,0.095,0.513,184.252,5.57,disengaged,0.0,absent,0.0,no_face_detected,disengaged,0.816,face_left_or_right+face_high_or_low+face_too_small,"(565, 315, 210, 210)",0.0479,0,0,0.372,0,5,0
2026-06-17T23:55:53.984,382,14.247,162.361,0.162,0.023,0.052,0.513,177.582,5.58,disengaged,0.203,engaged,0.875,face_centered,engaged,0.55,unstable_window_face_centered,"(557, 316, 218, 218)",0.0516,2,2,0.812,1,0,0
2026-06-17T23:55:54.166,383,8.578,155.052,0.105,0.032,0.08,0.513,164.561,5.63,disengaged,0.391,engaged,0.871,face_centered,engaged,0.55,unstable_window_face_centered,"(564, 316, 211, 211)",0.0483,2,2,0.804,2,0,0
2026-06-17T23:55:54.367,384,13.984,162.793,0.164,0.028,0.046,0.379,177.855,5.63,engaged,0.0,engaged,0.873,face_centered,engaged,0.864,face_centered,"(562, 316, 210, 210)",0.0479,1,1,0.814,3,0,0
2026-06-17T23:55:54.563,385,16.673,159.997,0.169,0.032,0.053,0.379,177.774,5.63,engaged,0.203,engaged,0.877,face_centered,engaged,0.867,face_centered,"(560, 313, 211, 211)",0.0483,2,2,0.816,4,0,0
2026-06-17T23:55:54.744,386,11.103,152.148,0.157,0.028,0.049,0.379,164.388,5.67,engaged,0.391,engaged,0.874,face_centered,engaged,0.868,face_centered,"(564, 313, 211, 211)",0.0483,3,3,0.813,5,0,0
2026-06-17T23:55:54.958,387,15.57,181.535,0.146,0.026,0.048,0.379,198.011,5.61,engaged,0.61,engaged,0.881,face_centered,engaged,0.875,face_centered,"(554, 312, 211, 211)",0.0483,3,2,0.798,6,0,0
2026-06-17T23:55:55.170,388,4.135,190.473,0.132,0.028,0.047,0.379,195.452,5.56,engaged,0.813,engaged,0.887,face_centered,engaged,0.877,face_centered,"(548, 310, 222, 222)",0.0535,2,2,0.83,7,0,0
2026-06-17T23:55:55.409,389,6.024,209.055,0.126,0.036,0.06,0.282,216.044,5.47,engaged,1.047,engaged,0.872,face_centered,engaged,0.876,face_centered,"(552, 320, 232, 232)",0.0584,4,2,0.804,8,0,0
2026-06-17T23:55:55.614,390,6.748,179.966,0.218,0.032,0.053,0.282,189.488,5.45,engaged,1.266,engaged,0.9,face_centered,engaged,0.881,face_centered,"(509, 246, 348, 348)",0.1314,1,1,0.802,9,0,0
2026-06-17T23:55:55.806,391,3.296,167.45,0.146,0.024,0.049,0.282,172.119,5.48,engaged,1.453,engaged,0.867,face_centered,engaged,0.88,face_centered,"(503, 234, 412, 412)",0.1842,2,1,0.85,10,0,0
2026-06-17T23:55:56.000,392,17.006,158.94,0.287,0.046,0.102,0.282,177.289,5.5,engaged,1.641,engaged,0.903,face_centered,engaged,0.884,face_centered,"(485, 211, 416, 416)",0.1878,1,1,0.913,11,0,0
2026-06-17T23:55:56.212,393,11.418,181.484,0.136,0.027,0.047,0.282,193.871,5.47,engaged,1.86,engaged,0.96,face_centered,engaged,0.896,face_centered,"(431, 166, 441, 441)",0.211,2,2,0.894,12,0,0
2026-06-17T23:55:56.428,394,6.496,185.408,0.115,0.025,0.043,0.283,192.679,5.44,engaged,2.063,engaged,0.929,face_centered,engaged,0.903,face_centered,"(480, 194, 405, 405)",0.178,3,3,0.908,13,0,0
2026-06-17T23:55:56.630,395,6.665,175.183,0.117,0.024,0.051,0.283,182.805,5.44,engaged,2.281,engaged,0.94,face_centered,engaged,0.91,face_centered,"(473, 195, 402, 402)",0.1754,3,2,0.958,14,0,0
2026-06-17T23:55:56.815,396,12.047,155.157,0.13,0.047,0.049,0.283,168.125,5.49,engaged,2.453,engaged,0.942,face_centered,engaged,0.92,face_centered,"(471, 188, 409, 409)",0.1815,3,2,0.965,15,0,0
2026-06-17T23:55:57.019,397,13.923,169.856,0.194,0.035,0.058,0.283,184.772,5.48,engaged,2.656,engaged,0.937,face_centered,engaged,0.925,face_centered,"(475, 195, 405, 405)",0.178,2,2,0.961,16,0,0
2026-06-17T23:55:57.223,398,12.468,170.688,0.274,0.044,0.077,0.283,184.293,5.48,engaged,2.875,engaged,0.933,face_centered,engaged,0.935,face_centered,"(479, 197, 403, 403)",0.1762,2,2,0.963,17,0,0
2026-06-17T23:55:57.430,399,13.016,167.756,0.348,0.049,0.069,0.358,182.13,5.48,engaged,3.063,engaged,0.937,face_centered,engaged,0.94,face_centered,"(476, 200, 398, 398)",0.1719,3,2,0.96,18,0,0
2026-06-17T23:55:57.641,400,5.269,181.632,0.108,0.024,0.041,0.358,187.724,5.46,engaged,3.281,engaged,0.935,face_centered,engaged,0.936,face_centered,"(477, 202, 398, 398)",0.1719,2,2,0.966,19,0,0
2026-06-17T23:55:57.828,401,17.711,151.935,0.152,0.033,0.066,0.358,170.621,5.5,engaged,3.469,engaged,0.93,face_centered,engaged,0.936,face_centered,"(476, 197, 409, 409)",0.1815,3,3,0.956,20,0,0
2026-06-17T23:55:58.038,402,13.145,175.466,0.119,0.026,0.043,0.358,189.488,5.48,engaged,3.688,engaged,0.93,face_centered,engaged,0.935,face_centered,"(479, 201, 403, 403)",0.1762,2,2,0.963,21,0,0
2026-06-17T23:55:58.237,403,7.175,172.573,0.13,0.028,0.05,0.358,180.747,5.49,engaged,3.875,engaged,0.933,face_centered,engaged,0.934,face_centered,"(476, 198, 404, 404)",0.1771,2,2,0.963,22,0,0
2026-06-17T23:55:58.434,404,7.148,158.636,0.146,0.039,0.049,0.273,170.508,5.52,engaged,4.078,engaged,0.933,face_centered,engaged,0.933,face_centered,"(475, 201, 403, 403)",0.1762,2,2,0.963,23,0,0
2026-06-17T23:55:58.835,405,16.093,365.4,0.12,0.025,0.041,0.273,382.257,5.23,engaged,4.485,engaged,0.936,face_centered,engaged,0.933,face_centered,"(479, 204, 392, 392)",0.1667,2,2,0.961,24,0,0
2026-06-17T23:55:59.050,406,6.007,185.932,0.379,0.042,0.075,0.273,193.183,5.23,engaged,4.688,engaged,0.937,face_centered,engaged,0.933,face_centered,"(475, 198, 401, 401)",0.1745,2,2,0.965,25,0,0
2026-06-17T23:55:59.283,407,5.729,202.492,0.238,0.098,0.074,0.273,209.663,5.18,engaged,4.922,engaged,0.937,face_centered,engaged,0.934,face_centered,"(477, 203, 394, 394)",0.1684,3,2,0.964,26,0,0
2026-06-17T23:55:59.517,408,11.525,199.137,0.158,0.033,0.058,0.261,211.558,5.14,engaged,5.156,engaged,0.937,face_centered,engaged,0.935,face_centered,"(478, 200, 396, 396)",0.1702,2,2,0.965,27,0,0
2026-06-17T23:55:59.751,409,11.386,205.269,0.123,0.027,0.048,0.261,218.19,5.08,engaged,5.391,engaged,0.937,face_centered,engaged,0.936,face_centered,"(478, 204, 393, 393)",0.1676,2,2,0.964,28,0,0
2026-06-17T23:55:59.965,410,7.332,186.347,0.333,0.039,0.06,0.261,194.554,5.09,engaged,5.61,engaged,0.937,face_centered,engaged,0.936,face_centered,"(478, 203, 394, 394)",0.1684,2,2,0.969,29,0,0
2026-06-17T23:56:00.237,411,12.329,238.955,0.113,0.024,0.053,0.261,252.195,4.97,engaged,5.875,engaged,0.938,face_centered,engaged,0.937,face_centered,"(474, 199, 400, 400)",0.1736,2,2,0.966,30,0,0
2026-06-17T23:56:00.464,412,4.207,201.183,0.149,0.035,0.073,0.261,206.309,4.96,engaged,6.11,engaged,0.939,face_centered,engaged,0.937,face_centered,"(474, 200, 399, 399)",0.1727,2,2,0.969,31,0,0
2026-06-17T23:56:00.700,413,11.318,199.489,0.131,0.075,0.06,0.296,211.607,4.94,engaged,6.344,engaged,0.937,face_centered,engaged,0.937,face_centered,"(472, 201, 401, 401)",0.1745,2,2,0.966,32,0,0
2026-06-17T23:56:00.916,414,11.25,186.95,0.066,0.016,0.047,0.296,198.984,4.95,engaged,6.563,engaged,0.931,face_centered,engaged,0.937,face_centered,"(467, 196, 417, 417)",0.1887,2,2,0.955,33,0,0
2026-06-17T23:56:01.125,415,13.882,176.442,0.127,0.029,0.058,0.296,191.213,4.98,engaged,6.766,engaged,0.933,face_centered,engaged,0.936,face_centered,"(473, 198, 408, 408)",0.1806,2,2,0.961,34,0,0
2026-06-17T23:56:01.318,416,7.486,167.505,0.106,0.027,0.068,0.296,176.285,5.05,engaged,6.969,engaged,0.936,face_centered,engaged,0.936,face_centered,"(474, 199, 402, 402)",0.1754,2,2,0.963,35,0,0
2026-06-17T23:56:01.528,417,10.719,177.493,0.132,0.027,0.049,0.296,189.205,5.07,engaged,7.172,engaged,0.936,face_centered,engaged,0.936,face_centered,"(471, 200, 405, 405)",0.178,2,2,0.964,36,0,0
2026-06-17T23:56:01.734,418,5.498,173.599,0.116,0.025,0.047,0.26,180.205,5.12,engaged,7.375,engaged,0.938,face_centered,engaged,0.936,face_centered,"(470, 194, 408, 408)",0.1806,2,2,0.963,37,0,0
2026-06-17T23:56:01.951,419,17.634,178.075,0.111,0.031,0.043,0.26,197.042,5.11,engaged,7.594,engaged,0.939,face_centered,engaged,0.936,face_centered,"(468, 196, 407, 407)",0.1797,2,2,0.966,38,0,0
2026-06-17T23:56:02.144,420,18.303,152.76,0.173,0.041,0.062,0.26,171.993,5.18,engaged,7.781,engaged,0.936,face_centered,engaged,0.936,face_centered,"(473, 198, 404, 404)",0.1771,2,2,0.963,39,0,0
2026-06-17T23:56:02.338,421,11.886,158.577,0.219,0.054,0.08,0.26,171.753,5.25,engaged,7.985,engaged,0.938,face_centered,engaged,0.937,face_centered,"(470, 197, 406, 406)",0.1789,2,2,0.967,40,0,0
2026-06-17T23:56:02.542,422,4.749,172.263,0.217,0.026,0.044,0.26,180.122,5.28,engaged,8.188,engaged,0.939,face_centered,engaged,0.938,face_centered,"(471, 194, 407, 407)",0.1797,2,2,0.966,41,0,0
2026-06-17T23:56:02.774,423,9.025,197.865,0.155,0.031,0.048,0.238,209.015,5.23,engaged,8.422,engaged,0.939,face_centered,engaged,0.938,face_centered,"(471, 195, 406, 406)",0.1789,2,2,0.97,42,0,0
2026-06-17T23:56:02.989,424,7.21,184.63,0.108,0.024,0.041,0.238,192.923,5.22,engaged,8.641,engaged,0.94,face_centered,engaged,0.939,face_centered,"(470, 193, 408, 408)",0.1806,2,2,0.969,43,0,0
2026-06-17T23:56:03.196,425,12.117,172.563,0.171,0.039,0.072,0.238,185.445,5.24,engaged,8.844,engaged,0.939,face_centered,engaged,0.939,face_centered,"(474, 197, 402, 402)",0.1754,2,2,0.967,44,0,0
2026-06-17T23:56:03.411,426,11.079,179.187,0.147,0.042,0.059,0.238,191.306,5.24,engaged,9.063,engaged,0.936,face_centered,engaged,0.938,face_centered,"(472, 198, 406, 406)",0.1789,3,2,0.963,45,0,0
2026-06-17T23:56:03.632,427,11.412,183.645,0.123,0.025,0.05,0.238,195.732,5.23,engaged,9.281,engaged,0.932,face_centered,engaged,0.937,face_centered,"(475, 204, 401, 401)",0.1745,2,2,0.96,46,0,0
2026-06-17T23:56:03.859,428,10.13,186.944,0.14,0.027,0.045,0.216,199.594,5.2,engaged,9.5,engaged,0.924,face_centered,engaged,0.935,face_centered,"(470, 204, 414, 414)",0.186,2,2,0.949,47,0,0
2026-06-17T23:56:04.053,429,6.739,168.169,0.149,0.03,0.063,0.216,176.041,5.25,engaged,9.703,engaged,0.929,face_centered,engaged,0.934,face_centered,"(475, 214, 393, 393)",0.1676,2,2,0.949,48,0,0
2026-06-17T23:56:04.228,430,15.694,141.099,0.147,0.036,0.053,0.216,157.751,5.36,engaged,9.875,engaged,0.931,face_centered,engaged,0.933,face_centered,"(476, 214, 392, 392)",0.1667,2,2,0.965,49,0,0
2026-06-17T23:56:04.414,431,8.222,154.678,0.197,0.036,0.061,0.216,163.794,5.44,engaged,10.063,engaged,0.929,face_centered,engaged,0.931,face_centered,"(480, 217, 387, 387)",0.1625,2,2,0.961,50,0,0
2026-06-17T23:56:04.613,432,8.576,167.0,0.16,0.027,0.045,0.216,176.576,5.46,engaged,10.266,engaged,0.93,face_centered,engaged,0.93,face_centered,"(474, 204, 404, 404)",0.1771,1,1,0.952,51,0,0
2026-06-17T23:56:04.821,433,15.328,170.882,0.14,0.025,0.042,0.216,187.443,5.45,engaged,10.469,engaged,0.93,face_centered,engaged,0.929,face_centered,"(477, 210, 396, 396)",0.1702,2,2,0.96,52,0,0
2026-06-17T23:56:05.024,434,11.087,164.741,0.151,0.031,0.065,0.237,176.82,5.47,engaged,10.656,engaged,0.928,face_centered,engaged,0.929,face_centered,"(473, 208, 403, 403)",0.1762,2,2,0.96,53,0,0
2026-06-17T23:56:05.216,435,10.381,160.189,0.15,0.029,0.048,0.237,171.496,5.5,engaged,10.86,engaged,0.93,face_centered,engaged,0.929,face_centered,"(475, 206, 402, 402)",0.1754,1,1,0.962,54,0,0
2026-06-17T23:56:05.388,436,7.038,145.258,0.111,0.024,0.04,0.237,153.236,5.61,engaged,11.031,engaged,0.934,face_centered,engaged,0.93,face_centered,"(475, 210, 392, 392)",0.1667,3,3,0.957,55,0,0
2026-06-17T23:56:05.567,437,10.298,151.132,0.109,0.028,0.053,0.237,162.443,5.66,engaged,11.219,engaged,0.932,face_centered,engaged,0.93,face_centered,"(480, 216, 384, 384)",0.16,1,1,0.96,56,0,0
2026-06-17T23:56:05.760,438,16.758,154.482,0.148,0.034,0.049,0.237,172.247,5.68,engaged,11.406,engaged,0.933,face_centered,engaged,0.931,face_centered,"(479, 214, 387, 387)",0.1625,2,2,0.965,57,0,0
2026-06-17T23:56:05.948,439,12.977,155.501,0.125,0.027,0.046,0.237,169.385,5.7,engaged,11.594,engaged,0.93,face_centered,engaged,0.931,face_centered,"(481, 209, 392, 392)",0.1667,2,2,0.957,58,0,0
2026-06-17T23:56:06.165,440,11.305,181.672,0.21,0.032,0.061,0.232,193.998,5.64,engaged,11.813,engaged,0.932,face_centered,engaged,0.931,face_centered,"(481, 210, 389, 389)",0.1642,1,1,0.964,59,0,0
2026-06-17T23:56:06.387,441,14.729,188.654,0.158,0.028,0.049,0.232,204.632,5.57,engaged,12.031,engaged,0.933,face_centered,engaged,0.932,face_centered,"(481, 211, 387, 387)",0.1625,2,2,0.966,60,0,0
2026-06-17T23:56:06.553,442,7.986,137.963,0.119,0.025,0.042,0.232,146.938,5.69,engaged,12.203,engaged,0.933,face_centered,engaged,0.932,face_centered,"(479, 209, 391, 391)",0.1659,2,2,0.966,61,0,0
2026-06-17T23:56:06.764,443,17.823,175.726,0.114,0.02,0.052,0.232,194.414,5.64,engaged,12.406,engaged,0.935,face_centered,engaged,0.932,face_centered,"(480, 213, 384, 384)",0.16,2,2,0.962,62,0,0
2026-06-17T23:56:07.000,444,8.163,208.646,0.139,0.033,0.054,0.232,217.503,5.53,engaged,12.641,engaged,0.93,face_centered,engaged,0.932,face_centered,"(471, 206, 404, 404)",0.1771,3,2,0.953,63,0,0
2026-06-17T23:56:07.223,445,15.256,175.662,0.157,0.043,0.07,0.326,191.849,5.5,engaged,12.86,engaged,0.928,face_centered,engaged,0.932,face_centered,"(478, 209, 397, 397)",0.171,1,1,0.958,64,0,0
2026-06-17T23:56:07.407,446,16.862,150.052,0.265,0.044,0.078,0.326,168.046,5.55,engaged,13.047,engaged,0.931,face_centered,engaged,0.932,face_centered,"(480, 212, 389, 389)",0.1642,2,2,0.96,65,0,0
2026-06-17T23:56:07.608,447,18.018,162.851,0.17,0.031,0.052,0.326,181.914,5.54,engaged,13.25,engaged,0.933,face_centered,engaged,0.932,face_centered,"(478, 213, 389, 389)",0.1642,1,1,0.964,66,0,0
2026-06-17T23:56:07.811,448,4.557,178.753,0.12,0.025,0.047,0.326,184.096,5.53,engaged,13.453,engaged,0.928,face_centered,engaged,0.931,face_centered,"(478, 207, 399, 399)",0.1727,2,2,0.954,67,0,0
2026-06-17T23:56:08.010,449,7.945,174.184,0.33,0.038,0.064,0.326,183.147,5.52,engaged,13.656,engaged,0.932,face_centered,engaged,0.931,face_centered,"(478, 212, 390, 390)",0.165,2,2,0.957,68,0,0
2026-06-17T23:56:08.242,450,17.234,179.64,0.369,0.07,0.108,0.259,198.376,5.47,engaged,13.875,engaged,0.928,face_centered,engaged,0.93,face_centered,"(475, 206, 403, 403)",0.1762,1,1,0.955,69,0,0
2026-06-17T23:56:08.467,451,9.843,193.814,0.22,0.038,0.064,0.259,204.772,5.42,engaged,14.11,engaged,0.933,face_centered,engaged,0.93,face_centered,"(474, 209, 396, 396)",0.1702,2,2,0.958,70,0,0
2026-06-17T23:56:08.646,452,6.647,153.716,0.141,0.025,0.041,0.259,161.283,5.49,engaged,14.297,engaged,0.91,face_centered,engaged,0.928,face_centered,"(492, 210, 402, 402)",0.1754,1,1,0.923,71,0,0
2026-06-17T23:56:08.819,453,12.702,141.327,0.271,0.055,0.099,0.259,155.35,5.59,engaged,14.469,absent,0.0,no_face_detected,engaged,0.927,face_centered,"(492, 210, 402, 402)",0.1754,0,0,0.923,72,0,0
2026-06-17T23:56:09.013,454,5.695,166.609,0.128,0.025,0.053,0.259,173.348,5.61,engaged,14.656,absent,0.0,no_face_detected,engaged,0.926,face_centered,"(492, 210, 402, 402)",0.1754,0,0,0.923,73,0,0
2026-06-17T23:56:09.215,455,17.046,165.98,0.139,0.027,0.057,0.259,184.235,5.59,engaged,14.86,absent,0.0,no_face_detected,engaged,0.926,face_centered,"(492, 210, 402, 402)",0.1754,0,0,0.923,74,0,0
2026-06-17T23:56:09.430,456,16.241,171.712,0.137,0.051,0.085,0.228,188.958,5.56,engaged,15.063,absent,0.0,no_face_detected,absent,0.0,unstable_window_no_face_detected,,0.0,0,0,0.0,0,0,1
2026-06-17T23:56:09.615,457,6.184,160.603,0.236,0.06,0.079,0.228,167.863,5.6,engaged,15.266,absent,0.0,no_face_detected,disengaged,0.0,no_face_detected,"(492, 210, 402, 402)",0.1754,0,0,0.923,0,1,0
2026-06-17T23:56:09.802,458,8.495,159.74,0.116,0.032,0.058,0.228,169.328,5.63,engaged,15.453,disengaged,0.628,face_too_small,disengaged,0.628,face_too_small,"(792, 494, 104, 104)",0.0117,1,1,0.099,0,2,0
2026-06-17T23:56:09.976,459,7.25,144.954,0.138,0.031,0.055,0.228,153.229,5.72,engaged,15.625,absent,0.0,no_face_detected,absent,0.0,no_face_detected,,0.0,0,0,0.0,0,0,1
2026-06-17T23:56:10.156,460,11.246,149.13,0.201,0.066,0.089,0.228,161.541,5.77,engaged,15.797,absent,0.0,no_face_detected,absent,0.0,no_face_detected,,0.0,0,0,0.0,0,0,2
2026-06-17T23:56:10.361,461,16.888,168.093,0.175,0.043,0.075,0.228,185.992,5.73,engaged,16.0,absent,0.0,no_face_detected,absent,0.0,no_face_detected,,0.0,0,0,0.0,0,0,3
2026-06-17T23:56:10.560,462,15.958,159.604,0.175,0.047,0.07,0.274,176.863,5.72,engaged,16.203,absent,0.0,no_face_detected,absent,0.0,no_face_detected,,0.0,0,0,0.0,0,0,4
2026-06-17T23:56:10.757,463,18.384,157.417,0.179,0.044,0.068,0.274,177.183,5.71,engaged,16.406,absent,0.0,no_face_detected,absent,0.0,no_face_detected,,0.0,0,0,0.0,0,0,5
2026-06-17T23:56:10.917,464,8.093,134.474,0.131,0.03,0.05,0.274,143.558,5.84,engaged,16.563,absent,0.0,no_face_detected,absent,0.0,no_face_detected,,0.0,0,0,0.0,0,0,6
2026-06-17T23:56:11.087,465,16.476,133.865,0.221,0.033,0.061,0.274,151.353,5.91,engaged,16.735,absent,0.0,no_face_detected,absent,0.0,no_face_detected,,0.0,0,0,0.0,0,0,7
2026-06-17T23:56:11.298,466,14.604,165.003,0.293,0.077,0.11,0.337,180.802,5.88,disengaged,0.0,absent,0.0,no_face_detected,absent,0.0,no_face_detected,,0.0,0,0,0.0,0,0,8
2026-06-17T23:56:11.511,467,19.131,169.934,0.163,0.036,0.064,0.337,190.524,5.81,disengaged,0.218,disengaged,0.659,face_too_small,absent,0.0,no_face_detected,"(782, 493, 105, 105)",0.012,1,1,0.493,0,0,9
2026-06-17T23:56:11.704,468,16.953,158.765,0.185,0.048,0.072,0.337,176.725,5.8,disengaged,0.406,absent,0.0,no_face_detected,absent,0.0,no_face_detected,,0.0,0,0,0.0,0,0,10
2026-06-17T23:56:11.898,469,10.281,166.523,0.193,0.051,0.082,0.337,177.92,5.78,disengaged,0.609,absent,0.0,no_face_detected,absent,0.0,no_face_detected,,0.0,0,0,0.0,0,0,11
2026-06-17T23:56:12.087,470,19.078,145.063,0.19,0.055,0.086,0.341,165.213,5.81,idle,0.0,absent,0.0,no_face_detected,absent,0.0,no_face_detected,,0.0,0,0,0.0,0,0,12
2026-06-17T23:56:12.278,471,14.766,153.591,0.194,0.042,0.074,0.341,169.576,5.82,idle,0.203,absent,0.0,no_face_detected,absent,0.0,no_face_detected,,0.0,0,0,0.0,0,0,13
2026-06-17T23:56:12.438,472,11.933,129.297,0.135,0.026,0.064,0.341,142.641,5.94,idle,0.359,absent,0.0,no_face_detected,absent,0.0,no_face_detected,,0.0,0,0,0.0,0,0,14
2026-06-17T23:56:12.609,473,5.276,145.987,0.221,0.05,0.088,0.341,152.152,6.0,idle,0.531,absent,0.0,no_face_detected,absent,0.0,no_face_detected,,0.0,0,0,0.0,0,0,15
2026-06-17T23:56:12.810,474,6.442,173.579,0.218,0.051,0.084,0.341,181.423,5.95,idle,0.734,absent,0.0,no_face_detected,absent,0.0,no_face_detected,,0.0,0,0,0.0,0,0,16
2026-06-17T23:56:12.996,475,9.179,156.946,0.205,0.048,0.084,0.341,167.112,5.95,idle,0.922,absent,0.0,no_face_detected,absent,0.0,no_face_detected,,0.0,0,0,0.0,0,0,17
2026-06-17T23:56:13.209,476,8.757,182.135,0.191,0.042,0.078,0.191,191.932,5.88,idle,1.125,absent,0.0,no_face_detected,absent,0.0,no_face_detected,,0.0,0,0,0.0,0,0,18
2026-06-17T23:56:13.398,477,14.197,156.75,0.206,0.047,0.087,0.191,171.835,5.87,idle,1.328,absent,0.0,no_face_detected,absent,0.0,no_face_detected,,0.0,0,0,0.0,0,0,19
2026-06-17T23:56:13.587,478,13.9,158.568,0.207,0.045,0.099,0.191,173.571,5.86,idle,1.516,absent,0.0,no_face_detected,absent,0.0,no_face_detected,,0.0,0,0,0.0,0,0,20
2026-06-17T23:56:13.780,479,10.544,164.446,0.202,0.045,0.078,0.191,175.889,5.84,idle,1.703,absent,0.0,no_face_detected,absent,0.0,no_face_detected,,0.0,0,0,0.0,0,0,21
2026-06-17T23:56:13.980,480,18.499,161.411,0.185,0.034,0.065,0.191,180.815,5.81,idle,1.906,absent,0.0,no_face_detected,absent,0.0,no_face_detected,,0.0,0,0,0.0,0,0,22
2026-06-17T23:56:14.171,481,5.166,166.003,0.152,0.038,0.07,0.191,172.194,5.81,idle,2.094,absent,0.0,no_face_detected,absent,0.0,no_face_detected,,0.0,0,0,0.0,0,0,23
2026-06-17T23:56:14.351,482,14.833,139.703,0.15,0.035,0.059,0.22,155.513,5.87,idle,2.266,absent,0.0,no_face_detected,absent,0.0,no_face_detected,,0.0,0,0,0.0,0,0,24
2026-06-17T23:56:14.555,483,8.062,175.024,0.261,0.054,0.07,0.22,184.149,5.83,idle,2.484,absent,0.0,no_face_detected,absent,0.0,no_face_detected,,0.0,0,0,0.0,0,0,25
2026-06-17T23:56:14.728,484,4.888,144.729,0.318,0.077,0.124,0.22,150.772,5.91,idle,2.656,absent,0.0,no_face_detected,absent,0.0,no_face_detected,,0.0,0,0,0.0,0,0,26
2026-06-17T23:56:14.908,485,7.571,152.495,0.306,0.07,0.116,0.22,161.61,5.94,idle,2.828,absent,0.0,no_face_detected,absent,0.0,no_face_detected,,0.0,0,0,0.0,0,0,27
2026-06-17T23:56:15.114,486,15.126,170.899,0.235,0.056,0.095,0.22,187.188,5.88,idle,3.047,absent,0.0,no_face_detected,absent,0.0,no_face_detected,,0.0,0,0,0.0,0,0,28
2026-06-17T23:56:15.312,487,12.871,167.933,0.175,0.038,0.062,0.22,181.768,5.84,idle,3.234,disengaged,0.664,face_too_small,absent,0.0,no_face_detected,"(781, 492, 107, 107)",0.0124,1,1,0.552,0,0,29
2026-06-17T23:56:15.534,488,14.407,183.762,0.121,0.03,0.042,0.287,198.824,5.76,disengaged,0.0,disengaged,0.66,face_too_small,disengaged,0.662,face_too_small,"(772, 493, 108, 108)",0.0127,2,1,0.506,0,1,0
2026-06-17T23:56:15.724,489,13.004,158.516,0.236,0.061,0.075,0.287,172.58,5.76,disengaged,0.203,absent,0.0,no_stable_face_candidate,disengaged,0.662,face_too_small,"(772, 493, 108, 108)",0.0127,1,0,0.506,0,2,0
2026-06-17T23:56:15.914,490,6.376,161.674,0.186,0.052,0.085,0.287,169.523,5.78,disengaged,0.391,absent,0.0,no_face_detected,disengaged,0.662,face_too_small,"(772, 493, 108, 108)",0.0127,0,0,0.506,0,3,0
2026-06-17T23:56:16.099,491,18.298,145.115,0.245,0.054,0.086,0.287,164.585,5.81,disengaged,0.578,absent,0.0,no_face_detected,disengaged,0.662,face_too_small,"(772, 493, 108, 108)",0.0127,0,0,0.506,0,4,0
2026-06-17T23:56:16.291,492,5.433,164.295,0.27,0.083,0.116,0.287,171.049,5.81,disengaged,0.766,absent,0.0,no_face_detected,disengaged,0.662,face_too_small,"(772, 493, 108, 108)",0.0127,0,0,0.506,0,5,0
2026-06-17T23:56:16.488,493,17.929,159.291,0.187,0.045,0.07,0.287,178.273,5.79,disengaged,0.969,absent,0.0,no_face_detected,disengaged,0.662,face_too_small,"(772, 493, 108, 108)",0.0127,0,0,0.506,0,6,0
2026-06-17T23:56:16.667,494,8.296,144.916,0.26,0.062,0.098,0.403,154.377,5.86,disengaged,1.125,absent,0.0,no_face_detected,absent,0.0,no_face_detected,,0.0,0,0,0.0,0,0,1
2026-06-17T23:56:17.015,495,10.288,191.201,0.185,0.049,0.077,0.403,202.857,5.77,disengaged,1.484,absent,0.0,no_face_detected,absent,0.0,no_face_detected,,0.0,0,0,0.0,0,0,2
2026-06-17T23:56:17.208,496,10.411,163.59,0.141,0.036,0.053,0.403,174.969,5.76,disengaged,1.688,absent,0.0,no_stable_face_candidate,absent,0.0,no_face_detected,,0.0,1,0,0.0,0,0,3
2026-06-17T23:56:17.420,497,3.486,187.977,0.191,0.049,0.074,0.403,192.484,5.7,disengaged,1.891,absent,0.0,no_face_detected,absent,0.0,no_face_detected,,0.0,0,0,0.0,0,0,4
2026-06-17T23:56:17.627,498,8.601,177.359,0.235,0.087,0.194,0.403,187.349,5.67,disengaged,2.094,absent,0.0,no_face_detected,absent,0.0,no_face_detected,,0.0,0,0,0.0,0,0,5
2026-06-17T23:56:17.866,499,17.583,188.313,1.188,0.164,0.123,0.214,208.098,5.58,disengaged,2.328,absent,0.0,no_face_detected,absent,0.0,no_face_detected,,0.0,0,0,0.0,0,0,6
2026-06-17T23:56:18.086,500,18.946,177.996,0.163,0.047,0.06,0.214,198.435,5.53,disengaged,2.563,disengaged,0.662,face_too_small,absent,0.0,no_face_detected,"(775, 494, 111, 111)",0.0134,2,1,0.524,0,0,7
2026-06-17T23:56:18.287,501,16.347,165.859,0.186,0.035,0.053,0.214,183.119,5.52,disengaged,2.766,absent,0.0,no_face_detected,absent,0.0,no_face_detected,,0.0,0,0,0.0,0,0,8
2026-06-17T23:56:18.495,502,17.298,170.301,0.138,0.035,0.064,0.214,188.339,5.5,disengaged,2.969,absent,0.0,no_face_detected,absent,0.0,no_face_detected,,0.0,0,0,0.0,0,0,9
2026-06-17T23:56:18.696,503,13.825,167.311,0.172,0.05,0.077,0.214,182.169,5.5,disengaged,3.172,disengaged,0.639,face_too_small,disengaged,0.65,face_too_small,"(704, 498, 97, 97)",0.0102,1,1,0.233,0,1,0
2026-06-17T23:56:18.909,504,12.396,173.41,0.161,0.033,0.046,0.234,186.952,5.48,disengaged,3.375,disengaged,0.741,face_left_or_right+face_too_small,disengaged,0.681,face_too_small,"(85, 198, 125, 125)",0.017,1,1,0.158,0,2,0
2026-06-17T23:56:19.097,505,5.722,163.315,0.174,0.054,0.07,0.234,170.839,5.52,disengaged,3.563,disengaged,0.771,face_left_or_right+face_high_or_low+face_too_small,disengaged,0.703,face_too_small,"(80, 54, 132, 132)",0.0189,1,1,0.209,0,3,0
2026-06-17T23:56:19.273,506,3.841,151.404,0.193,0.045,0.081,0.234,156.205,5.61,disengaged,3.75,absent,0.0,no_face_detected,disengaged,0.703,face_too_small,"(80, 54, 132, 132)",0.0189,0,0,0.209,0,4,0
2026-06-17T23:56:19.486,507,14.116,176.111,0.283,0.053,0.182,0.234,191.596,5.57,disengaged,3.953,absent,0.0,no_face_detected,disengaged,0.717,face_too_small,"(80, 54, 132, 132)",0.0189,0,0,0.209,0,5,0
2026-06-17T23:56:19.676,508,5.514,163.185,0.191,0.046,0.072,0.234,169.688,5.6,disengaged,4.156,absent,0.0,no_face_detected,disengaged,0.717,face_too_small,"(80, 54, 132, 132)",0.0189,0,0,0.209,0,6,0
2026-06-17T23:56:19.881,509,18.052,164.372,0.193,0.054,0.081,0.234,183.761,5.59,disengaged,4.359,absent,0.0,no_face_detected,disengaged,0.717,face_too_small,"(80, 54, 132, 132)",0.0189,0,0,0.209,0,7,0
2026-06-17T23:56:20.083,510,14.385,155.509,0.129,0.031,0.194,0.31,171.269,5.61,disengaged,4.547,absent,0.0,no_face_detected,disengaged,0.756,face_left_or_right+face_too_small,"(80, 54, 132, 132)",0.0189,0,0,0.209,0,8,0
2026-06-17T23:56:20.280,511,19.02,156.752,0.217,0.057,0.086,0.31,176.902,5.62,disengaged,4.75,absent,0.0,no_face_detected,absent,0.0,no_face_detected,,0.0,0,0,0.0,0,0,1
2026-06-17T23:56:20.454,512,8.182,143.891,0.188,0.051,0.075,0.31,153.084,5.71,disengaged,4.922,absent,0.0,no_face_detected,absent,0.0,no_face_detected,,0.0,0,0,0.0,0,0,2
2026-06-17T23:56:20.625,513,3.555,142.659,0.271,0.081,0.091,0.31,147.762,5.81,disengaged,5.094,absent,0.0,no_face_detected,absent,0.0,no_face_detected,,0.0,0,0,0.0,0,0,3
2026-06-17T23:56:20.829,514,18.425,160.111,0.191,0.057,0.083,0.31,179.672,5.79,disengaged,5.297,absent,0.0,no_face_detected,absent,0.0,no_face_detected,,0.0,0,0,0.0,0,0,4
2026-06-17T23:56:21.022,515,6.152,164.63,0.185,0.052,0.076,0.31,171.857,5.79,disengaged,5.5,absent,0.0,no_face_detected,absent,0.0,no_face_detected,,0.0,0,0,0.0,0,0,5
2026-06-17T23:56:21.222,516,14.021,157.106,0.216,0.065,0.085,0.187,172.112,5.79,disengaged,5.688,absent,0.0,no_face_detected,absent,0.0,no_face_detected,,0.0,0,0,0.0,0,0,6
2026-06-17T23:56:21.412,517,16.757,150.485,0.245,0.062,0.088,0.187,168.307,5.81,disengaged,5.891,absent,0.0,no_stable_face_candidate,absent,0.0,no_face_detected,,0.0,1,0,0.0,0,0,7
2026-06-17T23:56:21.595,518,12.479,148.29,0.282,0.042,0.079,0.187,161.638,5.85,disengaged,6.063,absent,0.0,no_face_detected,absent,0.0,no_face_detected,,0.0,0,0,0.0,0,0,8
2026-06-17T23:56:21.797,519,17.329,160.706,0.199,0.057,0.086,0.187,179.227,5.82,disengaged,6.266,absent,0.0,no_face_detected,absent,0.0,no_face_detected,,0.0,0,0,0.0,0,0,9
2026-06-17T23:56:21.975,520,5.528,151.921,0.128,0.032,0.053,0.187,158.505,5.87,disengaged,6.453,absent,0.0,no_face_detected,absent,0.0,no_face_detected,,0.0,0,0,0.0,0,0,10
2026-06-17T23:56:22.169,521,13.658,159.733,0.179,0.049,0.089,0.187,174.371,5.86,disengaged,6.641,absent,0.0,no_face_detected,absent,0.0,no_face_detected,,0.0,0,0,0.0,0,0,11
2026-06-17T23:56:22.359,522,3.846,158.058,0.202,0.053,0.075,0.256,163.187,5.88,idle,0.0,absent,0.0,no_face_detected,absent,0.0,no_face_detected,,0.0,0,0,0.0,0,0,12
2026-06-17T23:56:22.573,523,18.664,171.327,0.195,0.042,0.072,0.256,190.836,5.82,idle,0.219,absent,0.0,no_face_detected,absent,0.0,no_face_detected,,0.0,0,0,0.0,0,0,13
2026-06-17T23:56:22.742,524,8.056,139.138,0.37,0.03,0.055,0.256,148.477,5.91,idle,0.391,absent,0.0,no_face_detected,absent,0.0,no_face_detected,,0.0,0,0,0.0,0,0,14
2026-06-17T23:56:22.920,525,11.919,142.274,0.514,0.052,0.217,0.256,155.695,5.96,idle,0.563,absent,0.0,no_face_detected,absent,0.0,no_face_detected,,0.0,0,0,0.0,0,0,15
2026-06-17T23:56:23.124,526,16.27,161.676,0.182,0.044,0.074,0.256,178.902,5.92,idle,0.766,absent,0.0,no_face_detected,absent,0.0,no_face_detected,,0.0,0,0,0.0,0,0,16
2026-06-17T23:56:23.357,527,17.575,188.282,0.231,0.05,0.086,0.274,207.007,5.81,idle,1.0,absent,0.0,no_face_detected,absent,0.0,no_face_detected,,0.0,0,0,0.0,0,0,17
2026-06-17T23:56:23.536,528,3.671,155.632,0.185,0.043,0.067,0.274,160.469,5.86,idle,1.188,engaged,0.853,face_centered,absent,0.0,no_face_detected,"(321, 173, 523, 523)",0.2968,1,1,0.497,0,0,18
2026-06-17T23:56:23.698,529,13.886,129.585,0.142,0.027,0.047,0.274,144.379,5.96,idle,1.344,absent,0.0,no_stable_face_candidate,absent,0.0,no_face_detected,,0.0,1,0,0.0,0,0,19
2026-06-17T23:56:23.902,530,13.288,152.788,0.195,0.046,0.056,0.237,166.92,5.97,disengaged,0.0,engaged,0.848,face_centered,disengaged,0.0,no_face_detected,"(319, 214, 449, 449)",0.2188,2,2,0.857,0,1,0
2026-06-17T23:56:24.097,531,17.969,153.241,0.176,0.037,0.043,0.237,172.196,5.95,disengaged,0.204,disengaged,0.654,face_too_small,disengaged,0.654,face_too_small,"(475, 422, 116, 116)",0.0146,1,1,0.428,0,2,0
2026-06-17T23:56:24.315,532,7.121,183.505,0.225,0.037,0.068,0.237,191.724,5.88,disengaged,0.422,absent,0.0,no_stable_face_candidate,disengaged,0.654,face_too_small,"(475, 422, 116, 116)",0.0146,1,0,0.428,0,3,0
2026-06-17T23:56:24.507,533,16.083,153.373,0.197,0.046,0.065,0.237,170.517,5.88,disengaged,0.625,absent,0.0,no_face_detected,disengaged,0.654,face_too_small,"(475, 422, 116, 116)",0.0146,0,0,0.428,0,4,0
2026-06-17T23:56:24.710,534,14.44,168.493,0.116,0.026,0.048,0.237,183.828,5.83,disengaged,0.829,disengaged,0.643,face_too_small,disengaged,0.649,face_too_small,"(758, 257, 104, 104)",0.0117,2,2,0.288,0,5,0
2026-06-17T23:56:24.925,535,6.883,175.534,0.27,0.033,0.059,0.293,183.476,5.79,disengaged,1.032,absent,0.0,no_face_detected,disengaged,0.649,face_too_small,"(758, 257, 104, 104)",0.0117,0,0,0.288,0,6,0
2026-06-17T23:56:25.136,536,16.226,174.736,0.193,0.046,0.076,0.293,192.045,5.74,disengaged,1.25,absent,0.0,no_stable_face_candidate,disengaged,0.649,face_too_small,"(758, 257, 104, 104)",0.0117,2,0,0.288,0,7,0
2026-06-17T23:56:25.342,537,7.359,177.034,0.175,0.044,0.062,0.293,185.194,5.7,disengaged,1.454,disengaged,0.704,face_high_or_low+face_too_small,disengaged,0.667,face_too_small,"(578, 577, 122, 122)",0.0162,1,1,0.248,0,8,0
2026-06-17T23:56:25.543,538,7.753,172.799,0.114,0.029,0.041,0.293,181.499,5.68,disengaged,1.657,disengaged,0.602,face_high_or_low,disengaged,0.65,face_too_small,"(583, 565, 137, 137)",0.0204,2,2,0.519,0,9,0
2026-06-17T23:56:25.747,539,7.944,174.286,0.15,0.049,0.069,0.293,183.212,5.66,disengaged,1.86,disengaged,0.724,face_high_or_low+face_too_small,disengaged,0.668,face_high_or_low+face_too_small,"(585, 569, 127, 127)",0.0175,2,2,0.57,0,10,0
2026-06-17T23:56:25.971,540,5.442,189.959,0.114,0.031,0.042,0.259,196.406,5.6,disengaged,2.079,disengaged,0.607,face_high_or_low,disengaged,0.656,face_high_or_low+face_too_small,"(580, 563, 142, 142)",0.0219,2,2,0.581,0,11,0
2026-06-17T23:56:26.177,541,19.622,167.807,0.125,0.029,0.039,0.259,188.431,5.57,disengaged,2.297,disengaged,0.728,face_high_or_low+face_too_small,disengaged,0.673,face_high_or_low+face_too_small,"(582, 570, 132, 132)",0.0189,3,3,0.574,0,12,0
2026-06-17T23:56:26.375,542,14.325,165.189,0.2,0.036,0.052,0.259,180.513,5.57,disengaged,2.485,engaged,0.864,face_centered,disengaged,0.673,face_high_or_low+face_too_small,"(497, 268, 352, 352)",0.1344,2,2,0.5,0,13,0
2026-06-17T23:56:26.557,543,5.748,158.543,0.174,0.046,0.055,0.259,165.386,5.62,disengaged,2.672,engaged,0.906,face_centered,disengaged,0.673,face_high_or_low+face_too_small,"(496, 256, 356, 356)",0.1375,2,2,0.934,0,14,0
2026-06-17T23:56:26.747,544,4.934,162.679,0.079,0.025,0.045,0.259,168.993,5.65,disengaged,2.86,engaged,0.904,face_centered,engaged,0.55,unstable_window_face_centered,"(501, 272, 337, 337)",0.1232,1,1,0.93,1,0,0
2026-06-17T23:56:26.950,545,7.201,173.038,0.11,0.025,0.042,0.342,180.921,5.64,engaged,0.0,engaged,0.909,face_centered,engaged,0.896,face_centered,"(482, 212, 406, 406)",0.1789,2,2,0.869,2,0,0
2026-06-17T23:56:27.155,546,6.862,179.482,0.12,0.026,0.043,0.342,187.31,5.61,engaged,0.203,engaged,0.905,face_centered,engaged,0.898,face_centered,"(501, 248, 359, 359)",0.1398,2,2,0.913,3,0,0
2026-06-17T23:56:27.333,547,4.137,155.324,0.115,0.029,0.041,0.342,160.405,5.67,engaged,0.391,engaged,0.905,face_centered,engaged,0.899,face_centered,"(500, 240, 371, 371)",0.1494,1,1,0.94,4,0,0
2026-06-17T23:56:27.524,548,10.19,160.155,0.179,0.032,0.053,0.342,171.39,5.69,engaged,0.578,engaged,0.911,face_centered,engaged,0.9,face_centered,"(500, 235, 370, 370)",0.1485,1,1,0.948,5,0,0
2026-06-17T23:56:27.726,549,7.414,173.464,0.147,0.027,0.044,0.342,182.099,5.67,engaged,0.781,engaged,0.906,face_centered,engaged,0.907,face_centered,"(510, 254, 344, 344)",0.1284,2,1,0.932,6,0,0
2026-06-17T23:56:27.961,550,10.371,201.009,0.137,0.026,0.051,0.227,212.736,5.57,engaged,1.0,engaged,0.909,face_centered,engaged,0.907,face_centered,"(495, 231, 379, 379)",0.1559,1,1,0.93,7,0,0
2026-06-17T23:56:28.219,551,9.752,228.447,0.113,0.029,0.064,0.227,239.13,5.43,engaged,1.266,engaged,0.911,face_centered,engaged,0.908,face_centered,"(505, 232, 367, 367)",0.1461,2,2,0.943,8,0,0
2026-06-17T23:56:28.481,552,14.969,227.377,0.135,0.031,0.044,0.227,243.293,5.3,engaged,1.531,engaged,0.912,face_centered,engaged,0.908,face_centered,"(499, 232, 372, 372)",0.1502,2,2,0.949,9,0,0
2026-06-17T23:56:28.705,553,21.232,182.074,0.165,0.036,0.067,0.227,204.109,5.26,engaged,1.75,engaged,0.912,face_centered,engaged,0.91,face_centered,"(502, 233, 369, 369)",0.1477,2,2,0.954,10,0,0
2026-06-17T23:56:28.932,554,6.64,194.743,0.113,0.025,0.043,0.227,202.449,5.23,engaged,1.984,engaged,0.915,face_centered,engaged,0.911,face_centered,"(499, 230, 372, 372)",0.1502,2,2,0.954,11,0,0
2026-06-17T23:56:29.127,555,3.561,163.965,0.155,0.096,0.102,0.35,168.534,5.3,engaged,2.172,engaged,0.918,face_centered,engaged,0.912,face_centered,"(498, 231, 368, 368)",0.1469,2,2,0.954,12,0,0
2026-06-17T23:56:29.312,556,9.13,156.058,0.158,0.042,0.059,0.35,166.17,5.37,engaged,2.359,engaged,0.906,face_centered,engaged,0.912,face_centered,"(492, 250, 366, 366)",0.1454,1,1,0.921,13,0,0
2026-06-17T23:56:29.488,557,9.812,146.899,0.152,0.028,0.046,0.35,157.575,5.47,engaged,2.531,engaged,0.881,face_centered,engaged,0.908,face_centered,"(517, 311, 302, 302)",0.099,1,1,0.855,14,0,0
2026-06-17T23:56:29.642,558,8.871,128.79,0.128,0.03,0.049,0.35,138.596,5.64,engaged,2.687,engaged,0.915,face_centered,engaged,0.909,face_centered,"(521, 287, 283, 283)",0.0869,1,1,0.879,15,0,0
2026-06-17T23:56:29.824,559,8.955,153.356,0.111,0.026,0.042,0.35,163.286,5.69,engaged,2.875,engaged,0.937,face_centered,engaged,0.912,face_centered,"(521, 276, 269, 269)",0.0785,1,1,0.914,16,0,0
2026-06-17T23:56:30.017,560,14.829,157.72,0.241,0.059,0.14,0.35,173.805,5.7,engaged,3.062,engaged,0.982,face_centered,engaged,0.922,face_centered,"(498, 229, 281, 281)",0.0857,1,1,0.883,17,0,0
2026-06-17T23:56:30.220,561,10.238,166.04,0.16,0.026,0.045,0.303,177.386,5.69,engaged,3.266,engaged,0.945,face_centered,engaged,0.926,face_centered,"(487, 263, 283, 283)",0.0869,1,1,0.892,18,0,0
2026-06-17T23:56:30.426,562,16.051,171.339,0.165,0.028,0.044,0.303,188.569,5.65,engaged,3.484,engaged,0.853,face_centered,engaged,0.917,face_centered,"(554, 332, 208, 208)",0.0469,1,1,0.652,19,0,0
2026-06-17T23:56:30.587,563,12.788,130.641,0.291,0.048,0.188,0.303,144.686,5.78,engaged,3.641,absent,0.0,no_face_detected,engaged,0.919,face_centered,"(554, 332, 208, 208)",0.0469,0,0,0.652,20,0,0
2026-06-17T23:56:30.741,564,4.778,129.466,0.122,0.027,0.045,0.303,135.338,5.94,engaged,3.797,engaged,0.84,face_centered,engaged,0.912,face_centered,"(570, 346, 194, 194)",0.0408,1,1,0.735,21,0,0
2026-06-17T23:56:30.934,565,9.542,162.956,0.58,0.109,0.206,0.303,174.029,5.92,engaged,3.984,engaged,0.85,face_centered,engaged,0.901,face_centered,"(565, 339, 208, 208)",0.0469,1,1,0.789,22,0,0
2026-06-17T23:56:31.143,566,19.867,171.606,0.162,0.033,0.046,0.303,192.397,5.85,engaged,4.187,engaged,0.836,face_centered,engaged,0.884,face_centered,"(573, 350, 192, 192)",0.04,1,1,0.753,23,0,0
2026-06-17T23:56:31.319,567,8.056,140.797,0.19,0.039,0.042,0.273,150.077,5.93,engaged,4.359,engaged,0.849,face_centered,engaged,0.862,face_centered,"(561, 343, 206, 206)",0.046,1,1,0.776,24,0,0
2026-06-17T23:56:31.597,568,4.011,254.357,0.118,0.034,0.042,0.273,259.385,5.72,engaged,4.641,engaged,0.845,face_centered,engaged,0.846,face_centered,"(560, 349, 206, 206)",0.046,1,1,0.782,25,0,0
2026-06-17T23:56:31.777,569,7.351,150.432,0.294,0.104,0.167,0.273,159.514,5.78,engaged,4.828,absent,0.0,no_face_detected,engaged,0.844,face_centered,"(560, 349, 206, 206)",0.046,0,0,0.782,26,0,0
2026-06-17T23:56:32.059,570,12.213,242.657,0.109,0.025,0.038,0.273,256.053,5.59,engaged,5.109,engaged,0.839,face_centered,engaged,0.843,face_centered,"(555, 359, 205, 205)",0.0456,2,2,0.762,27,0,0
2026-06-17T23:56:32.296,571,9.855,202.919,0.108,0.024,0.042,0.273,214.239,5.5,engaged,5.344,engaged,0.837,face_centered,engaged,0.843,face_centered,"(559, 363, 194, 194)",0.0408,3,3,0.762,28,0,0
2026-06-17T23:56:32.605,572,20.839,237.629,0.211,0.038,0.065,0.192,262.482,5.33,engaged,5.656,engaged,0.845,face_centered,engaged,0.842,face_centered,"(550, 359, 206, 206)",0.046,3,3,0.778,29,0,0
2026-06-17T23:56:32.863,573,11.141,224.641,0.13,0.032,0.046,0.192,236.641,5.22,engaged,5.906,engaged,0.843,face_centered,engaged,0.843,face_centered,"(548, 363, 209, 209)",0.0474,3,3,0.784,30,0,0
2026-06-17T23:56:33.061,574,17.242,160.827,0.109,0.026,0.042,0.192,179.21,5.25,engaged,6.109,engaged,0.841,face_centered,engaged,0.842,face_centered,"(553, 361, 210, 210)",0.0479,4,3,0.786,31,0,0
2026-06-17T23:56:33.266,575,7.275,175.624,0.111,0.037,0.056,0.192,183.923,5.27,engaged,6.312,engaged,0.834,face_centered,engaged,0.84,face_centered,"(557, 366, 204, 204)",0.0452,3,3,0.78,32,0,0
2026-06-17T23:56:33.485,576,20.558,178.121,0.127,0.028,0.124,0.192,199.823,5.25,engaged,6.531,engaged,0.834,face_centered,engaged,0.839,face_centered,"(559, 364, 205, 205)",0.0456,4,3,0.783,33,0,0
2026-06-17T23:56:33.695,577,17.195,166.688,0.113,0.024,0.043,0.278,184.82,5.26,engaged,6.734,engaged,0.835,face_centered,engaged,0.838,face_centered,"(559, 361, 212, 212)",0.0488,5,3,0.789,34,0,0
2026-06-17T23:56:33.903,578,10.83,176.013,0.107,0.024,0.039,0.278,187.64,5.27,engaged,6.953,engaged,0.829,face_centered,engaged,0.837,face_centered,"(564, 365, 204, 204)",0.0452,4,3,0.78,35,0,0
2026-06-17T23:56:34.185,579,10.474,254.196,0.165,0.029,0.049,0.278,265.921,5.12,engaged,7.234,engaged,0.832,face_centered,engaged,0.835,face_centered,"(562, 364, 207, 207)",0.0465,3,3,0.791,36,0,0
2026-06-17T23:56:34.421,580,23.833,187.867,0.213,0.039,0.066,0.278,212.869,5.08,engaged,7.469,engaged,0.83,face_centered,engaged,0.833,face_centered,"(564, 365, 203, 203)",0.0447,2,2,0.782,37,0,0
2026-06-17T23:56:34.644,581,22.019,180.352,0.16,0.035,0.058,0.278,203.518,5.06,engaged,7.687,engaged,0.831,face_centered,engaged,0.832,face_centered,"(561, 366, 202, 202)",0.0443,3,3,0.775,38,0,0
2026-06-17T23:56:34.891,582,16.05,203.962,0.114,0.026,0.041,0.25,221.345,5.01,engaged,7.937,engaged,0.831,face_centered,engaged,0.832,face_centered,"(561, 367, 200, 200)",0.0434,2,2,0.779,39,0,0
2026-06-17T23:56:35.117,583,19.805,185.826,0.16,0.041,0.061,0.25,206.479,4.99,engaged,8.172,engaged,0.836,face_centered,engaged,0.832,face_centered,"(557, 363, 206, 206)",0.046,3,2,0.787,40,0,0
2026-06-17T23:56:35.312,584,9.448,166.194,0.126,0.025,0.045,0.25,176.792,5.06,engaged,8.359,engaged,0.838,face_centered,engaged,0.832,face_centered,"(554, 364, 208, 208)",0.0469,2,2,0.789,41,0,0
2026-06-17T23:56:35.514,585,17.589,162.934,0.133,0.035,0.057,0.25,181.585,5.1,engaged,8.562,engaged,0.836,face_centered,engaged,0.833,face_centered,"(557, 364, 204, 204)",0.0452,4,3,0.782,42,0,0
2026-06-17T23:56:35.732,586,16.801,175.626,0.147,0.04,0.118,0.25,193.896,5.11,engaged,8.781,engaged,0.832,face_centered,engaged,0.833,face_centered,"(559, 367, 200, 200)",0.0434,2,2,0.778,43,0,0
2026-06-17T23:56:35.950,587,6.227,185.96,0.181,0.032,0.062,0.328,193.24,5.11,engaged,9.0,engaged,0.835,face_centered,engaged,0.834,face_centered,"(554, 367, 203, 203)",0.0447,2,2,0.776,44,0,0
2026-06-17T23:56:36.287,588,12.831,304.462,0.11,0.024,0.041,0.328,318.294,4.92,engaged,9.344,engaged,0.836,face_centered,engaged,0.835,face_centered,"(555, 367, 202, 202)",0.0443,3,3,0.786,45,0,0
2026-06-17T23:56:36.514,589,16.062,192.513,0.122,0.029,0.046,0.328,209.684,4.9,engaged,9.562,engaged,0.836,face_centered,engaged,0.836,face_centered,"(555, 366, 203, 203)",0.0447,3,3,0.788,46,0,0
2026-06-17T23:56:36.748,590,18.565,193.083,0.124,0.026,0.043,0.328,212.851,4.88,engaged,9.797,engaged,0.836,face_centered,engaged,0.836,face_centered,"(554, 367, 202, 202)",0.0443,3,3,0.783,47,0,0
2026-06-17T23:56:37.117,591,10.836,333.887,0.161,0.038,0.061,0.363,346.396,4.68,engaged,10.156,engaged,0.836,face_centered,engaged,0.835,face_centered,"(555, 368, 199, 199)",0.043,3,3,0.779,48,0,0
2026-06-17T23:56:37.404,592,16.447,240.396,0.262,0.061,0.1,0.363,258.71,4.6,engaged,10.453,engaged,0.844,face_centered,engaged,0.837,face_centered,"(547, 362, 208, 208)",0.0469,4,4,0.783,49,0,0
2026-06-17T23:56:37.628,593,11.551,184.424,0.193,0.043,0.071,0.363,198.142,4.64,engaged,10.672,engaged,0.839,face_centered,engaged,0.838,face_centered,"(551, 366, 202, 202)",0.0443,4,3,0.781,50,0,0
2026-06-17T23:56:37.994,594,9.272,331.668,0.138,0.032,0.057,0.363,342.754,4.47,engaged,11.047,engaged,0.845,face_centered,engaged,0.839,face_centered,"(545, 363, 207, 207)",0.0465,4,3,0.786,51,0,0
2026-06-17T23:56:38.188,595,16.131,149.225,0.108,0.025,0.039,0.596,166.298,4.63,engaged,11.234,disengaged,0.688,face_left_or_right+face_high_or_low,engaged,0.839,face_centered,"(42, 14, 167, 167)",0.0303,1,1,0.226,52,0,0
2026-06-17T23:56:38.366,596,14.121,144.149,0.129,0.029,0.046,0.596,159.218,4.79,engaged,11.422,disengaged,0.716,face_left_or_right+face_high_or_low,engaged,0.84,face_centered,"(39, 14, 169, 169)",0.031,1,1,0.575,53,0,0
2026-06-17T23:56:38.521,597,17.18,114.11,0.168,0.028,0.046,0.596,132.299,5.07,engaged,11.578,disengaged,0.716,face_left_or_right+face_high_or_low,engaged,0.841,face_centered,"(42, 14, 166, 166)",0.0299,1,1,0.57,54,0,0
2026-06-17T23:56:38.668,598,6.493,121.691,0.101,0.048,0.05,0.596,129.213,5.34,engaged,11.719,disengaged,0.716,face_left_or_right+face_high_or_low,disengaged,0.55,unstable_window_face_left_or_right+face_high_or_low,"(38, 15, 168, 168)",0.0306,1,1,0.568,0,1,0
2026-06-17T23:56:38.810,599,18.457,106.469,0.159,0.044,0.059,0.596,126.068,5.6,engaged,11.859,disengaged,0.718,face_left_or_right+face_high_or_low,disengaged,0.711,face_left_or_right+face_high_or_low,"(37, 14, 168, 168)",0.0306,1,1,0.579,0,2,0
2026-06-17T23:56:38.999,600,15.738,153.57,0.162,0.04,0.044,0.596,170.725,5.62,engaged,12.047,disengaged,0.716,face_left_or_right+face_high_or_low,disengaged,0.712,face_left_or_right+face_high_or_low,"(35, 13, 174, 174)",0.0329,1,1,0.58,0,3,0
