timestamp,capture_ms,engagement_detection_ms,state_machine_ms,command_build_ms,total_loop_ms,state,engagement_status,engagement_confidence,engagement_reason
2026-06-17T22:31:07.683,406.511,944.006,0.023,0.065,1350.645,disengaged,disengaged,0.569,face_left_or_right
2026-06-17T22:31:07.975,8.482,90.769,0.017,0.039,100.174,disengaged,disengaged,0.669,face_left_or_right+face_too_small
2026-06-17T22:31:08.080,7.228,78.598,0.023,0.041,87.367,disengaged,absent,0.0,no_face_detected
2026-06-17T22:31:08.166,6.533,62.23,0.019,0.038,69.774,disengaged,disengaged,0.569,face_left_or_right
2026-06-17T22:31:08.247,7.936,59.949,0.024,0.045,68.929,disengaged,absent,0.0,no_face_detected
2026-06-17T22:31:08.328,3.456,62.887,0.031,0.055,67.109,disengaged,absent,0.0,no_face_detected
2026-06-17T22:31:08.401,4.372,55.341,0.034,0.064,60.744,disengaged,absent,0.0,no_face_detected
2026-06-17T22:31:08.477,6.16,57.462,0.034,0.084,64.417,disengaged,disengaged,0.569,face_left_or_right
2026-06-17T22:31:08.580,8.68,73.862,0.046,0.087,83.912,disengaged,absent,0.0,no_face_detected
2026-06-17T22:31:08.656,3.739,56.261,0.039,0.076,60.81,disengaged,absent,0.0,no_face_detected
2026-06-17T22:31:08.735,5.223,57.446,0.052,0.1,63.497,disengaged,absent,0.0,no_face_detected
2026-06-17T22:31:08.825,5.089,63.296,0.034,0.073,69.17,disengaged,absent,0.0,no_face_detected
2026-06-17T22:31:08.909,5.149,63.137,0.027,0.053,69.078,disengaged,disengaged,0.568,face_left_or_right
2026-06-17T22:31:08.995,5.055,68.995,0.024,0.046,74.797,disengaged,disengaged,0.568,face_left_or_right
2026-06-17T22:31:09.073,4.401,60.432,0.019,0.038,65.685,disengaged,disengaged,0.568,face_left_or_right
2026-06-17T22:31:09.165,4.582,74.633,0.037,0.058,80.056,disengaged,absent,0.0,no_face_detected
2026-06-17T22:31:09.246,3.837,60.554,0.055,0.108,65.736,disengaged,absent,0.0,no_face_detected
2026-06-17T22:31:09.318,4.291,60.661,0.024,0.047,65.489,disengaged,absent,0.0,no_face_detected
2026-06-17T22:31:09.393,5.532,55.102,0.028,0.062,61.374,disengaged,absent,0.0,no_face_detected
2026-06-17T22:31:09.469,3.862,62.8,0.02,0.041,67.287,disengaged,disengaged,0.671,face_left_or_right+face_too_small
2026-06-17T22:31:09.551,4.431,67.259,0.016,0.035,72.291,disengaged,disengaged,0.57,face_left_or_right
2026-06-17T22:31:09.638,5.822,69.26,0.019,0.037,75.758,disengaged,disengaged,0.57,face_left_or_right
2026-06-17T22:31:10.012,276.935,77.99,0.035,0.085,355.822,disengaged,disengaged,0.571,face_left_or_right
2026-06-17T22:31:10.104,3.583,76.232,0.044,0.082,80.546,disengaged,absent,0.0,no_face_detected
2026-06-17T22:31:10.197,3.992,77.67,0.025,0.052,82.607,disengaged,absent,0.0,no_face_detected
2026-06-17T22:31:10.286,5.922,72.882,0.021,0.036,79.414,disengaged,disengaged,0.571,face_left_or_right
2026-06-17T22:31:10.370,6.041,72.052,0.02,0.042,78.714,disengaged,disengaged,0.569,face_left_or_right
2026-06-17T22:31:10.473,4.583,82.088,0.041,0.075,87.306,disengaged,disengaged,0.569,face_left_or_right
2026-06-17T22:31:10.565,3.519,74.734,0.019,0.04,78.905,disengaged,disengaged,0.57,face_left_or_right
2026-06-17T22:31:10.652,3.588,73.699,0.036,0.063,77.912,disengaged,disengaged,0.57,face_left_or_right
2026-06-17T22:31:10.740,4.307,75.712,0.047,0.088,80.888,disengaged,absent,0.0,no_face_detected
2026-06-17T22:31:10.835,3.396,78.97,0.015,0.028,83.014,disengaged,disengaged,0.571,face_left_or_right
2026-06-17T22:31:10.934,5.039,80.231,0.054,0.093,86.021,disengaged,disengaged,0.572,face_left_or_right
2026-06-17T22:31:11.019,3.829,69.898,0.017,0.041,74.585,disengaged,disengaged,0.571,face_left_or_right
2026-06-17T22:31:11.103,4.167,74.372,0.016,0.033,79.195,disengaged,disengaged,0.571,face_left_or_right
2026-06-17T22:31:11.206,3.287,81.308,0.083,0.075,85.242,disengaged,disengaged,0.572,face_left_or_right
2026-06-17T22:31:11.287,3.175,66.212,0.029,0.061,70.055,disengaged,disengaged,0.572,face_left_or_right
2026-06-17T22:31:11.370,6.145,69.977,0.016,0.043,76.615,disengaged,disengaged,0.572,face_left_or_right
2026-06-17T22:31:11.444,3.677,59.51,0.022,0.043,63.878,disengaged,disengaged,0.572,face_left_or_right
2026-06-17T22:31:11.515,4.522,54.949,0.027,0.055,60.194,disengaged,disengaged,0.571,face_left_or_right
2026-06-17T22:31:11.590,3.305,61.291,0.024,0.045,65.147,disengaged,disengaged,0.573,face_left_or_right
2026-06-17T22:31:11.675,7.096,66.208,0.018,0.039,74.151,disengaged,disengaged,0.572,face_left_or_right
2026-06-17T22:31:11.752,3.516,61.622,0.017,0.036,65.702,disengaged,disengaged,0.672,face_left_or_right+face_too_small
2026-06-17T22:31:11.824,3.852,60.173,0.018,0.037,64.901,disengaged,disengaged,0.571,face_left_or_right
2026-06-17T22:31:11.908,3.468,69.722,0.019,0.036,73.868,disengaged,disengaged,0.571,face_left_or_right
2026-06-17T22:31:11.991,3.599,59.239,0.023,0.04,63.518,disengaged,disengaged,0.571,face_left_or_right
2026-06-17T22:31:12.068,5.848,60.348,0.02,0.038,66.93,disengaged,disengaged,0.572,face_left_or_right
2026-06-17T22:31:12.146,3.595,67.166,0.017,0.033,71.434,disengaged,disengaged,0.573,face_left_or_right
2026-06-17T22:31:12.219,3.344,56.275,0.018,0.035,60.251,disengaged,disengaged,0.572,face_left_or_right
2026-06-17T22:31:12.288,3.39,51.967,0.02,0.037,55.995,disengaged,disengaged,0.573,face_left_or_right
2026-06-17T22:31:12.365,5.363,55.123,0.018,0.037,61.12,disengaged,disengaged,0.573,face_left_or_right
2026-06-17T22:31:12.441,3.317,61.878,0.028,0.051,65.759,disengaged,disengaged,0.573,face_left_or_right
2026-06-17T22:31:12.503,4.714,50.014,0.023,0.046,55.287,disengaged,disengaged,0.572,face_left_or_right
2026-06-17T22:31:12.573,5.368,53.2,0.018,0.036,59.12,disengaged,disengaged,0.572,face_left_or_right
2026-06-17T22:31:12.653,4.881,65.708,0.026,0.058,71.276,disengaged,disengaged,0.573,face_left_or_right
2026-06-17T22:31:12.724,4.024,56.266,0.028,0.04,61.217,seeking_attention,disengaged,0.573,face_left_or_right
2026-06-17T22:31:12.801,4.773,61.805,0.029,0.042,67.256,seeking_attention,disengaged,0.573,face_left_or_right
2026-06-17T22:31:12.890,13.499,60.121,0.025,0.034,74.275,seeking_attention,disengaged,0.573,face_left_or_right
2026-06-17T22:31:12.972,5.316,66.205,0.05,0.059,72.219,seeking_attention,disengaged,0.573,face_left_or_right
2026-06-17T22:31:13.046,5.448,54.47,0.026,0.034,60.437,seeking_attention,disengaged,0.572,face_left_or_right
2026-06-17T22:31:13.109,3.626,53.666,0.026,0.035,57.912,seeking_attention,disengaged,0.573,face_left_or_right
2026-06-17T22:31:13.189,11.34,51.863,0.035,0.051,64.01,seeking_attention,disengaged,0.572,face_left_or_right
2026-06-17T22:31:13.267,5.83,59.301,0.115,0.05,66.025,seeking_attention,disengaged,0.572,face_left_or_right
2026-06-17T22:31:13.356,3.489,72.489,0.044,0.052,76.695,seeking_attention,disengaged,0.573,face_left_or_right
2026-06-17T22:31:13.437,3.807,67.025,0.051,0.061,71.797,seeking_attention,disengaged,0.573,face_left_or_right
2026-06-17T22:31:13.522,3.603,64.228,0.069,0.079,68.602,seeking_attention,disengaged,0.572,face_left_or_right
2026-06-17T22:31:13.611,4.783,66.266,0.03,0.041,71.639,seeking_attention,disengaged,0.572,face_left_or_right
2026-06-17T22:31:13.695,3.961,64.663,0.026,0.036,69.46,seeking_attention,disengaged,0.574,face_left_or_right
2026-06-17T22:31:13.770,5.25,64.957,0.026,0.037,70.803,seeking_attention,disengaged,0.574,face_left_or_right
2026-06-17T22:31:13.866,4.054,70.885,0.039,0.054,75.728,seeking_attention,disengaged,0.573,face_left_or_right
2026-06-17T22:31:13.959,3.448,75.401,0.058,0.062,79.577,seeking_attention,disengaged,0.572,face_left_or_right
2026-06-17T22:31:14.039,3.238,62.84,0.064,0.087,66.751,seeking_attention,disengaged,0.574,face_left_or_right
2026-06-17T22:31:14.101,4.061,58.552,0.025,0.034,63.548,seeking_attention,disengaged,0.572,face_left_or_right
2026-06-17T22:31:14.193,3.205,60.264,0.035,0.046,64.338,seeking_attention,disengaged,0.572,face_left_or_right
2026-06-17T22:31:14.280,5.925,68.657,0.04,0.051,75.359,seeking_attention,disengaged,0.572,face_left_or_right
2026-06-17T22:31:14.363,3.506,67.25,0.034,0.046,71.411,seeking_attention,disengaged,0.571,face_left_or_right
2026-06-17T22:31:14.453,4.063,72.622,0.056,0.058,77.699,seeking_attention,disengaged,0.573,face_left_or_right
2026-06-17T22:31:14.536,4.437,69.515,0.019,0.036,74.619,seeking_attention,disengaged,0.572,face_left_or_right
2026-06-17T22:31:14.614,3.569,58.63,0.03,0.042,62.865,seeking_attention,disengaged,0.572,face_left_or_right
2026-06-17T22:31:14.695,4.115,65.367,0.03,0.042,70.102,seeking_attention,disengaged,0.572,face_left_or_right
2026-06-17T22:31:14.780,7.422,58.7,0.024,0.034,67.204,seeking_attention,disengaged,0.572,face_left_or_right
2026-06-17T22:31:14.867,4.688,71.296,0.026,0.047,76.554,seeking_attention,disengaged,0.572,face_left_or_right
2026-06-17T22:31:14.956,6.355,69.658,0.039,0.052,76.884,seeking_attention,disengaged,0.572,face_left_or_right
2026-06-17T22:31:15.032,3.946,60.837,0.028,0.038,65.376,seeking_attention,disengaged,0.572,face_left_or_right
2026-06-17T22:31:15.094,3.504,54.112,0.025,0.038,58.171,seeking_attention,disengaged,0.572,face_left_or_right
2026-06-17T22:31:15.172,4.847,56.854,0.028,0.044,62.377,seeking_attention,disengaged,0.572,face_left_or_right
2026-06-17T22:31:15.257,4.779,66.991,0.027,0.035,72.284,seeking_attention,disengaged,0.573,face_left_or_right
2026-06-17T22:31:15.332,3.61,62.634,0.029,0.04,66.799,seeking_attention,disengaged,0.572,face_left_or_right
2026-06-17T22:31:15.402,3.891,64.119,0.035,0.049,69.213,seeking_attention,disengaged,0.573,face_left_or_right
2026-06-17T22:31:15.496,3.498,62.712,0.023,0.032,66.867,seeking_attention,disengaged,0.571,face_left_or_right
2026-06-17T22:31:15.571,9.028,61.579,0.027,0.033,71.278,seeking_attention,disengaged,0.572,face_left_or_right
2026-06-17T22:31:15.656,5.143,69.195,0.026,0.038,74.856,seeking_attention,disengaged,0.572,face_left_or_right
2026-06-17T22:31:15.752,5.167,70.893,0.029,0.041,76.637,seeking_attention,disengaged,0.572,face_left_or_right
2026-06-17T22:31:15.837,3.336,70.17,0.033,0.047,74.16,seeking_attention,disengaged,0.571,face_left_or_right
2026-06-17T22:31:15.921,6.881,75.758,0.026,0.034,83.207,seeking_attention,disengaged,0.572,face_left_or_right
2026-06-17T22:31:16.001,3.404,60.252,0.054,0.045,64.391,seeking_attention,disengaged,0.572,face_left_or_right
2026-06-17T22:31:16.076,3.462,54.468,0.024,0.034,58.583,seeking_attention,disengaged,0.571,face_left_or_right
2026-06-17T22:31:16.154,5.126,63.015,0.029,0.041,68.828,seeking_attention,disengaged,0.571,face_left_or_right
2026-06-17T22:31:16.232,5.592,64.652,0.031,0.04,70.888,seeking_attention,disengaged,0.573,face_left_or_right
2026-06-17T22:31:16.306,3.205,59.126,0.026,0.035,62.911,seeking_attention,disengaged,0.571,face_left_or_right
2026-06-17T22:31:16.372,4.411,60.14,0.029,0.04,65.048,seeking_attention,disengaged,0.572,face_left_or_right
2026-06-17T22:31:16.469,6.028,68.62,0.023,0.034,75.627,seeking_attention,disengaged,0.572,face_left_or_right
2026-06-17T22:31:16.542,3.932,62.189,0.025,0.034,67.116,seeking_attention,disengaged,0.572,face_left_or_right
2026-06-17T22:31:16.620,3.273,62.984,0.023,0.032,66.793,seeking_attention,disengaged,0.573,face_left_or_right
2026-06-17T22:31:16.690,3.59,55.041,0.023,0.032,59.301,seeking_attention,disengaged,0.572,face_left_or_right
2026-06-17T22:31:16.768,16.88,52.535,0.026,0.035,70.366,seeking_attention,disengaged,0.572,face_left_or_right
2026-06-17T22:31:16.848,5.329,56.934,0.024,0.034,62.859,seeking_attention,disengaged,0.572,face_left_or_right
2026-06-17T22:31:16.932,3.361,69.733,0.05,0.066,73.775,seeking_attention,absent,0.0,no_face_detected
2026-06-17T22:31:17.019,5.195,63.083,0.03,0.041,68.92,seeking_attention,disengaged,0.568,face_left_or_right
2026-06-17T22:31:17.081,4.691,45.587,0.031,0.042,51.378,seeking_attention,disengaged,0.569,face_left_or_right
2026-06-17T22:31:17.143,5.637,51.951,0.027,0.037,58.151,seeking_attention,disengaged,0.569,face_left_or_right
2026-06-17T22:31:17.209,3.393,56.552,0.027,0.038,60.508,seeking_attention,disengaged,0.571,face_left_or_right
2026-06-17T22:31:17.278,3.406,46.689,0.043,0.049,50.689,seeking_attention,absent,0.0,no_face_detected
2026-06-17T22:31:17.341,5.319,46.601,0.073,0.042,52.68,seeking_attention,absent,0.0,no_face_detected
2026-06-17T22:31:17.399,3.371,44.767,0.092,0.072,48.855,seeking_attention,absent,0.0,no_face_detected
2026-06-17T22:31:17.458,3.325,44.051,0.043,0.053,48.057,seeking_attention,absent,0.0,no_face_detected
2026-06-17T22:31:17.525,4.334,51.614,0.034,0.053,56.485,seeking_attention,absent,0.0,no_face_detected
2026-06-17T22:31:17.581,3.263,45.304,0.075,0.156,49.319,seeking_attention,absent,0.0,no_face_detected
2026-06-17T22:31:17.639,5.383,43.684,0.074,0.088,50.02,seeking_attention,absent,0.0,no_face_detected
2026-06-17T22:31:17.716,4.478,54.407,0.049,0.069,59.417,seeking_attention,absent,0.0,no_face_detected
2026-06-17T22:31:17.780,4.28,50.029,0.021,0.053,54.851,engaged,engaged,0.838,face_centered
2026-06-17T22:31:17.846,5.854,46.008,0.018,0.12,52.963,engaged,engaged,0.838,face_centered
2026-06-17T22:31:17.914,3.943,56.955,0.018,0.039,61.444,engaged,engaged,0.828,face_centered
2026-06-17T22:31:17.988,6.719,52.689,0.03,0.037,60.154,engaged,engaged,0.829,face_centered
2026-06-17T22:31:18.068,13.179,56.345,0.015,0.036,70.269,engaged,engaged,0.829,face_centered
2026-06-17T22:31:18.147,5.574,60.92,0.017,0.04,67.215,engaged,engaged,0.837,face_centered
2026-06-17T22:31:18.231,3.902,71.275,0.028,0.06,75.756,engaged,engaged,0.84,face_centered
2026-06-17T22:31:18.307,3.447,60.908,0.014,0.034,64.956,engaged,engaged,0.847,face_centered
2026-06-17T22:31:18.386,3.633,65.641,0.037,0.054,69.952,engaged,engaged,0.847,face_centered
2026-06-17T22:31:18.475,3.365,67.971,0.027,0.052,71.861,engaged,engaged,0.89,face_centered
2026-06-17T22:31:18.577,5.573,86.466,0.014,0.033,92.673,engaged,engaged,0.89,face_centered
2026-06-17T22:31:18.662,3.414,69.278,0.014,0.034,73.356,engaged,engaged,0.905,face_centered
2026-06-17T22:31:18.755,5.194,78.091,0.019,0.054,83.837,engaged,engaged,0.92,face_centered
2026-06-17T22:31:18.836,5.19,61.253,0.025,0.047,67.029,engaged,engaged,0.936,face_centered
2026-06-17T22:31:18.921,4.728,66.056,0.049,0.074,71.839,disengaged,absent,0.0,no_face_detected
2026-06-17T22:31:19.011,6.09,70.189,0.019,0.042,77.21,engaged,engaged,0.937,face_centered
2026-06-17T22:31:19.102,3.584,78.63,0.018,0.042,82.853,engaged,engaged,0.957,face_centered
2026-06-17T22:31:19.188,3.76,67.938,0.022,0.053,72.357,engaged,engaged,0.972,face_centered
2026-06-17T22:31:19.274,3.339,67.876,0.017,0.038,71.727,engaged,engaged,0.977,face_centered
2026-06-17T22:31:19.360,4.21,71.54,0.016,0.036,76.418,engaged,engaged,0.977,face_centered
2026-06-17T22:31:19.448,5.269,71.88,0.016,0.037,77.764,engaged,engaged,0.977,face_centered
2026-06-17T22:31:19.541,3.872,77.321,0.015,0.039,81.818,engaged,engaged,0.97,face_centered
2026-06-17T22:31:19.636,3.265,80.268,0.014,0.034,84.107,engaged,engaged,0.965,face_centered
2026-06-17T22:31:19.723,3.128,74.443,0.017,0.037,78.158,engaged,engaged,0.965,face_centered
2026-06-17T22:31:19.819,3.255,88.171,0.017,0.041,92.323,engaged,engaged,0.96,face_centered
2026-06-17T22:31:19.915,3.351,73.791,0.018,0.037,77.829,engaged,engaged,0.963,face_centered
2026-06-17T22:31:20.009,3.36,86.867,0.027,0.058,90.885,engaged,engaged,0.961,face_centered
2026-06-17T22:31:20.107,3.543,74.938,0.016,0.036,79.741,engaged,engaged,0.957,face_centered
2026-06-17T22:31:20.194,5.405,66.78,0.024,0.048,72.838,engaged,engaged,0.954,face_centered
2026-06-17T22:31:20.265,3.378,56.635,0.016,0.036,60.548,engaged,engaged,0.953,face_centered
2026-06-17T22:31:20.350,5.844,60.386,0.026,0.066,67.054,engaged,engaged,0.953,face_centered
2026-06-17T22:31:20.434,5.689,65.726,0.017,0.042,72.754,engaged,engaged,0.953,face_centered
2026-06-17T22:31:20.512,3.359,66.597,0.016,0.038,70.704,engaged,engaged,0.959,face_centered
2026-06-17T22:31:20.597,3.436,68.592,0.031,0.063,72.658,engaged,engaged,0.962,face_centered
2026-06-17T22:31:20.670,3.278,64.862,0.021,0.058,68.791,engaged,engaged,0.959,face_centered
2026-06-17T22:31:20.760,4.896,63.068,0.019,0.047,68.477,engaged,engaged,0.958,face_centered
2026-06-17T22:31:20.848,5.599,72.131,0.015,0.039,78.288,engaged,engaged,0.958,face_centered
2026-06-17T22:31:20.928,5.342,70.46,0.019,0.049,76.566,engaged,engaged,0.96,face_centered
2026-06-17T22:31:21.026,3.482,72.737,0.014,0.031,77.068,engaged,engaged,0.965,face_centered
2026-06-17T22:31:21.102,3.498,68.963,0.016,0.037,72.995,engaged,engaged,0.965,face_centered
2026-06-17T22:31:21.187,3.38,67.202,0.017,0.039,71.179,engaged,engaged,0.96,face_centered
2026-06-17T22:31:21.263,3.545,55.118,0.027,0.052,59.305,disengaged,disengaged,0.688,face_left_or_right+face_too_small
2026-06-17T22:31:21.350,5.379,71.853,0.034,0.078,77.989,disengaged,disengaged,0.688,face_left_or_right+face_too_small
2026-06-17T22:31:21.426,3.369,63.214,0.049,0.083,67.424,disengaged,absent,0.0,no_face_detected
2026-06-17T22:31:21.504,3.061,68.38,0.014,0.033,71.969,engaged,engaged,0.957,face_centered
2026-06-17T22:31:21.596,3.35,73.064,0.017,0.04,76.934,engaged,engaged,0.956,face_centered
2026-06-17T22:31:21.673,3.397,64.466,0.032,0.076,68.636,engaged,engaged,0.958,face_centered
2026-06-17T22:31:21.758,8.054,66.419,0.015,0.036,75.06,engaged,engaged,0.96,face_centered
2026-06-17T22:31:21.857,7.396,70.846,0.016,0.041,79.16,engaged,engaged,0.96,face_centered
2026-06-17T22:31:21.948,5.404,72.554,0.017,0.039,78.895,engaged,engaged,0.88,face_centered
2026-06-17T22:31:22.035,4.244,72.649,0.021,0.05,77.833,engaged,engaged,0.946,face_centered
2026-06-17T22:31:22.140,3.267,84.682,0.016,0.036,88.655,engaged,engaged,0.943,face_centered
2026-06-17T22:31:22.251,3.33,89.877,0.027,0.063,93.853,engaged,engaged,0.959,face_centered
2026-06-17T22:31:22.355,5.013,83.616,0.021,0.047,89.337,engaged,engaged,0.964,face_centered
2026-06-17T22:31:22.472,5.369,96.73,0.031,0.073,103.056,engaged,engaged,0.961,face_centered
2026-06-17T22:31:22.588,5.518,89.57,0.03,0.054,95.75,engaged,engaged,0.964,face_centered
2026-06-17T22:31:22.686,3.728,80.518,0.032,0.084,84.868,engaged,engaged,0.96,face_centered
2026-06-17T22:31:22.792,6.126,86.306,0.024,0.058,93.239,engaged,engaged,0.959,face_centered
2026-06-17T22:31:22.914,3.71,103.968,0.028,0.063,108.232,engaged,engaged,0.962,face_centered
2026-06-17T22:31:23.024,3.584,88.872,0.014,0.033,93.464,engaged,engaged,0.963,face_centered
2026-06-17T22:31:23.121,3.434,82.308,0.02,0.045,86.285,engaged,engaged,0.964,face_centered
2026-06-17T22:31:23.221,4.036,90.388,0.014,0.032,95.121,engaged,engaged,0.964,face_centered
2026-06-17T22:31:23.336,4.516,90.608,0.051,0.112,95.744,engaged,engaged,0.965,face_centered
2026-06-17T22:31:23.435,4.043,80.406,0.024,0.056,85.181,engaged,engaged,0.963,face_centered
2026-06-17T22:31:23.554,5.877,100.515,0.033,0.076,107.01,engaged,engaged,0.962,face_centered
2026-06-17T22:31:23.693,9.067,99.291,0.02,0.043,109.413,engaged,engaged,0.951,face_centered
2026-06-17T22:31:23.797,3.861,85.888,0.025,0.057,90.364,engaged,engaged,0.955,face_centered
2026-06-17T22:31:23.902,3.441,87.602,0.03,0.069,91.741,engaged,engaged,0.948,face_centered
2026-06-17T22:31:24.033,5.016,112.274,0.019,0.042,117.887,engaged,engaged,0.952,face_centered
2026-06-17T22:31:24.132,4.418,84.167,0.026,0.06,89.228,engaged,engaged,0.955,face_centered
2026-06-17T22:31:24.239,6.644,85.457,0.022,0.053,92.762,engaged,engaged,0.951,face_centered
2026-06-17T22:31:24.342,3.104,86.088,0.02,0.053,89.838,engaged,engaged,0.962,face_centered
2026-06-17T22:31:24.448,4.221,84.73,0.016,0.036,89.774,engaged,engaged,0.959,face_centered
2026-06-17T22:31:24.543,4.427,77.97,0.025,0.057,82.989,engaged,engaged,0.959,face_centered
2026-06-17T22:31:24.645,5.29,83.59,0.015,0.034,89.518,engaged,engaged,0.96,face_centered
2026-06-17T22:31:24.736,3.616,75.685,0.018,0.057,80.086,engaged,engaged,0.963,face_centered
2026-06-17T22:31:24.826,7.297,78.001,0.019,0.047,85.979,engaged,engaged,0.963,face_centered
2026-06-17T22:31:24.935,3.609,87.157,0.015,0.036,91.41,engaged,engaged,0.96,face_centered
2026-06-17T22:31:25.028,6.001,74.556,0.014,0.038,81.098,engaged,engaged,0.965,face_centered
2026-06-17T22:31:25.119,3.255,76.833,0.015,0.038,80.65,engaged,engaged,0.962,face_centered
2026-06-17T22:31:25.203,4.159,76.496,0.015,0.036,81.218,engaged,engaged,0.961,face_centered
2026-06-17T22:31:25.294,5.116,74.497,0.016,0.042,80.221,engaged,engaged,0.952,face_centered
2026-06-17T22:31:25.403,3.415,87.89,0.022,0.049,92.088,engaged,engaged,0.952,face_centered
2026-06-17T22:31:25.495,6.1,78.241,0.018,0.045,85.186,engaged,engaged,0.953,face_centered
2026-06-17T22:31:25.603,3.39,94.389,0.034,0.036,98.44,engaged,engaged,0.953,face_centered
2026-06-17T22:31:25.702,3.802,80.901,0.035,0.064,85.48,engaged,engaged,0.958,face_centered
2026-06-17T22:31:25.801,3.604,83.927,0.021,0.038,88.206,disengaged,disengaged,0.742,face_high_or_low+face_too_small
2026-06-17T22:31:25.907,3.18,94.583,0.019,0.035,98.467,disengaged,disengaged,0.738,face_high_or_low+face_too_small
2026-06-17T22:31:26.004,5.34,80.154,0.016,0.037,86.043,engaged,engaged,0.959,face_centered
2026-06-17T22:31:26.118,3.19,92.6,0.024,0.057,96.548,engaged,engaged,0.958,face_centered
2026-06-17T22:31:26.205,3.37,77.837,0.018,0.042,81.795,engaged,engaged,0.958,face_centered
2026-06-17T22:31:26.303,3.209,79.372,0.019,0.046,83.147,engaged,engaged,0.954,face_centered
2026-06-17T22:31:26.402,3.588,87.179,0.021,0.048,91.309,engaged,engaged,0.958,face_centered
2026-06-17T22:31:26.491,3.366,75.998,0.016,0.039,79.993,engaged,engaged,0.96,face_centered
2026-06-17T22:31:26.595,3.561,92.936,0.015,0.049,97.28,engaged,engaged,0.955,face_centered
2026-06-17T22:31:26.699,3.351,85.572,0.014,0.044,89.656,engaged,engaged,0.951,face_centered
2026-06-17T22:31:26.795,3.318,85.359,0.015,0.037,89.334,engaged,engaged,0.956,face_centered
2026-06-17T22:31:26.907,3.087,94.867,0.023,0.051,98.542,engaged,engaged,0.957,face_centered
2026-06-17T22:31:27.002,4.394,83.169,0.018,0.045,88.171,engaged,engaged,0.958,face_centered
2026-06-17T22:31:27.101,3.902,83.046,0.056,0.086,87.789,engaged,engaged,0.955,face_centered
2026-06-17T22:31:27.213,3.883,96.186,0.014,0.035,100.894,engaged,engaged,0.955,face_centered
2026-06-17T22:31:27.314,3.454,83.917,0.017,0.04,88.061,engaged,engaged,0.954,face_centered
2026-06-17T22:31:27.408,3.407,86.464,0.015,0.036,90.472,engaged,engaged,0.953,face_centered
2026-06-17T22:31:27.509,3.203,83.25,0.015,0.036,87.047,engaged,engaged,0.952,face_centered
2026-06-17T22:31:27.604,3.385,83.951,0.014,0.032,87.839,engaged,engaged,0.953,face_centered
2026-06-17T22:31:27.716,3.917,92.453,0.062,0.092,97.228,disengaged,absent,0.0,no_face_detected
2026-06-17T22:31:27.835,3.549,103.951,0.024,0.063,108.119,engaged,engaged,0.955,face_centered
2026-06-17T22:31:27.950,5.341,88.609,0.018,0.043,94.683,engaged,engaged,0.96,face_centered
2026-06-17T22:31:28.045,3.172,83.026,0.016,0.037,86.809,engaged,engaged,0.956,face_centered
2026-06-17T22:31:28.140,3.431,82.964,0.017,0.03,86.904,engaged,engaged,0.956,face_centered
2026-06-17T22:31:28.243,3.346,79.677,0.022,0.052,83.684,engaged,engaged,0.96,face_centered
2026-06-17T22:31:28.343,5.098,80.575,0.022,0.124,86.344,engaged,engaged,0.957,face_centered
2026-06-17T22:31:28.452,3.514,89.022,0.023,0.052,93.249,engaged,engaged,0.956,face_centered
2026-06-17T22:31:28.552,3.952,87.767,0.016,0.037,92.314,engaged,engaged,0.957,face_centered
2026-06-17T22:31:28.671,3.034,105.674,0.014,0.033,109.437,engaged,engaged,0.958,face_centered
2026-06-17T22:31:28.772,5.109,93.494,0.015,0.035,99.556,engaged,engaged,0.958,face_centered
2026-06-17T22:31:28.898,3.311,104.365,0.015,0.035,108.368,engaged,engaged,0.956,face_centered
2026-06-17T22:31:29.004,3.571,88.274,0.024,0.051,92.544,engaged,engaged,0.959,face_centered
2026-06-17T22:31:29.111,5.344,94.468,0.02,0.046,100.817,engaged,engaged,0.959,face_centered
2026-06-17T22:31:29.221,3.438,92.145,0.015,0.034,96.162,engaged,engaged,0.959,face_centered
2026-06-17T22:31:29.319,4.724,86.232,0.019,0.042,91.784,engaged,engaged,0.959,face_centered
2026-06-17T22:31:29.417,5.017,79.872,0.018,0.045,85.701,engaged,engaged,0.959,face_centered
2026-06-17T22:31:29.522,3.22,82.113,0.023,0.047,85.972,engaged,engaged,0.958,face_centered
2026-06-17T22:31:29.631,6.14,91.168,0.036,0.132,98.226,engaged,engaged,0.958,face_centered
2026-06-17T22:31:29.742,3.879,89.953,0.016,0.049,94.604,engaged,engaged,0.957,face_centered
2026-06-17T22:31:29.850,3.34,91.61,0.015,0.036,95.513,engaged,engaged,0.937,face_centered
2026-06-17T22:31:29.960,3.205,95.174,0.026,0.048,99.186,engaged,engaged,0.912,face_centered
2026-06-17T22:31:30.073,3.553,99.546,0.015,0.036,103.59,engaged,engaged,0.807,face_centered
2026-06-17T22:31:30.192,3.857,96.341,0.024,0.045,100.814,engaged,engaged,0.925,face_centered
2026-06-17T22:31:30.302,3.176,100.379,0.016,0.041,104.281,engaged,engaged,0.923,face_centered
2026-06-17T22:31:30.418,3.373,97.792,0.052,0.088,101.942,disengaged,absent,0.0,no_face_detected
2026-06-17T22:31:30.527,3.771,82.71,0.051,0.097,87.535,disengaged,absent,0.0,no_face_detected
2026-06-17T22:31:30.610,3.41,69.052,0.017,0.042,73.106,engaged,engaged,0.908,face_centered
2026-06-17T22:31:30.702,5.325,57.265,0.039,0.068,63.701,disengaged,absent,0.0,no_face_detected
2026-06-17T22:31:30.789,6.245,66.925,0.058,0.086,74.141,disengaged,absent,0.0,no_face_detected
2026-06-17T22:31:30.873,3.538,70.725,0.068,0.084,74.945,disengaged,absent,0.0,no_face_detected
2026-06-17T22:31:30.947,3.11,58.889,0.035,0.081,62.746,engaged,engaged,0.945,face_centered
2026-06-17T22:31:31.029,4.679,62.086,0.031,0.066,67.431,engaged,engaged,0.942,face_centered
2026-06-17T22:31:31.105,3.331,56.456,0.035,0.069,60.669,disengaged,absent,0.0,no_face_detected
2026-06-17T22:31:31.208,20.054,70.82,0.027,0.05,91.84,disengaged,disengaged,0.704,face_high_or_low+face_too_small
2026-06-17T22:31:31.287,3.433,55.158,0.023,0.057,59.26,engaged,engaged,0.904,face_centered
2026-06-17T22:31:31.389,29.875,60.866,0.021,0.043,91.737,disengaged,disengaged,0.592,face_left_or_right
2026-06-17T22:31:31.492,3.531,87.694,0.021,0.122,92.007,disengaged,disengaged,0.592,face_left_or_right
2026-06-17T22:31:31.573,3.343,64.949,0.022,0.044,68.955,disengaged,disengaged,0.602,face_left_or_right
2026-06-17T22:31:31.666,3.441,76.293,0.023,0.051,80.456,disengaged,disengaged,0.61,face_left_or_right
2026-06-17T22:31:31.750,3.641,67.506,0.023,0.045,71.762,disengaged,disengaged,0.61,face_left_or_right
2026-06-17T22:31:31.828,3.425,61.427,0.062,0.111,65.657,disengaged,disengaged,0.607,face_left_or_right
2026-06-17T22:31:31.905,3.762,60.217,0.023,0.046,64.682,disengaged,disengaged,0.601,face_left_or_right
2026-06-17T22:31:32.002,5.317,80.152,0.098,0.105,86.27,disengaged,disengaged,0.601,face_left_or_right
2026-06-17T22:31:32.085,3.215,69.576,0.027,0.058,73.45,disengaged,disengaged,0.6,face_left_or_right
2026-06-17T22:31:32.174,3.435,75.857,0.024,0.049,79.997,disengaged,disengaged,0.697,face_left_or_right+face_too_small
2026-06-17T22:31:32.259,3.814,74.739,0.019,0.037,79.206,disengaged,disengaged,0.594,face_left_or_right
2026-06-17T22:31:32.341,3.284,63.504,0.031,0.065,67.455,disengaged,disengaged,0.592,face_left_or_right
2026-06-17T22:31:32.413,3.731,58.645,0.028,0.04,62.945,disengaged,disengaged,0.589,face_left_or_right
2026-06-17T22:31:32.502,3.696,63.691,0.08,0.069,68.506,disengaged,disengaged,0.589,face_left_or_right
2026-06-17T22:31:32.582,6.517,62.749,0.018,0.036,70.489,disengaged,disengaged,0.589,face_left_or_right
2026-06-17T22:31:32.650,4.779,55.491,0.022,0.044,60.981,disengaged,disengaged,0.589,face_left_or_right
2026-06-17T22:31:32.730,3.788,61.927,0.026,0.037,66.775,disengaged,disengaged,0.588,face_left_or_right
2026-06-17T22:31:32.797,3.366,57.551,0.021,0.038,61.601,disengaged,disengaged,0.589,face_left_or_right
2026-06-17T22:31:32.882,17.642,57.605,0.018,0.038,76.116,disengaged,disengaged,0.588,face_left_or_right
2026-06-17T22:31:32.968,5.174,66.052,0.017,0.035,71.872,disengaged,disengaged,0.588,face_left_or_right
2026-06-17T22:31:33.040,3.928,58.6,0.019,0.038,63.192,disengaged,disengaged,0.589,face_left_or_right
2026-06-17T22:31:33.118,3.328,65.927,0.019,0.039,69.866,disengaged,disengaged,0.589,face_left_or_right
2026-06-17T22:31:33.196,3.436,55.237,0.016,0.037,59.304,disengaged,disengaged,0.589,face_left_or_right
2026-06-17T22:31:33.276,5.445,67.945,0.016,0.034,73.93,disengaged,disengaged,0.589,face_left_or_right
2026-06-17T22:31:33.350,3.983,60.673,0.031,0.064,65.289,disengaged,disengaged,0.589,face_left_or_right
2026-06-17T22:31:33.437,3.975,67.033,0.019,0.049,71.76,disengaged,disengaged,0.59,face_left_or_right
2026-06-17T22:31:33.520,4.87,66.401,0.043,0.081,72.056,disengaged,disengaged,0.589,face_left_or_right
2026-06-17T22:31:33.590,4.101,54.611,0.038,0.05,59.608,disengaged,disengaged,0.59,face_left_or_right
2026-06-17T22:31:33.662,5.418,56.502,0.041,0.039,62.611,disengaged,disengaged,0.59,face_left_or_right
2026-06-17T22:31:33.740,4.902,60.554,0.05,0.096,66.194,disengaged,disengaged,0.591,face_left_or_right
2026-06-17T22:31:33.805,3.796,50.796,0.017,0.036,55.273,disengaged,disengaged,0.59,face_left_or_right
2026-06-17T22:31:33.871,3.211,51.93,0.018,0.038,55.729,disengaged,disengaged,0.59,face_left_or_right
2026-06-17T22:31:33.941,5.922,59.342,0.022,0.042,65.822,disengaged,disengaged,0.59,face_left_or_right
2026-06-17T22:31:34.019,3.336,64.712,0.017,0.035,68.724,disengaged,disengaged,0.59,face_left_or_right
2026-06-17T22:31:34.101,4.309,58.722,0.025,0.049,63.691,disengaged,disengaged,0.59,face_left_or_right
2026-06-17T22:31:34.174,3.829,55.982,0.026,0.042,60.82,disengaged,disengaged,0.59,face_left_or_right
2026-06-17T22:31:34.276,34.909,59.352,0.017,0.033,95.18,disengaged,disengaged,0.592,face_left_or_right
2026-06-17T22:31:34.358,3.574,63.774,0.023,0.048,68.092,disengaged,disengaged,0.592,face_left_or_right
2026-06-17T22:31:34.444,3.476,69.418,0.019,0.038,73.463,disengaged,disengaged,0.591,face_left_or_right
2026-06-17T22:31:34.522,3.375,69.297,0.02,0.038,73.386,disengaged,disengaged,0.592,face_left_or_right
2026-06-17T22:31:34.605,3.5,60.824,0.016,0.037,64.871,engaged,engaged,0.916,face_centered
2026-06-17T22:31:34.692,3.392,61.809,0.019,0.037,65.792,disengaged,disengaged,0.592,face_left_or_right
2026-06-17T22:31:34.784,17.38,64.8,0.076,0.113,83.166,disengaged,disengaged,0.592,face_left_or_right
2026-06-17T22:31:34.862,5.169,62.746,0.023,0.05,68.721,disengaged,disengaged,0.592,face_left_or_right
2026-06-17T22:31:34.936,3.567,60.598,0.019,0.041,64.765,disengaged,disengaged,0.61,face_high_or_low
2026-06-17T22:31:35.011,3.255,65.541,0.018,0.037,69.504,disengaged,disengaged,0.592,face_left_or_right
2026-06-17T22:31:35.080,3.556,59.452,0.016,0.032,63.546,disengaged,disengaged,0.59,face_left_or_right
2026-06-17T22:31:35.166,5.813,64.426,0.023,0.046,71.049,disengaged,disengaged,0.59,face_left_or_right
2026-06-17T22:31:35.265,3.607,80.77,0.016,0.045,85.025,engaged,engaged,0.895,face_centered
2026-06-17T22:31:35.354,3.844,72.526,0.035,0.07,77.212,disengaged,disengaged,0.591,face_left_or_right
2026-06-17T22:31:35.436,3.71,61.257,0.018,0.04,65.959,engaged,engaged,0.898,face_centered
2026-06-17T22:31:35.519,4.951,69.271,0.031,0.06,75.125,disengaged,disengaged,0.591,face_left_or_right
2026-06-17T22:31:35.617,4.026,80.073,0.03,0.056,84.827,disengaged,disengaged,0.592,face_left_or_right
2026-06-17T22:31:35.725,4.418,69.963,0.025,0.062,75.052,engaged,engaged,0.893,face_centered
2026-06-17T22:31:35.810,3.495,70.314,0.016,0.038,74.422,engaged,engaged,0.893,face_centered
2026-06-17T22:31:35.894,3.447,68.121,0.032,0.075,72.21,engaged,engaged,0.894,face_centered
2026-06-17T22:31:35.975,3.435,65.12,0.035,0.037,69.21,engaged,engaged,0.894,face_centered
2026-06-17T22:31:36.059,7.798,66.984,0.016,0.037,75.408,engaged,engaged,0.887,face_centered
2026-06-17T22:31:36.138,3.448,62.716,0.019,0.042,66.753,engaged,engaged,0.898,face_centered
2026-06-17T22:31:36.214,3.852,71.885,0.017,0.042,76.665,engaged,engaged,0.893,face_centered
2026-06-17T22:31:36.303,3.518,65.695,0.025,0.073,69.826,engaged,engaged,0.887,face_centered
2026-06-17T22:31:36.379,3.684,59.483,0.019,0.046,64.209,engaged,engaged,0.892,face_centered
2026-06-17T22:31:36.469,3.078,75.312,0.018,0.044,79.03,engaged,engaged,0.895,face_centered
2026-06-17T22:31:36.566,6.618,74.721,0.019,0.043,82.356,engaged,engaged,0.895,face_centered
2026-06-17T22:31:36.650,4.483,69.198,0.025,0.059,74.272,engaged,engaged,0.883,face_centered
2026-06-17T22:31:36.752,5.743,81.069,0.024,0.058,87.737,engaged,engaged,0.896,face_centered
2026-06-17T22:31:36.844,5.597,75.085,0.016,0.04,81.5,engaged,engaged,0.885,face_centered
2026-06-17T22:31:36.920,3.424,61.48,0.015,0.036,65.416,engaged,engaged,0.883,face_centered
2026-06-17T22:31:37.006,5.099,74.619,0.017,0.037,80.215,engaged,engaged,0.885,face_centered
2026-06-17T22:31:37.093,3.422,62.135,0.021,0.145,66.372,engaged,engaged,0.875,face_centered
2026-06-17T22:31:37.167,3.07,57.734,0.019,0.045,61.425,engaged,engaged,0.882,face_centered
2026-06-17T22:31:37.261,15.562,62.382,0.017,0.044,78.658,engaged,engaged,0.875,face_centered
2026-06-17T22:31:37.346,5.336,70.339,0.022,0.049,76.357,engaged,engaged,0.875,face_centered
2026-06-17T22:31:37.421,3.471,62.657,0.029,0.072,66.79,engaged,engaged,0.879,face_centered
2026-06-17T22:31:37.518,5.004,71.579,0.017,0.042,77.266,engaged,engaged,0.874,face_centered
2026-06-17T22:31:37.594,3.277,61.366,0.029,0.078,65.198,engaged,engaged,0.877,face_centered
2026-06-17T22:31:37.677,3.347,64.546,0.048,0.047,68.52,engaged,engaged,0.876,face_centered
2026-06-17T22:31:37.761,3.369,60.423,0.017,0.04,64.438,engaged,engaged,0.872,face_centered
2026-06-17T22:31:37.860,5.569,80.145,0.016,0.043,86.605,engaged,engaged,0.872,face_centered
2026-06-17T22:31:37.943,3.224,69.5,0.016,0.038,73.317,engaged,engaged,0.881,face_centered
2026-06-17T22:31:38.025,5.396,62.139,0.023,0.051,68.056,engaged,engaged,0.878,face_centered
2026-06-17T22:31:38.096,3.877,60.719,0.016,0.037,65.171,engaged,engaged,0.884,face_centered
2026-06-17T22:31:38.166,3.517,59.807,0.017,0.039,63.899,engaged,engaged,0.879,face_centered
2026-06-17T22:31:38.246,4.217,51.447,0.012,0.033,56.222,engaged,engaged,0.881,face_centered
2026-06-17T22:31:38.327,5.955,63.108,0.022,0.057,69.784,engaged,engaged,0.881,face_centered
2026-06-17T22:31:38.402,3.358,58.452,0.022,0.051,62.564,engaged,engaged,0.874,face_centered
2026-06-17T22:31:38.491,8.051,69.101,0.033,0.067,78.118,engaged,engaged,0.89,face_centered
2026-06-17T22:31:38.569,3.266,64.877,0.018,0.043,68.747,engaged,engaged,0.891,face_centered
2026-06-17T22:31:38.651,3.475,55.591,0.022,0.053,59.632,engaged,engaged,0.847,face_centered
2026-06-17T22:31:38.755,29.495,60.122,0.022,0.052,90.609,engaged,engaged,0.913,face_centered
2026-06-17T22:31:38.835,5.931,70.961,0.017,0.043,77.565,engaged,engaged,0.913,face_centered
2026-06-17T22:31:38.918,4.212,69.139,0.016,0.036,74.481,engaged,engaged,0.911,face_centered
2026-06-17T22:31:39.002,3.725,65.774,0.039,0.077,70.239,disengaged,disengaged,0.594,face_left_or_right
2026-06-17T22:31:39.087,5.872,64.993,0.019,0.036,71.566,disengaged,disengaged,0.595,face_left_or_right
2026-06-17T22:31:39.171,3.529,68.139,0.016,0.038,72.413,engaged,engaged,0.92,face_centered
2026-06-17T22:31:39.252,3.472,61.044,0.019,0.039,65.159,disengaged,disengaged,0.592,face_left_or_right
2026-06-17T22:31:39.340,7.915,70.054,0.019,0.038,78.779,disengaged,disengaged,0.592,face_left_or_right
2026-06-17T22:31:39.421,3.578,65.482,0.035,0.072,69.883,disengaged,disengaged,0.593,face_left_or_right
2026-06-17T22:31:39.500,3.993,64.71,0.023,0.047,69.527,disengaged,disengaged,0.593,face_left_or_right
2026-06-17T22:31:39.572,3.45,58.014,0.025,0.046,62.152,disengaged,disengaged,0.593,face_left_or_right
2026-06-17T22:31:39.649,3.527,57.205,0.028,0.069,61.329,disengaged,disengaged,0.592,face_left_or_right
2026-06-17T22:31:39.755,32.281,61.526,0.02,0.042,95.21,engaged,engaged,0.93,face_centered
2026-06-17T22:31:39.843,6.402,69.387,0.033,0.08,76.52,engaged,engaged,0.93,face_centered
2026-06-17T22:31:39.922,3.547,64.421,0.017,0.041,68.724,engaged,engaged,0.931,face_centered
2026-06-17T22:31:39.998,4.266,61.007,0.015,0.041,66.009,engaged,engaged,0.936,face_centered
2026-06-17T22:31:40.086,3.375,76.246,0.017,0.041,80.23,engaged,engaged,0.94,face_centered
2026-06-17T22:31:40.165,4.01,62.187,0.019,0.047,66.91,engaged,engaged,0.923,face_centered
2026-06-17T22:31:40.248,14.443,57.465,0.021,0.051,72.738,engaged,engaged,0.937,face_centered
2026-06-17T22:31:40.335,5.977,68.391,0.026,0.055,75.054,engaged,engaged,0.937,face_centered
2026-06-17T22:31:40.419,3.388,71.23,0.019,0.047,75.343,engaged,engaged,0.916,face_centered
2026-06-17T22:31:40.498,4.072,64.377,0.017,0.038,69.242,engaged,engaged,0.928,face_centered
2026-06-17T22:31:40.590,3.487,75.633,0.021,0.054,79.886,engaged,engaged,0.933,face_centered
2026-06-17T22:31:40.668,3.931,66.851,0.015,0.033,71.418,engaged,engaged,0.938,face_centered
2026-06-17T22:31:40.757,3.362,66.381,0.021,0.053,70.468,engaged,engaged,0.93,face_centered
2026-06-17T22:31:40.860,5.863,85.854,0.024,0.055,92.658,engaged,engaged,0.93,face_centered
2026-06-17T22:31:40.941,3.199,65.675,0.019,0.048,69.526,engaged,engaged,0.935,face_centered
2026-06-17T22:31:41.036,14.275,64.24,0.018,0.039,79.159,engaged,engaged,0.925,face_centered
2026-06-17T22:31:41.118,5.817,71.791,0.026,0.056,78.427,engaged,engaged,0.925,face_centered
2026-06-17T22:31:41.211,3.123,71.602,0.02,0.05,75.29,engaged,engaged,0.925,face_centered
2026-06-17T22:31:41.297,3.237,73.05,0.014,0.036,76.888,engaged,engaged,0.924,face_centered
2026-06-17T22:31:41.385,3.272,74.928,0.036,0.088,78.861,engaged,engaged,0.929,face_centered
2026-06-17T22:31:41.467,3.61,73.326,0.014,0.034,77.5,engaged,engaged,0.933,face_centered
2026-06-17T22:31:41.556,4.154,69.797,0.013,0.032,74.799,engaged,engaged,0.929,face_centered
2026-06-17T22:31:41.648,5.735,74.881,0.017,0.037,81.527,engaged,engaged,0.929,face_centered
2026-06-17T22:31:41.740,3.337,78.121,0.013,0.033,82.019,engaged,engaged,0.931,face_centered
2026-06-17T22:31:41.835,3.74,80.939,0.026,0.058,85.62,engaged,engaged,0.923,face_centered
2026-06-17T22:31:41.923,5.377,72.816,0.017,0.038,79.259,engaged,engaged,0.939,face_centered
2026-06-17T22:31:42.010,5.527,71.64,0.019,0.049,77.711,engaged,engaged,0.939,face_centered
2026-06-17T22:31:42.101,3.323,77.739,0.02,0.045,81.747,engaged,engaged,0.904,face_centered
2026-06-17T22:31:42.214,3.431,96.278,0.015,0.036,100.416,engaged,engaged,0.913,face_centered
2026-06-17T22:31:42.309,3.317,77.817,0.017,0.043,81.761,engaged,engaged,0.916,face_centered
2026-06-17T22:31:42.396,4.928,77.493,0.03,0.073,83.065,engaged,engaged,0.912,face_centered
2026-06-17T22:31:42.491,3.481,79.114,0.015,0.035,83.226,engaged,engaged,0.909,face_centered
2026-06-17T22:31:42.588,5.141,83.041,0.015,0.036,88.794,engaged,engaged,0.914,face_centered
2026-06-17T22:31:42.669,3.39,68.879,0.016,0.036,72.788,engaged,engaged,0.914,face_centered
2026-06-17T22:31:42.769,5.211,77.85,0.023,0.049,83.883,engaged,engaged,0.912,face_centered
2026-06-17T22:31:42.863,3.389,76.828,0.025,0.058,80.909,engaged,engaged,0.913,face_centered
2026-06-17T22:31:42.954,5.265,78.937,0.017,0.039,84.879,engaged,engaged,0.913,face_centered
2026-06-17T22:31:43.044,3.319,63.532,0.029,0.067,67.5,engaged,engaged,0.913,face_centered
2026-06-17T22:31:43.135,15.073,70.69,0.014,0.03,86.728,engaged,engaged,0.913,face_centered
2026-06-17T22:31:43.227,5.424,69.984,0.016,0.04,76.109,engaged,engaged,0.913,face_centered
2026-06-17T22:31:43.304,3.313,67.959,0.012,0.032,71.985,engaged,engaged,0.911,face_centered
2026-06-17T22:31:43.395,3.589,71.756,0.02,0.04,75.926,disengaged,disengaged,0.577,face_high_or_low
2026-06-17T22:31:43.483,3.235,74.828,0.024,0.077,78.77,disengaged,disengaged,0.586,face_high_or_low
2026-06-17T22:31:43.570,3.711,69.822,0.018,0.049,74.07,engaged,engaged,0.925,face_centered
2026-06-17T22:31:43.648,3.192,65.309,0.029,0.062,69.19,engaged,engaged,0.92,face_centered
2026-06-17T22:31:43.730,5.352,62.04,0.023,0.056,68.142,engaged,engaged,0.92,face_centered
2026-06-17T22:31:43.813,5.179,66.282,0.015,0.037,72.293,engaged,engaged,0.92,face_centered
2026-06-17T22:31:43.895,3.512,72.524,0.015,0.036,76.67,engaged,engaged,0.923,face_centered
2026-06-17T22:31:43.981,3.389,67.283,0.014,0.035,71.404,engaged,engaged,0.921,face_centered
2026-06-17T22:31:44.064,3.81,68.882,0.053,0.067,73.349,engaged,engaged,0.918,face_centered
2026-06-17T22:31:44.151,3.347,70.998,0.023,0.065,75.02,engaged,engaged,0.911,face_centered
2026-06-17T22:31:44.232,4.129,63.094,0.019,0.047,67.871,engaged,engaged,0.913,face_centered
2026-06-17T22:31:44.321,7.446,63.912,0.015,0.034,72.029,engaged,engaged,0.915,face_centered
2026-06-17T22:31:44.435,33.296,69.318,0.025,0.061,103.37,engaged,engaged,0.911,face_centered
2026-06-17T22:31:44.520,6.394,66.74,0.021,0.05,74.018,engaged,engaged,0.911,face_centered
2026-06-17T22:31:44.608,3.959,73.853,0.015,0.04,78.574,engaged,engaged,0.909,face_centered
2026-06-17T22:31:44.694,3.371,70.38,0.016,0.038,74.318,engaged,engaged,0.909,face_centered
2026-06-17T22:31:44.778,3.506,67.226,0.023,0.054,71.356,engaged,engaged,0.903,face_centered
2026-06-17T22:31:44.849,3.132,57.778,0.023,0.056,61.589,engaged,engaged,0.901,face_centered
2026-06-17T22:31:44.928,3.441,60.227,0.014,0.034,64.314,engaged,engaged,0.901,face_centered
2026-06-17T22:31:45.011,5.3,67.419,0.014,0.036,73.378,engaged,engaged,0.901,face_centered
2026-06-17T22:31:45.094,3.313,64.64,0.017,0.038,68.576,engaged,engaged,0.894,face_centered
2026-06-17T22:31:45.176,3.346,72.99,0.018,0.041,76.89,engaged,engaged,0.895,face_centered
2026-06-17T22:31:45.252,3.593,54.559,0.053,0.095,58.867,disengaged,absent,0.0,no_face_detected
2026-06-17T22:31:45.319,3.892,50.247,0.035,0.067,54.92,disengaged,absent,0.0,no_face_detected
2026-06-17T22:31:45.406,26.587,49.681,0.043,0.048,76.978,disengaged,absent,0.0,no_face_detected
2026-06-17T22:31:45.469,5.478,48.285,0.05,0.096,54.488,disengaged,absent,0.0,no_face_detected
2026-06-17T22:31:45.530,3.522,49.883,0.042,0.087,54.11,disengaged,absent,0.0,no_face_detected
2026-06-17T22:31:45.602,3.536,49.834,0.029,0.17,54.591,disengaged,disengaged,0.65,face_too_small
2026-06-17T22:31:45.678,5.416,62.486,0.025,0.05,68.52,disengaged,disengaged,0.65,face_too_small
2026-06-17T22:31:45.743,3.333,50.687,0.024,0.049,54.625,disengaged,disengaged,0.65,face_too_small
2026-06-17T22:31:45.809,3.557,47.697,0.028,0.047,51.964,disengaged,disengaged,0.65,face_too_small
2026-06-17T22:31:45.890,5.216,60.181,0.019,0.045,66.003,disengaged,disengaged,0.65,face_too_small
2026-06-17T22:31:45.957,4.374,53.507,0.028,0.054,58.709,disengaged,absent,0.0,no_face_detected
2026-06-17T22:31:46.019,3.738,52.519,0.023,0.044,57.237,disengaged,absent,0.0,no_face_detected
2026-06-17T22:31:46.094,6.442,56.354,0.049,0.058,63.527,disengaged,absent,0.0,no_face_detected
2026-06-17T22:31:46.181,4.895,68.949,0.057,0.073,74.64,disengaged,absent,0.0,no_face_detected
2026-06-17T22:31:46.253,3.253,60.033,0.028,0.049,63.897,disengaged,disengaged,0.843,face_left_or_right+face_too_small
2026-06-17T22:31:46.326,4.699,56.709,0.051,0.044,62.095,disengaged,absent,0.0,no_face_detected
2026-06-17T22:31:46.405,7.966,60.966,0.061,0.1,69.896,disengaged,absent,0.0,no_face_detected
2026-06-17T22:31:46.483,5.332,57.22,0.051,0.104,63.177,disengaged,absent,0.0,no_face_detected
2026-06-17T22:31:46.547,3.392,59.592,0.068,0.1,63.744,disengaged,disengaged,0.673,face_left_or_right
2026-06-17T22:31:46.629,3.484,58.911,0.047,0.055,63.106,disengaged,absent,0.0,no_face_detected
2026-06-17T22:31:46.710,13.229,55.595,0.017,0.035,69.507,disengaged,disengaged,0.688,face_left_or_right
2026-06-17T22:31:46.792,6.033,64.122,0.03,0.05,70.932,disengaged,disengaged,0.688,face_left_or_right
2026-06-17T22:31:46.880,3.629,74.077,0.076,0.126,78.532,disengaged,absent,0.0,no_face_detected
2026-06-17T22:31:46.966,3.238,70.281,0.103,0.111,74.291,disengaged,absent,0.0,no_face_detected
2026-06-17T22:31:47.052,3.545,68.509,0.057,0.106,72.794,disengaged,absent,0.0,no_face_detected
2026-06-17T22:31:47.141,5.546,70.717,0.033,0.064,77.273,disengaged,disengaged,0.777,face_left_or_right+face_too_small
2026-06-17T22:31:47.229,3.583,63.358,0.026,0.041,67.564,engaged,engaged,0.769,face_centered
2026-06-17T22:31:47.309,3.686,64.032,0.051,0.044,68.437,disengaged,absent,0.0,no_face_detected
2026-06-17T22:31:47.407,5.568,73.092,0.024,0.053,79.378,disengaged,absent,0.0,no_face_detected
2026-06-17T22:31:47.482,3.251,60.2,0.05,0.072,64.121,disengaged,absent,0.0,no_face_detected
2026-06-17T22:31:47.565,3.447,69.83,0.071,0.108,74.05,disengaged,disengaged,0.651,face_left_or_right+face_too_small
2026-06-17T22:31:47.656,3.538,72.338,0.016,0.03,76.568,disengaged,disengaged,0.651,face_left_or_right+face_too_small
2026-06-17T22:31:47.732,3.827,64.454,0.033,0.068,68.926,disengaged,disengaged,0.671,face_high_or_low+face_too_small
2026-06-17T22:31:47.814,3.457,64.934,0.037,0.086,69.449,engaged,engaged,0.769,face_centered
2026-06-17T22:31:47.904,5.707,63.434,0.018,0.04,70.023,engaged,engaged,0.758,face_centered
2026-06-17T22:31:47.995,16.661,63.786,0.031,0.047,81.442,disengaged,absent,0.0,no_face_detected
2026-06-17T22:31:48.082,5.499,66.668,0.023,0.051,72.764,disengaged,absent,0.0,no_face_detected
2026-06-17T22:31:48.167,3.139,71.679,0.023,0.047,75.422,disengaged,absent,0.0,no_face_detected
2026-06-17T22:31:48.249,3.449,67.254,0.02,0.042,71.28,disengaged,disengaged,0.674,face_left_or_right+face_high_or_low+face_too_small
2026-06-17T22:31:48.333,4.742,67.201,0.026,0.049,72.927,disengaged,absent,0.0,no_face_detected
2026-06-17T22:31:48.410,4.109,57.323,0.023,0.048,62.263,disengaged,absent,0.0,no_face_detected
2026-06-17T22:31:48.495,4.282,64.374,0.022,0.043,69.363,engaged,engaged,0.758,face_centered
2026-06-17T22:31:48.575,5.18,72.904,0.017,0.044,78.765,engaged,engaged,0.771,face_centered
2026-06-17T22:31:48.670,3.83,67.057,0.022,0.054,71.519,engaged,engaged,0.796,face_centered
2026-06-17T22:31:48.751,3.673,65.404,0.018,0.041,69.669,engaged,engaged,0.808,face_centered
2026-06-17T22:31:48.833,3.844,69.751,0.016,0.04,74.349,engaged,engaged,0.813,face_centered
2026-06-17T22:31:48.916,3.812,61.895,0.025,0.07,66.381,engaged,engaged,0.812,face_centered
2026-06-17T22:31:48.998,5.824,65.716,0.023,0.055,72.521,engaged,engaged,0.812,face_centered
2026-06-17T22:31:49.091,3.268,74.231,0.026,0.051,78.111,engaged,engaged,0.813,face_centered
2026-06-17T22:31:49.187,4.192,81.828,0.014,0.034,86.666,engaged,engaged,0.81,face_centered
2026-06-17T22:31:49.275,5.727,71.143,0.018,0.043,77.423,engaged,engaged,0.812,face_centered
2026-06-17T22:31:49.355,3.323,70.052,0.019,0.042,74.119,engaged,engaged,0.811,face_centered
2026-06-17T22:31:49.452,5.249,75.904,0.014,0.035,81.67,engaged,engaged,0.812,face_centered
2026-06-17T22:31:49.526,5.718,67.115,0.018,0.045,73.905,engaged,engaged,0.811,face_centered
2026-06-17T22:31:49.616,3.86,65.655,0.113,0.134,70.647,engaged,engaged,0.812,face_centered
2026-06-17T22:31:49.710,3.882,72.155,0.016,0.038,76.707,engaged,engaged,0.814,face_centered
2026-06-17T22:31:49.790,3.514,62.144,0.022,0.051,66.216,engaged,engaged,0.811,face_centered
2026-06-17T22:31:49.868,5.139,60.203,0.016,0.038,66.026,engaged,engaged,0.811,face_centered
2026-06-17T22:31:49.946,3.261,66.213,0.015,0.037,70.115,engaged,engaged,0.812,face_centered
2026-06-17T22:31:50.026,5.333,63.064,0.022,0.05,69.068,engaged,engaged,0.818,face_centered
2026-06-17T22:31:50.097,3.417,57.795,0.026,0.064,61.942,engaged,engaged,0.824,face_centered
2026-06-17T22:31:50.185,17.078,58.881,0.018,0.045,76.707,engaged,engaged,0.833,face_centered
2026-06-17T22:31:50.269,5.752,66.107,0.017,0.044,73.113,engaged,engaged,0.833,face_centered
2026-06-17T22:31:50.331,5.148,50.004,0.023,0.058,56.323,engaged,engaged,0.849,face_centered
2026-06-17T22:31:50.405,6.283,50.073,0.016,0.038,56.971,engaged,engaged,0.862,face_centered
2026-06-17T22:31:50.475,14.352,50.416,0.015,0.037,65.541,engaged,engaged,0.862,face_centered
2026-06-17T22:31:50.546,4.893,50.571,0.018,0.04,55.99,engaged,engaged,0.882,face_centered
2026-06-17T22:31:50.609,4.327,48.403,0.017,0.043,53.437,engaged,engaged,0.893,face_centered
2026-06-17T22:31:50.682,3.574,52.076,0.017,0.04,56.266,engaged,engaged,0.92,face_centered
2026-06-17T22:31:50.754,4.433,58.892,0.032,0.074,63.997,engaged,engaged,0.92,face_centered
2026-06-17T22:31:50.819,5.429,56.405,0.016,0.038,62.547,engaged,engaged,0.924,face_centered
2026-06-17T22:31:50.897,3.536,53.802,0.019,0.046,57.964,engaged,engaged,0.906,face_centered
2026-06-17T22:31:50.975,5.263,63.27,0.016,0.039,69.135,engaged,engaged,0.906,face_centered
2026-06-17T22:31:51.044,3.458,57.368,0.014,0.036,61.397,engaged,engaged,0.935,face_centered
2026-06-17T22:31:51.121,3.498,58.698,0.03,0.047,62.895,disengaged,disengaged,0.643,face_left_or_right
2026-06-17T22:31:51.199,5.813,60.253,0.017,0.036,66.829,disengaged,disengaged,0.643,face_left_or_right
2026-06-17T22:31:51.286,21.416,58.892,0.026,0.051,80.968,disengaged,disengaged,0.642,face_left_or_right
2026-06-17T22:31:51.366,5.644,59.08,0.017,0.035,65.568,disengaged,disengaged,0.642,face_left_or_right
2026-06-17T22:31:51.444,3.423,66.696,0.016,0.038,70.661,engaged,engaged,0.936,face_centered
2026-06-17T22:31:51.517,3.416,63.052,0.016,0.035,67.149,engaged,engaged,0.903,face_centered
2026-06-17T22:31:51.589,3.652,52.994,0.021,0.054,57.356,engaged,engaged,0.865,face_centered
2026-06-17T22:31:51.658,4.782,54.426,0.022,0.051,59.831,engaged,engaged,0.865,face_centered
2026-06-17T22:31:51.736,3.27,60.786,0.024,0.047,64.698,disengaged,disengaged,0.646,face_left_or_right
2026-06-17T22:31:51.802,3.337,59.045,0.024,0.05,62.986,disengaged,disengaged,0.645,face_left_or_right
2026-06-17T22:31:51.874,3.493,52.84,0.036,0.079,57.07,engaged,engaged,0.841,face_centered
2026-06-17T22:31:51.965,26.169,55.544,0.019,0.039,83.032,disengaged,disengaged,0.646,face_left_or_right
2026-06-17T22:31:52.052,6.05,61.327,0.019,0.039,68.082,disengaged,disengaged,0.646,face_left_or_right
2026-06-17T22:31:52.122,4.197,54.383,0.019,0.045,59.399,engaged,engaged,0.837,face_centered
2026-06-17T22:31:52.190,3.921,54.384,0.015,0.036,58.867,engaged,engaged,0.896,face_centered
2026-06-17T22:31:52.267,5.149,58.551,0.015,0.037,64.346,engaged,engaged,0.896,face_centered
2026-06-17T22:31:52.332,3.409,51.74,0.015,0.037,55.85,engaged,engaged,0.87,face_centered
2026-06-17T22:31:52.395,3.299,50.852,0.022,0.052,54.869,engaged,engaged,0.893,face_centered
2026-06-17T22:31:52.462,6.396,46.608,0.021,0.051,53.959,engaged,engaged,0.893,face_centered
2026-06-17T22:31:52.529,5.223,52.658,0.017,0.04,58.594,engaged,engaged,0.919,face_centered
2026-06-17T22:31:52.584,3.487,44.571,0.016,0.04,48.545,engaged,engaged,0.922,face_centered
2026-06-17T22:31:52.652,5.296,48.843,0.015,0.038,54.821,engaged,engaged,0.922,face_centered
2026-06-17T22:31:52.725,5.332,56.55,0.045,0.057,63.03,disengaged,absent,0.0,no_face_detected
2026-06-17T22:31:52.798,3.31,58.343,0.018,0.036,62.306,disengaged,disengaged,0.65,face_too_small
2026-06-17T22:31:52.872,3.994,52.666,0.022,0.045,57.458,disengaged,disengaged,0.65,face_too_small
2026-06-17T22:31:52.949,5.476,62.462,0.019,0.04,68.78,disengaged,disengaged,0.65,face_too_small
2026-06-17T22:31:53.028,4.504,59.613,0.019,0.044,64.738,engaged,engaged,0.891,face_centered
2026-06-17T22:31:53.102,3.432,59.76,0.026,0.045,63.983,disengaged,disengaged,0.65,face_too_small
2026-06-17T22:31:53.186,3.731,63.8,0.038,0.116,68.335,disengaged,disengaged,0.65,face_too_small
2026-06-17T22:31:53.259,4.142,61.569,0.017,0.034,66.375,disengaged,disengaged,0.65,face_too_small
2026-06-17T22:31:53.323,4.517,58.348,0.019,0.037,63.245,disengaged,disengaged,0.65,face_too_small
2026-06-17T22:31:53.410,3.479,67.679,0.02,0.049,71.944,engaged,engaged,0.792,face_centered
2026-06-17T22:31:53.496,3.271,66.954,0.026,0.131,70.973,engaged,engaged,0.773,face_centered
2026-06-17T22:31:53.566,3.493,58.009,0.017,0.043,62.202,engaged,engaged,0.772,face_centered
2026-06-17T22:31:53.667,31.337,57.17,0.018,0.035,89.123,disengaged,disengaged,0.65,face_too_small
2026-06-17T22:31:53.754,4.165,67.469,0.021,0.044,72.35,disengaged,disengaged,0.65,face_too_small
2026-06-17T22:31:53.826,5.267,62.058,0.018,0.038,68.055,disengaged,disengaged,0.65,face_too_small
2026-06-17T22:31:53.909,4.154,64.183,0.02,0.043,69.021,disengaged,disengaged,0.65,face_too_small
2026-06-17T22:31:53.987,3.406,61.933,0.028,0.064,65.897,engaged,engaged,0.781,face_centered
2026-06-17T22:31:54.076,15.327,67.993,0.017,0.044,84.129,engaged,engaged,0.781,face_centered
2026-06-17T22:31:54.162,4.388,65.604,0.019,0.043,70.639,engaged,engaged,0.665,face_centered
2026-06-17T22:31:54.239,3.274,68.509,0.019,0.036,72.383,disengaged,disengaged,0.65,face_too_small
2026-06-17T22:31:54.326,3.439,67.295,0.021,0.05,71.35,engaged,engaged,0.665,face_centered
2026-06-17T22:31:54.405,3.371,69.184,0.016,0.037,73.366,engaged,engaged,0.665,face_centered
2026-06-17T22:31:54.474,3.263,61.405,0.028,0.066,65.292,engaged,engaged,0.666,face_centered
2026-06-17T22:31:54.566,5.808,64.284,0.017,0.04,70.711,engaged,engaged,0.666,face_centered
2026-06-17T22:31:54.649,3.652,71.478,0.021,0.042,75.805,disengaged,disengaged,0.65,face_too_small
2026-06-17T22:31:54.745,4.471,73.929,0.03,0.049,79.389,disengaged,disengaged,0.65,face_too_small
2026-06-17T22:31:54.828,3.424,65.024,0.016,0.037,69.124,engaged,engaged,0.665,face_centered
2026-06-17T22:31:54.909,3.37,69.146,0.029,0.057,73.317,disengaged,disengaged,0.65,face_too_small
2026-06-17T22:31:54.996,3.769,66.427,0.014,0.036,70.85,engaged,engaged,0.759,face_centered
2026-06-17T22:31:55.080,3.413,65.451,0.029,0.059,69.599,disengaged,disengaged,0.65,face_too_small
2026-06-17T22:31:55.168,6.329,66.769,0.022,0.043,74.189,disengaged,disengaged,0.65,face_too_small
2026-06-17T22:31:55.241,4.356,59.913,0.013,0.034,64.868,engaged,engaged,0.758,face_centered
2026-06-17T22:31:55.324,3.734,68.566,0.017,0.036,72.933,engaged,engaged,0.758,face_centered
2026-06-17T22:31:55.395,3.279,57.391,0.029,0.057,61.357,engaged,engaged,0.756,face_centered
2026-06-17T22:31:55.465,3.436,54.876,0.02,0.046,58.868,engaged,engaged,0.76,face_centered
2026-06-17T22:31:55.546,5.361,62.99,0.02,0.052,69.056,engaged,engaged,0.76,face_centered
2026-06-17T22:31:55.623,4.244,61.634,0.015,0.035,66.439,engaged,engaged,0.751,face_centered
2026-06-17T22:31:55.694,3.681,59.804,0.014,0.037,64.11,engaged,engaged,0.756,face_centered
2026-06-17T22:31:55.765,3.678,54.622,0.017,0.041,58.762,engaged,engaged,0.748,face_centered
2026-06-17T22:31:55.854,14.492,68.589,0.016,0.038,83.641,engaged,engaged,0.745,face_centered
2026-06-17T22:31:55.934,5.419,58.729,0.019,0.112,64.797,engaged,engaged,0.745,face_centered
2026-06-17T22:31:56.016,3.184,68.364,0.025,0.061,72.413,engaged,engaged,0.753,face_centered
2026-06-17T22:31:56.095,3.329,67.937,0.017,0.038,71.805,engaged,engaged,0.745,face_centered
2026-06-17T22:31:56.169,3.335,63.977,0.015,0.041,67.985,engaged,engaged,0.748,face_centered
2026-06-17T22:31:56.256,3.464,58.565,0.019,0.047,62.568,engaged,engaged,0.753,face_centered
2026-06-17T22:31:56.387,38.912,80.678,0.032,0.073,120.55,engaged,engaged,0.753,face_centered
2026-06-17T22:31:56.477,3.522,68.88,0.034,0.152,73.166,disengaged,disengaged,0.65,face_too_small
2026-06-17T22:31:56.566,4.295,69.597,0.025,0.048,74.699,disengaged,disengaged,0.65,face_too_small
2026-06-17T22:31:56.654,5.627,68.324,0.024,0.062,74.802,engaged,engaged,0.752,face_centered
2026-06-17T22:31:56.745,3.717,76.386,0.031,0.046,81.138,engaged,engaged,0.754,face_centered
2026-06-17T22:31:56.834,3.552,73.374,0.026,0.061,77.568,engaged,engaged,0.75,face_centered
2026-06-17T22:31:56.915,3.923,67.945,0.026,0.052,72.483,disengaged,disengaged,0.65,face_too_small
2026-06-17T22:31:57.003,4.186,72.008,0.023,0.05,76.772,disengaged,disengaged,0.65,face_too_small
2026-06-17T22:31:57.081,4.633,61.343,0.044,0.1,66.903,engaged,engaged,0.742,face_centered
2026-06-17T22:31:57.157,3.566,61.654,0.019,0.048,65.894,engaged,engaged,0.754,face_centered
2026-06-17T22:31:57.227,5.354,60.041,0.019,0.043,66.283,engaged,engaged,0.754,face_centered
2026-06-17T22:31:57.320,5.166,71.158,0.033,0.062,76.735,disengaged,disengaged,0.65,face_too_small
2026-06-17T22:31:57.403,4.688,62.835,0.073,0.132,69.022,engaged,engaged,0.748,face_centered
2026-06-17T22:31:57.472,3.603,62.183,0.084,0.125,67.126,disengaged,disengaged,0.65,face_too_small
2026-06-17T22:31:57.559,4.129,54.652,0.03,0.045,59.485,disengaged,disengaged,0.65,face_too_small
2026-06-17T22:31:57.627,10.983,54.96,0.018,0.042,66.663,engaged,engaged,0.665,face_centered
2026-06-17T22:31:57.713,4.507,62.509,0.018,0.04,67.675,engaged,engaged,0.665,face_centered
2026-06-17T22:31:57.795,3.289,64.722,0.026,0.054,68.778,disengaged,disengaged,0.65,face_too_small
2026-06-17T22:31:57.869,4.992,60.547,0.018,0.042,66.185,engaged,engaged,0.666,face_centered
2026-06-17T22:31:57.953,3.355,66.673,0.023,0.038,70.663,disengaged,disengaged,0.65,face_too_small
2026-06-17T22:31:58.046,5.746,70.866,0.068,0.129,77.666,disengaged,disengaged,0.65,face_too_small
2026-06-17T22:31:58.123,3.533,66.828,0.017,0.035,70.948,disengaged,disengaged,0.65,face_too_small
2026-06-17T22:31:58.204,3.408,64.286,0.043,0.087,68.375,disengaged,disengaged,0.65,face_too_small
2026-06-17T22:31:58.281,3.74,63.883,0.035,0.073,68.562,disengaged,disengaged,0.65,face_too_small
2026-06-17T22:31:58.363,4.609,61.963,0.019,0.038,67.214,disengaged,disengaged,0.65,face_too_small
2026-06-17T22:31:58.443,5.529,62.684,0.021,0.042,68.862,disengaged,disengaged,0.65,face_too_small
2026-06-17T22:31:58.526,4.739,66.879,0.015,0.034,72.281,engaged,engaged,0.744,face_centered
2026-06-17T22:31:58.617,3.389,78.562,0.018,0.034,82.643,disengaged,disengaged,0.65,face_too_small
2026-06-17T22:31:58.709,5.729,71.575,0.02,0.04,78.029,disengaged,disengaged,0.65,face_too_small
2026-06-17T22:31:58.804,3.6,77.485,0.026,0.054,81.777,disengaged,disengaged,0.65,face_too_small
2026-06-17T22:31:58.886,3.481,71.242,0.016,0.033,75.81,disengaged,disengaged,0.65,face_too_small
2026-06-17T22:31:58.965,3.981,60.822,0.026,0.062,65.623,disengaged,disengaged,0.65,face_too_small
2026-06-17T22:31:59.044,3.371,61.962,0.034,0.04,66.049,disengaged,disengaged,0.65,face_too_small
2026-06-17T22:31:59.155,30.733,78.306,0.017,0.033,109.829,disengaged,disengaged,0.65,face_too_small
2026-06-17T22:31:59.252,3.877,73.121,0.027,0.054,77.767,disengaged,disengaged,0.65,face_too_small
2026-06-17T22:31:59.353,15.737,78.179,0.017,0.035,94.52,disengaged,disengaged,0.65,face_too_small
2026-06-17T22:31:59.448,3.475,71.298,0.043,0.035,75.589,disengaged,disengaged,0.65,face_too_small
2026-06-17T22:31:59.539,5.541,77.58,0.02,0.04,83.933,disengaged,disengaged,0.65,face_too_small
2026-06-17T22:31:59.636,5.441,82.222,0.016,0.036,88.387,disengaged,disengaged,0.65,face_too_small
2026-06-17T22:31:59.729,4.118,74.52,0.021,0.04,79.344,disengaged,disengaged,0.65,face_too_small
2026-06-17T22:31:59.825,3.279,82.607,0.019,0.037,86.548,disengaged,disengaged,0.65,face_too_small
2026-06-17T22:31:59.905,3.468,67.437,0.017,0.032,71.579,disengaged,disengaged,0.65,face_too_small
2026-06-17T22:31:59.987,3.751,67.201,0.018,0.036,71.732,disengaged,disengaged,0.65,face_too_small
2026-06-17T22:32:00.073,4.55,71.474,0.065,0.088,77.025,disengaged,disengaged,0.65,face_too_small
2026-06-17T22:32:00.163,3.397,71.473,0.018,0.042,75.597,disengaged,disengaged,0.65,face_too_small
2026-06-17T22:32:00.254,3.495,72.602,0.02,0.041,76.824,disengaged,disengaged,0.65,face_too_small
2026-06-17T22:32:00.340,3.271,70.563,0.021,0.042,74.479,disengaged,disengaged,0.65,face_too_small
2026-06-17T22:32:00.432,3.905,75.584,0.016,0.032,80.272,disengaged,disengaged,0.65,face_too_small
2026-06-17T22:32:00.543,5.871,86.62,0.019,0.037,93.174,disengaged,disengaged,0.65,face_too_small
2026-06-17T22:32:00.639,3.622,84.056,0.017,0.04,88.268,engaged,engaged,0.666,face_centered
2026-06-17T22:32:00.736,3.632,75.978,0.029,0.069,80.325,engaged,engaged,0.87,face_centered
2026-06-17T22:32:00.824,5.933,70.467,0.029,0.072,77.32,engaged,engaged,0.879,face_centered
2026-06-17T22:32:00.906,4.101,75.369,0.018,0.049,80.168,engaged,engaged,0.883,face_centered
2026-06-17T22:32:00.995,3.313,68.591,0.014,0.037,72.548,engaged,engaged,0.882,face_centered
2026-06-17T22:32:01.079,4.591,71.793,0.018,0.04,77.144,engaged,engaged,0.896,face_centered
2026-06-17T22:32:01.166,3.421,71.938,0.02,0.049,76.155,engaged,engaged,0.895,face_centered
2026-06-17T22:32:01.254,3.528,71.42,0.027,0.053,75.586,disengaged,disengaged,0.65,face_too_small
2026-06-17T22:32:01.344,3.251,76.684,0.015,0.035,80.533,engaged,engaged,0.901,face_centered
2026-06-17T22:32:01.445,5.997,78.055,0.023,0.056,85.076,engaged,engaged,0.901,face_centered
2026-06-17T22:32:01.530,3.528,74.677,0.017,0.043,79.164,engaged,engaged,0.665,face_centered
2026-06-17T22:32:01.614,4.257,74.878,0.015,0.038,80.113,engaged,engaged,0.9,face_centered
2026-06-17T22:32:01.706,3.288,73.573,0.019,0.048,77.546,engaged,engaged,0.897,face_centered
2026-06-17T22:32:01.795,3.47,70.497,0.016,0.04,74.437,engaged,engaged,0.891,face_centered
2026-06-17T22:32:01.890,3.413,80.257,0.017,0.038,84.277,engaged,engaged,0.884,face_centered
2026-06-17T22:32:01.987,3.382,81.702,0.031,0.037,85.909,engaged,engaged,0.892,face_centered
2026-06-17T22:32:02.081,3.887,78.541,0.014,0.037,83.442,engaged,engaged,0.88,face_centered
2026-06-17T22:32:02.177,4.165,80.168,0.015,0.038,84.92,engaged,engaged,0.876,face_centered
2026-06-17T22:32:02.265,3.543,73.926,0.019,0.048,78.189,engaged,engaged,0.874,face_centered
2026-06-17T22:32:02.353,5.108,69.397,0.057,0.116,75.129,engaged,engaged,0.875,face_centered
2026-06-17T22:32:02.445,3.579,67.968,0.023,0.054,72.12,engaged,engaged,0.874,face_centered
2026-06-17T22:32:02.521,3.933,66.687,0.016,0.041,71.429,engaged,engaged,0.874,face_centered
2026-06-17T22:32:02.622,16.184,66.408,0.015,0.036,83.383,engaged,engaged,0.876,face_centered
2026-06-17T22:32:02.702,5.134,65.653,0.014,0.035,71.529,engaged,engaged,0.876,face_centered
2026-06-17T22:32:02.787,3.41,69.725,0.016,0.037,74.231,engaged,engaged,0.874,face_centered
2026-06-17T22:32:02.867,3.854,68.554,0.016,0.036,73.148,engaged,engaged,0.878,face_centered
2026-06-17T22:32:02.952,4.017,69.777,0.015,0.037,74.659,engaged,engaged,0.874,face_centered
2026-06-17T22:32:03.048,4.039,77.843,0.076,0.11,82.818,engaged,engaged,0.875,face_centered
2026-06-17T22:32:03.146,3.417,76.979,0.067,0.371,81.521,engaged,engaged,0.874,face_centered
2026-06-17T22:32:03.227,3.58,69.698,0.022,0.055,73.827,engaged,engaged,0.874,face_centered
2026-06-17T22:32:03.319,4.843,72.992,0.042,0.034,78.537,engaged,engaged,0.874,face_centered
2026-06-17T22:32:03.416,3.81,75.807,0.015,0.036,80.66,engaged,engaged,0.874,face_centered
2026-06-17T22:32:03.502,3.733,74.299,0.027,0.068,78.519,engaged,engaged,0.872,face_centered
2026-06-17T22:32:03.590,3.707,71.376,0.016,0.038,76.128,engaged,engaged,0.87,face_centered
2026-06-17T22:32:03.675,3.529,71.152,0.018,0.043,75.395,engaged,engaged,0.874,face_centered
2026-06-17T22:32:03.755,3.452,70.287,0.018,0.041,74.319,engaged,engaged,0.869,face_centered
2026-06-17T22:32:03.826,3.315,60.304,0.015,0.036,64.34,engaged,engaged,0.869,face_centered
2026-06-17T22:32:03.908,12.242,58.706,0.015,0.036,71.679,engaged,engaged,0.866,face_centered
2026-06-17T22:32:03.995,5.363,70.482,0.014,0.035,76.498,engaged,engaged,0.866,face_centered
2026-06-17T22:32:04.084,5.328,67.191,0.014,0.034,73.03,engaged,engaged,0.869,face_centered
2026-06-17T22:32:04.169,3.478,75.665,0.014,0.033,79.676,engaged,engaged,0.872,face_centered
2026-06-17T22:32:04.253,3.854,67.469,0.021,0.049,72.318,engaged,engaged,0.868,face_centered
2026-06-17T22:32:04.325,4.37,61.268,0.022,0.05,66.521,engaged,engaged,0.87,face_centered
2026-06-17T22:32:04.409,6.928,59.897,0.014,0.036,67.497,engaged,engaged,0.869,face_centered
2026-06-17T22:32:04.504,6.238,67.14,0.02,0.05,74.436,engaged,engaged,0.869,face_centered
2026-06-17T22:32:04.575,3.893,61.868,0.015,0.035,66.616,engaged,engaged,0.871,face_centered
2026-06-17T22:32:04.667,4.918,72.414,0.052,0.078,78.0,engaged,engaged,0.875,face_centered
2026-06-17T22:32:04.732,3.309,58.652,0.026,0.052,62.613,engaged,engaged,0.881,face_centered
2026-06-17T22:32:04.810,3.327,59.373,0.016,0.038,63.389,engaged,engaged,0.878,face_centered
2026-06-17T22:32:04.903,18.968,58.129,0.019,0.044,77.8,engaged,engaged,0.876,face_centered
2026-06-17T22:32:04.982,5.942,72.399,0.037,0.046,79.427,engaged,engaged,0.876,face_centered
2026-06-17T22:32:05.071,3.467,72.567,0.016,0.038,76.762,engaged,engaged,0.884,face_centered
2026-06-17T22:32:05.165,3.425,71.248,0.013,0.032,75.314,engaged,engaged,0.877,face_centered
2026-06-17T22:32:05.243,4.107,67.795,0.019,0.063,72.464,engaged,engaged,0.876,face_centered
2026-06-17T22:32:05.331,3.225,70.499,0.02,0.045,74.341,engaged,engaged,0.883,face_centered
2026-06-17T22:32:05.416,3.843,64.674,0.023,0.058,69.103,engaged,engaged,0.872,face_centered
2026-06-17T22:32:05.503,3.587,66.908,0.018,0.045,71.068,engaged,engaged,0.879,face_centered
2026-06-17T22:32:05.586,5.943,68.352,0.042,0.034,75.247,engaged,engaged,0.879,face_centered
2026-06-17T22:32:05.665,3.828,70.509,0.017,0.044,75.004,engaged,engaged,0.871,face_centered
2026-06-17T22:32:05.750,3.174,67.826,0.013,0.033,71.686,engaged,engaged,0.87,face_centered
2026-06-17T22:32:05.833,5.187,70.556,0.016,0.049,76.354,engaged,engaged,0.882,face_centered
2026-06-17T22:32:05.918,3.311,62.547,0.033,0.083,66.598,engaged,engaged,0.88,face_centered
2026-06-17T22:32:06.020,4.879,77.737,0.074,0.175,83.483,engaged,engaged,0.875,face_centered
2026-06-17T22:32:06.124,15.716,76.675,0.038,0.054,93.069,engaged,engaged,0.872,face_centered
2026-06-17T22:32:06.223,4.294,74.708,0.033,0.067,79.742,engaged,engaged,0.878,face_centered
2026-06-17T22:32:06.322,3.31,80.017,0.025,0.077,83.947,engaged,engaged,0.872,face_centered
2026-06-17T22:32:06.408,3.393,65.475,0.016,0.041,69.498,engaged,engaged,0.872,face_centered
2026-06-17T22:32:06.503,6.254,82.009,0.014,0.036,89.082,engaged,engaged,0.873,face_centered
2026-06-17T22:32:06.597,3.854,78.029,0.014,0.036,82.446,engaged,engaged,0.875,face_centered
2026-06-17T22:32:06.686,4.721,76.668,0.016,0.036,82.09,engaged,engaged,0.878,face_centered
2026-06-17T22:32:06.768,5.053,69.703,0.016,0.04,75.343,engaged,engaged,0.876,face_centered
2026-06-17T22:32:06.855,3.699,64.879,0.016,0.04,69.242,engaged,engaged,0.875,face_centered
2026-06-17T22:32:06.937,4.843,68.58,0.035,0.085,74.466,engaged,engaged,0.871,face_centered
2026-06-17T22:32:07.016,3.589,66.552,0.027,0.041,70.835,engaged,engaged,0.871,face_centered
2026-06-17T22:32:07.103,3.283,71.554,0.014,0.035,75.472,engaged,engaged,0.869,face_centered
2026-06-17T22:32:07.195,5.659,72.054,0.017,0.044,78.384,engaged,engaged,0.869,face_centered
2026-06-17T22:32:07.276,3.433,74.545,0.019,0.048,78.608,engaged,engaged,0.874,face_centered
2026-06-17T22:32:07.369,3.479,71.346,0.016,0.037,76.054,engaged,engaged,0.877,face_centered
2026-06-17T22:32:07.465,5.857,74.214,0.015,0.037,80.654,engaged,engaged,0.87,face_centered
2026-06-17T22:32:07.553,3.372,77.729,0.016,0.039,81.813,engaged,engaged,0.869,face_centered
2026-06-17T22:32:07.656,3.413,88.187,0.016,0.037,92.216,engaged,engaged,0.875,face_centered
2026-06-17T22:32:07.743,3.362,71.89,0.016,0.04,75.852,engaged,engaged,0.883,face_centered
2026-06-17T22:32:07.840,4.666,74.316,0.013,0.034,79.48,engaged,engaged,0.873,face_centered
2026-06-17T22:32:07.920,3.647,66.309,0.015,0.036,70.658,engaged,engaged,0.876,face_centered
2026-06-17T22:32:08.006,3.491,66.492,0.017,0.041,70.576,engaged,engaged,0.873,face_centered
2026-06-17T22:32:08.098,5.954,71.202,0.021,0.056,77.932,engaged,engaged,0.873,face_centered
2026-06-17T22:32:08.195,5.586,75.959,0.017,0.043,82.201,engaged,engaged,0.869,face_centered
2026-06-17T22:32:08.275,3.431,74.218,0.015,0.036,78.242,engaged,engaged,0.875,face_centered
2026-06-17T22:32:08.369,4.805,72.241,0.017,0.043,77.7,engaged,engaged,0.883,face_centered
2026-06-17T22:32:08.461,3.209,78.388,0.021,0.053,82.34,engaged,engaged,0.869,face_centered
2026-06-17T22:32:08.542,3.742,73.977,0.056,0.143,78.531,engaged,engaged,0.865,face_centered
2026-06-17T22:32:08.636,4.158,67.793,0.036,0.089,72.835,engaged,engaged,0.873,face_centered
2026-06-17T22:32:08.736,3.398,85.047,0.022,0.054,89.648,engaged,engaged,0.877,face_centered
2026-06-17T22:32:08.814,3.554,61.265,0.037,0.089,66.033,engaged,engaged,0.868,face_centered
2026-06-17T22:32:08.895,3.488,64.126,0.027,0.041,68.243,engaged,engaged,0.871,face_centered
2026-06-17T22:32:08.974,5.536,67.685,0.013,0.037,73.986,engaged,engaged,0.871,face_centered
2026-06-17T22:32:09.056,3.338,63.513,0.016,0.037,67.529,engaged,engaged,0.866,face_centered
2026-06-17T22:32:09.137,3.672,71.048,0.013,0.034,75.309,engaged,engaged,0.877,face_centered
2026-06-17T22:32:09.221,3.996,71.321,0.023,0.056,76.044,engaged,engaged,0.871,face_centered
2026-06-17T22:32:09.304,3.487,66.122,0.014,0.036,70.142,engaged,engaged,0.876,face_centered
2026-06-17T22:32:09.395,3.24,66.3,0.013,0.037,70.232,engaged,engaged,0.875,face_centered
2026-06-17T22:32:09.486,4.37,75.19,0.034,0.064,80.163,engaged,engaged,0.875,face_centered
2026-06-17T22:32:09.575,4.397,74.229,0.016,0.038,79.504,engaged,engaged,0.875,face_centered
2026-06-17T22:32:09.654,3.221,63.888,0.02,0.049,67.72,engaged,engaged,0.877,face_centered
2026-06-17T22:32:09.741,3.954,74.71,0.016,0.038,79.498,engaged,engaged,0.874,face_centered
2026-06-17T22:32:09.837,4.194,74.147,0.017,0.039,78.937,engaged,engaged,0.871,face_centered
2026-06-17T22:32:09.905,3.3,58.455,0.026,0.063,62.497,engaged,engaged,0.871,face_centered
2026-06-17T22:32:09.986,3.312,60.744,0.018,0.043,64.676,engaged,engaged,0.877,face_centered
2026-06-17T22:32:10.070,16.156,60.397,0.014,0.035,77.199,engaged,engaged,0.872,face_centered
2026-06-17T22:32:10.153,5.383,64.009,0.024,0.06,70.053,engaged,engaged,0.872,face_centered
2026-06-17T22:32:10.238,3.267,72.891,0.026,0.054,76.75,disengaged,disengaged,0.65,face_too_small
2026-06-17T22:32:10.321,4.334,65.085,0.087,0.121,70.554,engaged,engaged,0.682,face_centered
2026-06-17T22:32:10.405,4.044,68.09,0.028,0.062,73.084,engaged,engaged,0.86,face_centered
2026-06-17T22:32:10.480,3.359,61.493,0.017,0.036,65.472,disengaged,disengaged,0.65,face_too_small
2026-06-17T22:32:10.571,10.011,67.015,0.015,0.036,78.049,engaged,engaged,0.68,face_centered
2026-06-17T22:32:10.660,5.367,67.2,0.018,0.039,73.225,engaged,engaged,0.68,face_centered
2026-06-17T22:32:10.740,3.389,72.057,0.016,0.034,75.99,engaged,engaged,0.689,face_centered
2026-06-17T22:32:10.824,3.351,62.781,0.015,0.038,66.729,engaged,engaged,0.675,face_centered
2026-06-17T22:32:10.895,3.963,58.447,0.018,0.045,63.176,engaged,engaged,0.668,face_centered
2026-06-17T22:32:10.966,4.743,59.827,0.015,0.037,65.102,engaged,engaged,0.684,face_centered
2026-06-17T22:32:11.068,19.422,62.278,0.016,0.042,82.386,engaged,engaged,0.677,face_centered
2026-06-17T22:32:11.149,5.329,66.733,0.016,0.041,72.747,engaged,engaged,0.677,face_centered
2026-06-17T22:32:11.238,5.176,77.16,0.014,0.032,82.858,engaged,engaged,0.677,face_centered
2026-06-17T22:32:11.325,3.366,67.27,0.021,0.047,71.535,engaged,engaged,0.689,face_centered
2026-06-17T22:32:11.404,3.678,65.347,0.021,0.052,69.687,engaged,engaged,0.673,face_centered
2026-06-17T22:32:11.481,3.358,63.471,0.016,0.04,68.08,engaged,engaged,0.691,face_centered
2026-06-17T22:32:11.565,7.344,63.079,0.014,0.034,72.213,engaged,engaged,0.687,face_centered
2026-06-17T22:32:11.649,5.274,63.596,0.017,0.042,69.78,engaged,engaged,0.687,face_centered
2026-06-17T22:32:11.744,4.008,78.701,0.017,0.038,83.517,engaged,engaged,0.674,face_centered
2026-06-17T22:32:11.823,3.237,63.14,0.02,0.04,67.021,disengaged,disengaged,0.651,face_high_or_low
2026-06-17T22:32:11.902,3.94,68.951,0.017,0.038,73.533,engaged,engaged,0.674,face_centered
2026-06-17T22:32:11.976,3.733,61.084,0.014,0.033,65.404,engaged,engaged,0.674,face_centered
2026-06-17T22:32:12.066,5.523,66.86,0.016,0.037,73.018,engaged,engaged,0.674,face_centered
2026-06-17T22:32:12.141,3.222,62.266,0.041,0.082,66.132,disengaged,disengaged,0.751,face_high_or_low+face_too_small
2026-06-17T22:32:12.228,5.46,71.57,0.032,0.064,77.688,disengaged,disengaged,0.65,face_too_small
2026-06-17T22:32:12.305,3.343,60.394,0.027,0.062,64.468,engaged,engaged,0.669,face_centered
2026-06-17T22:32:12.375,3.938,63.348,0.017,0.035,67.873,disengaged,disengaged,0.589,face_high_or_low
2026-06-17T22:32:12.469,3.991,67.727,0.02,0.051,72.671,engaged,engaged,0.679,face_centered
2026-06-17T22:32:12.559,6.345,71.293,0.016,0.036,78.532,engaged,engaged,0.679,face_centered
2026-06-17T22:32:12.636,3.697,62.145,0.063,0.102,66.601,engaged,engaged,0.688,face_centered
2026-06-17T22:32:12.718,3.455,69.519,0.017,0.042,73.66,engaged,engaged,0.665,face_centered
2026-06-17T22:32:12.795,3.141,65.7,0.019,0.047,69.481,engaged,engaged,0.673,face_centered
2026-06-17T22:32:12.867,3.617,60.412,0.029,0.06,64.695,engaged,engaged,0.674,face_centered
2026-06-17T22:32:12.971,26.85,59.043,0.04,0.075,87.126,disengaged,disengaged,0.65,face_too_small
2026-06-17T22:32:13.053,3.662,75.404,0.02,0.04,79.743,disengaged,disengaged,0.65,face_too_small
2026-06-17T22:32:13.125,3.732,58.082,0.019,0.04,62.446,disengaged,disengaged,0.65,face_too_small
2026-06-17T22:32:13.208,3.448,61.675,0.019,0.037,65.729,disengaged,disengaged,0.65,face_too_small
2026-06-17T22:32:13.270,3.781,56.631,0.016,0.039,61.079,engaged,engaged,0.687,face_centered
2026-06-17T22:32:13.365,3.78,59.707,0.018,0.037,64.329,disengaged,disengaged,0.65,face_too_small
2026-06-17T22:32:13.468,30.196,62.452,0.017,0.035,93.352,disengaged,disengaged,0.65,face_too_small
2026-06-17T22:32:13.549,5.365,69.407,0.022,0.044,75.456,disengaged,disengaged,0.65,face_too_small
2026-06-17T22:32:13.623,3.448,58.604,0.019,0.031,62.783,engaged,engaged,0.664,face_centered
2026-06-17T22:32:13.702,3.479,64.927,0.02,0.051,68.975,engaged,engaged,0.681,face_centered
2026-06-17T22:32:13.770,6.292,58.697,0.026,0.089,65.747,engaged,engaged,0.672,face_centered
2026-06-17T22:32:13.854,3.565,58.111,0.018,0.043,62.39,engaged,engaged,0.666,face_centered
2026-06-17T22:32:13.951,32.432,59.159,0.022,0.042,92.21,disengaged,disengaged,0.65,face_too_small
2026-06-17T22:32:14.046,4.253,69.782,0.02,0.04,74.715,disengaged,disengaged,0.65,face_too_small
2026-06-17T22:32:14.120,3.487,60.195,0.016,0.039,64.279,engaged,engaged,0.677,face_centered
2026-06-17T22:32:14.203,3.858,70.287,0.02,0.04,75.087,disengaged,disengaged,0.756,face_high_or_low+face_too_small
2026-06-17T22:32:14.279,4.887,58.281,0.03,0.037,63.915,disengaged,disengaged,0.756,face_high_or_low+face_too_small
2026-06-17T22:32:14.356,9.013,59.673,0.017,0.038,69.814,disengaged,disengaged,0.756,face_high_or_low+face_too_small
2026-06-17T22:32:14.440,5.209,61.918,0.05,0.093,67.843,disengaged,disengaged,0.65,face_too_small
2026-06-17T22:32:14.521,4.944,66.536,0.019,0.037,72.107,disengaged,disengaged,0.65,face_too_small
2026-06-17T22:32:14.597,4.477,60.316,0.033,0.072,65.471,engaged,engaged,0.673,face_centered
2026-06-17T22:32:14.669,3.603,63.566,0.016,0.039,67.986,engaged,engaged,0.68,face_centered
2026-06-17T22:32:14.748,3.446,57.749,0.017,0.042,61.83,engaged,engaged,0.678,face_centered
2026-06-17T22:32:14.827,5.571,64.412,0.023,0.035,70.639,engaged,engaged,0.678,face_centered
2026-06-17T22:32:14.895,4.604,58.941,0.018,0.045,64.216,engaged,engaged,0.663,face_centered
2026-06-17T22:32:14.979,3.208,62.452,0.041,0.066,66.453,engaged,engaged,0.669,face_centered
2026-06-17T22:32:15.048,3.314,57.375,0.018,0.048,61.351,engaged,engaged,0.681,face_centered
2026-06-17T22:32:15.149,17.842,61.953,0.029,0.058,80.487,disengaged,disengaged,0.65,face_too_small
2026-06-17T22:32:15.231,4.12,64.175,0.02,0.042,68.967,disengaged,disengaged,0.65,face_too_small
2026-06-17T22:32:15.321,3.664,72.725,0.032,0.062,77.036,disengaged,disengaged,0.65,face_too_small
2026-06-17T22:32:15.405,4.131,68.692,0.027,0.051,73.724,disengaged,disengaged,0.65,face_too_small
2026-06-17T22:32:15.488,4.517,65.866,0.033,0.064,71.033,disengaged,disengaged,0.65,face_too_small
2026-06-17T22:32:15.582,5.61,74.342,0.021,0.042,80.794,disengaged,disengaged,0.65,face_too_small
2026-06-17T22:32:15.662,3.197,63.948,0.013,0.034,67.793,engaged,engaged,0.687,face_centered
2026-06-17T22:32:15.753,4.459,73.906,0.027,0.065,78.952,engaged,engaged,0.687,face_centered
2026-06-17T22:32:15.844,3.751,76.659,0.014,0.033,81.243,engaged,engaged,0.678,face_centered
2026-06-17T22:32:15.924,3.13,67.353,0.014,0.035,71.233,engaged,engaged,0.671,face_centered
2026-06-17T22:32:16.006,3.553,64.289,0.016,0.037,68.446,engaged,engaged,0.67,face_centered
2026-06-17T22:32:16.090,3.647,69.005,0.017,0.04,73.236,engaged,engaged,0.67,face_centered
2026-06-17T22:32:16.166,3.568,61.596,0.017,0.042,65.823,engaged,engaged,0.673,face_centered
2026-06-17T22:32:16.248,5.431,66.456,0.015,0.037,72.814,engaged,engaged,0.673,face_centered
2026-06-17T22:32:16.336,3.698,75.867,0.014,0.035,80.151,engaged,engaged,0.666,face_centered
2026-06-17T22:32:16.428,3.831,73.429,0.021,0.051,78.032,engaged,engaged,0.667,face_centered
2026-06-17T22:32:16.510,3.318,67.444,0.014,0.034,71.286,engaged,engaged,0.669,face_centered
2026-06-17T22:32:16.602,3.308,78.305,0.033,0.076,82.191,engaged,engaged,0.673,face_centered
2026-06-17T22:32:16.693,5.237,72.037,0.017,0.034,78.174,disengaged,disengaged,0.65,face_too_small
2026-06-17T22:32:16.771,3.465,68.682,0.026,0.053,72.831,disengaged,disengaged,0.65,face_too_small
2026-06-17T22:32:16.869,3.554,70.185,0.018,0.041,74.408,engaged,engaged,0.666,face_centered
2026-06-17T22:32:16.951,3.619,63.011,0.02,0.049,67.361,engaged,engaged,0.668,face_centered
2026-06-17T22:32:17.032,5.155,66.077,0.018,0.038,71.921,engaged,engaged,0.668,face_centered
2026-06-17T22:32:17.107,3.43,66.658,0.023,0.047,70.887,disengaged,disengaged,0.65,face_too_small
2026-06-17T22:32:17.197,3.564,72.348,0.014,0.036,76.45,engaged,engaged,0.672,face_centered
2026-06-17T22:32:17.286,3.346,75.578,0.034,0.047,79.673,disengaged,disengaged,0.65,face_too_small
2026-06-17T22:32:17.370,3.864,67.547,0.016,0.033,72.203,disengaged,disengaged,0.65,face_too_small
2026-06-17T22:32:17.447,4.162,57.725,0.015,0.038,62.938,engaged,engaged,0.686,face_centered
2026-06-17T22:32:17.526,5.61,66.355,0.028,0.064,72.662,engaged,engaged,0.686,face_centered
2026-06-17T22:32:17.615,5.157,73.315,0.02,0.042,79.226,engaged,engaged,0.686,face_centered
2026-06-17T22:32:17.696,3.472,65.849,0.017,0.039,70.046,engaged,engaged,0.673,face_centered
2026-06-17T22:32:17.772,3.271,68.632,0.029,0.054,72.6,disengaged,disengaged,0.65,face_too_small
2026-06-17T22:32:17.854,3.325,62.917,0.029,0.044,66.992,engaged,engaged,0.661,face_centered
2026-06-17T22:32:17.943,3.659,65.814,0.024,0.053,70.159,engaged,engaged,0.682,face_centered
2026-06-17T22:32:18.031,5.281,70.199,0.022,0.053,76.17,engaged,engaged,0.682,face_centered
2026-06-17T22:32:18.117,3.305,72.098,0.022,0.041,76.053,disengaged,disengaged,0.597,face_high_or_low
2026-06-17T22:32:18.207,3.494,71.155,0.015,0.037,75.224,engaged,engaged,0.678,face_centered
2026-06-17T22:32:18.290,3.588,73.098,0.016,0.04,77.492,engaged,engaged,0.669,face_centered
2026-06-17T22:32:18.377,4.995,71.318,0.016,0.035,76.884,engaged,engaged,0.669,face_centered
2026-06-17T22:32:18.457,3.235,65.354,0.014,0.04,69.198,engaged,engaged,0.67,face_centered
2026-06-17T22:32:18.542,4.811,66.22,0.016,0.038,71.884,engaged,engaged,0.67,face_centered
2026-06-17T22:32:18.624,5.362,73.504,0.017,0.04,79.559,engaged,engaged,0.671,face_centered
2026-06-17T22:32:18.708,3.322,64.331,0.018,0.036,68.313,disengaged,disengaged,0.65,face_too_small
2026-06-17T22:32:18.802,3.762,74.835,0.015,0.036,79.278,engaged,engaged,0.675,face_centered
2026-06-17T22:32:18.895,3.443,80.903,0.019,0.038,85.024,disengaged,disengaged,0.65,face_too_small
2026-06-17T22:32:18.982,3.294,72.862,0.021,0.05,76.88,engaged,engaged,0.667,face_centered
2026-06-17T22:32:19.076,3.377,78.9,0.022,0.043,82.928,disengaged,disengaged,0.65,face_too_small
2026-06-17T22:32:19.173,3.298,77.566,0.027,0.058,81.546,engaged,engaged,0.678,face_centered
2026-06-17T22:32:19.260,3.932,69.002,0.025,0.048,73.531,disengaged,disengaged,0.595,face_high_or_low
2026-06-17T22:32:19.342,4.706,71.203,0.021,0.055,76.667,engaged,engaged,0.879,face_centered
2026-06-17T22:32:19.448,15.717,73.425,0.016,0.037,89.931,engaged,engaged,0.663,face_centered
2026-06-17T22:32:19.528,5.436,69.077,0.017,0.043,75.382,engaged,engaged,0.663,face_centered
2026-06-17T22:32:19.624,3.377,75.349,0.026,0.053,79.403,disengaged,disengaged,0.65,face_too_small
2026-06-17T22:32:19.710,3.846,77.42,0.019,0.037,82.036,disengaged,disengaged,0.65,face_too_small
2026-06-17T22:32:19.796,3.455,69.942,0.016,0.038,74.135,engaged,engaged,0.664,face_centered
2026-06-17T22:32:19.885,3.659,77.671,0.018,0.034,82.436,disengaged,disengaged,0.65,face_too_small
2026-06-17T22:32:19.978,3.752,71.505,0.018,0.039,76.017,disengaged,disengaged,0.65,face_too_small
2026-06-17T22:32:20.065,3.305,71.666,0.024,0.039,75.603,engaged,engaged,0.874,face_centered
2026-06-17T22:32:20.152,3.986,77.857,0.016,0.039,82.768,engaged,engaged,0.873,face_centered
2026-06-17T22:32:20.235,3.661,69.186,0.013,0.034,73.408,engaged,engaged,0.881,face_centered
2026-06-17T22:32:20.326,3.314,69.414,0.015,0.039,73.386,engaged,engaged,0.879,face_centered
2026-06-17T22:32:20.409,5.124,77.094,0.015,0.038,82.933,engaged,engaged,0.879,face_centered
2026-06-17T22:32:20.500,3.383,75.154,0.017,0.04,79.441,engaged,engaged,0.663,face_centered
2026-06-17T22:32:20.605,3.381,86.791,0.02,0.04,90.929,disengaged,disengaged,0.65,face_too_small
2026-06-17T22:32:20.714,3.493,81.782,0.038,0.079,85.995,disengaged,disengaged,0.65,face_too_small
2026-06-17T22:32:20.796,3.69,69.266,0.025,0.034,73.703,engaged,engaged,0.667,face_centered
2026-06-17T22:32:20.899,3.472,86.546,0.037,0.064,90.862,engaged,engaged,0.882,face_centered
2026-06-17T22:32:20.988,3.258,77.309,0.015,0.037,81.271,engaged,engaged,0.879,face_centered
2026-06-17T22:32:21.074,3.772,73.445,0.016,0.038,78.131,engaged,engaged,0.664,face_centered
2026-06-17T22:32:21.168,3.384,82.051,0.02,0.048,86.165,engaged,engaged,0.886,face_centered
2026-06-17T22:32:21.249,3.446,72.317,0.031,0.058,76.551,disengaged,disengaged,0.65,face_too_small
2026-06-17T22:32:21.345,3.445,72.444,0.016,0.036,76.587,engaged,engaged,0.88,face_centered
2026-06-17T22:32:21.448,3.802,77.935,0.027,0.057,82.828,engaged,engaged,0.886,face_centered
2026-06-17T22:32:21.533,3.409,74.205,0.024,0.04,78.264,engaged,engaged,0.665,face_centered
2026-06-17T22:32:21.639,3.465,78.631,0.035,0.067,82.868,disengaged,disengaged,0.767,face_high_or_low+face_too_small
2026-06-17T22:32:21.735,3.999,75.881,0.015,0.037,80.952,engaged,engaged,0.885,face_centered
2026-06-17T22:32:21.830,6.393,78.765,0.015,0.036,86.498,engaged,engaged,0.885,face_centered
2026-06-17T22:32:21.927,3.581,82.21,0.019,0.039,86.631,disengaged,disengaged,0.65,face_too_small
2026-06-17T22:32:22.028,4.455,80.665,0.022,0.045,85.715,disengaged,disengaged,0.65,face_too_small
2026-06-17T22:32:22.128,5.331,81.441,0.02,0.047,87.503,engaged,engaged,0.664,face_centered
2026-06-17T22:32:22.233,5.221,102.398,0.02,0.045,108.122,engaged,engaged,0.873,face_centered
2026-06-17T22:32:22.344,3.345,88.338,0.022,0.058,92.3,engaged,engaged,0.663,face_centered
2026-06-17T22:32:22.449,3.424,90.823,0.012,0.031,94.75,engaged,engaged,0.821,face_centered
2026-06-17T22:32:22.559,5.337,88.133,0.019,0.046,94.605,engaged,engaged,0.889,face_centered
2026-06-17T22:32:22.664,3.497,89.247,0.02,0.04,93.363,disengaged,disengaged,0.65,face_too_small
2026-06-17T22:32:22.777,3.904,95.968,0.018,0.048,100.781,engaged,engaged,0.899,face_centered
2026-06-17T22:32:22.877,3.395,92.299,0.016,0.037,96.363,engaged,engaged,0.664,face_centered
2026-06-17T22:32:22.987,4.953,87.805,0.021,0.049,93.337,engaged,engaged,0.664,face_centered
2026-06-17T22:32:23.091,4.882,86.809,0.022,0.054,92.601,engaged,engaged,0.664,face_centered
2026-06-17T22:32:23.201,3.573,95.261,0.029,0.049,99.463,disengaged,disengaged,0.65,face_too_small
2026-06-17T22:32:23.309,5.829,89.272,0.016,0.035,95.761,disengaged,disengaged,0.657,face_high_or_low
2026-06-17T22:32:23.402,3.221,81.459,0.022,0.04,85.388,disengaged,disengaged,0.65,face_too_small
2026-06-17T22:32:23.498,3.487,79.431,0.018,0.043,83.964,engaged,engaged,0.661,face_centered
2026-06-17T22:32:23.596,3.46,81.686,0.027,0.055,85.816,disengaged,disengaged,0.65,face_too_small
2026-06-17T22:32:23.694,3.447,88.838,0.019,0.04,92.892,disengaged,disengaged,0.65,face_too_small
2026-06-17T22:32:23.776,3.538,73.309,0.021,0.041,77.401,disengaged,disengaged,0.65,face_too_small
2026-06-17T22:32:23.872,3.372,71.812,0.021,0.04,75.831,disengaged,disengaged,0.65,face_too_small
2026-06-17T22:32:23.953,3.749,71.656,0.018,0.038,76.213,disengaged,disengaged,0.65,face_too_small
2026-06-17T22:32:24.046,4.743,69.588,0.026,0.06,75.023,engaged,engaged,0.664,face_centered
2026-06-17T22:32:24.125,3.479,70.07,0.02,0.046,74.314,engaged,engaged,0.667,face_centered
2026-06-17T22:32:24.211,3.334,65.116,0.016,0.044,69.053,engaged,engaged,0.665,face_centered
2026-06-17T22:32:24.304,9.798,69.616,0.016,0.039,80.425,engaged,engaged,0.664,face_centered
2026-06-17T22:32:24.392,5.587,70.621,0.015,0.037,76.704,engaged,engaged,0.664,face_centered
2026-06-17T22:32:24.472,4.512,76.499,0.02,0.044,81.696,engaged,engaged,0.664,face_centered
2026-06-17T22:32:24.569,4.955,72.701,0.016,0.043,78.163,engaged,engaged,0.663,face_centered
2026-06-17T22:32:24.668,5.863,79.649,0.016,0.037,86.245,engaged,engaged,0.666,face_centered
2026-06-17T22:32:24.754,3.442,72.34,0.02,0.041,76.463,disengaged,disengaged,0.65,face_too_small
2026-06-17T22:32:24.854,3.832,83.44,0.039,0.086,87.976,disengaged,disengaged,0.65,face_too_small
2026-06-17T22:32:24.951,5.276,76.656,0.03,0.058,82.671,disengaged,disengaged,0.65,face_too_small
2026-06-17T22:32:25.048,4.543,77.597,0.04,0.077,83.429,disengaged,disengaged,0.65,face_too_small
2026-06-17T22:32:25.138,4.127,75.793,0.028,0.053,80.544,disengaged,disengaged,0.65,face_too_small
2026-06-17T22:32:25.218,5.346,65.684,0.019,0.039,71.635,disengaged,disengaged,0.65,face_too_small
2026-06-17T22:32:25.298,3.599,58.251,0.018,0.036,62.498,disengaged,disengaged,0.65,face_too_small
2026-06-17T22:32:25.387,5.392,70.826,0.024,0.048,77.038,disengaged,disengaged,0.65,face_too_small
2026-06-17T22:32:25.475,3.081,72.544,0.017,0.036,76.762,disengaged,disengaged,0.65,face_too_small
2026-06-17T22:32:25.559,3.677,69.914,0.042,0.088,74.636,disengaged,disengaged,0.65,face_too_small
2026-06-17T22:32:25.654,3.663,82.017,0.024,0.05,86.346,disengaged,disengaged,0.65,face_too_small
2026-06-17T22:32:25.746,3.586,77.012,0.015,0.032,81.593,disengaged,disengaged,0.65,face_too_small
2026-06-17T22:32:25.834,3.474,69.406,0.051,0.097,73.526,disengaged,disengaged,0.65,face_too_small
2026-06-17T22:32:25.908,3.439,68.725,0.027,0.057,72.994,disengaged,disengaged,0.65,face_too_small
2026-06-17T22:32:26.004,3.179,73.071,0.016,0.035,76.952,disengaged,disengaged,0.65,face_too_small
2026-06-17T22:32:26.095,3.568,61.724,0.018,0.038,65.996,disengaged,disengaged,0.65,face_too_small
2026-06-17T22:32:26.175,5.283,68.202,0.017,0.037,74.116,disengaged,disengaged,0.65,face_too_small
2026-06-17T22:32:26.266,3.469,76.817,0.023,0.04,80.893,disengaged,disengaged,0.65,face_too_small
2026-06-17T22:32:26.348,3.608,64.294,0.02,0.04,68.589,disengaged,disengaged,0.65,face_too_small
2026-06-17T22:32:26.444,4.268,81.203,0.048,0.075,86.073,disengaged,disengaged,0.65,face_too_small
2026-06-17T22:32:26.522,3.391,69.801,0.018,0.035,73.873,disengaged,disengaged,0.65,face_too_small
2026-06-17T22:32:26.603,3.306,64.728,0.018,0.036,68.765,disengaged,disengaged,0.65,face_too_small
2026-06-17T22:32:26.696,3.321,69.42,0.018,0.036,73.432,disengaged,disengaged,0.65,face_too_small
2026-06-17T22:32:26.791,5.468,74.409,0.038,0.035,80.689,disengaged,disengaged,0.65,face_too_small
2026-06-17T22:32:26.874,6.096,71.641,0.02,0.04,78.508,disengaged,disengaged,0.65,face_too_small
2026-06-17T22:32:26.974,3.237,78.52,0.034,0.079,82.561,engaged,engaged,0.664,face_centered
2026-06-17T22:32:27.065,4.491,72.62,0.022,0.043,78.0,disengaged,disengaged,0.65,face_too_small
2026-06-17T22:32:27.149,3.529,70.304,0.022,0.055,74.516,engaged,engaged,0.666,face_centered
2026-06-17T22:32:27.239,3.309,73.954,0.021,0.037,78.058,engaged,engaged,0.666,face_centered
2026-06-17T22:32:27.314,3.245,62.597,0.032,0.056,66.511,disengaged,disengaged,0.65,face_too_small
2026-06-17T22:32:27.397,3.691,65.649,0.029,0.035,70.026,engaged,engaged,0.664,face_centered
2026-06-17T22:32:27.486,5.872,71.576,0.019,0.045,78.271,engaged,engaged,0.664,face_centered
2026-06-17T22:32:27.565,5.468,64.477,0.018,0.04,70.814,disengaged,disengaged,0.65,face_too_small
2026-06-17T22:32:27.649,3.512,67.583,0.02,0.042,71.758,disengaged,disengaged,0.65,face_too_small
2026-06-17T22:32:27.731,4.941,66.826,0.025,0.039,72.431,disengaged,disengaged,0.65,face_too_small
2026-06-17T22:32:27.798,4.282,56.473,0.021,0.049,61.403,disengaged,disengaged,0.65,face_too_small
2026-06-17T22:32:27.870,4.966,55.662,0.017,0.033,61.349,disengaged,disengaged,0.65,face_too_small
2026-06-17T22:32:27.944,3.414,61.703,0.025,0.049,65.796,disengaged,disengaged,0.65,face_too_small
2026-06-17T22:32:28.017,3.178,58.63,0.021,0.043,62.533,disengaged,disengaged,0.65,face_too_small
2026-06-17T22:32:28.102,3.38,61.936,0.044,0.067,66.062,disengaged,disengaged,0.65,face_too_small
2026-06-17T22:32:28.184,3.844,62.386,0.023,0.053,66.846,disengaged,disengaged,0.65,face_too_small
2026-06-17T22:32:28.270,5.391,73.887,0.031,0.064,79.998,disengaged,disengaged,0.65,face_too_small
2026-06-17T22:32:28.343,3.818,65.291,0.028,0.067,70.09,disengaged,disengaged,0.65,face_too_small
2026-06-17T22:32:28.432,3.458,68.132,0.019,0.037,72.371,disengaged,disengaged,0.65,face_too_small
2026-06-17T22:32:28.514,3.375,71.406,0.021,0.048,75.322,disengaged,disengaged,0.65,face_too_small
2026-06-17T22:32:28.596,3.414,60.064,0.018,0.036,64.047,disengaged,disengaged,0.65,face_too_small
2026-06-17T22:32:28.674,5.593,65.413,0.031,0.068,71.782,disengaged,disengaged,0.65,face_too_small
2026-06-17T22:32:28.762,3.204,67.809,0.055,0.097,71.753,disengaged,disengaged,0.65,face_too_small
2026-06-17T22:32:28.825,3.573,58.728,0.018,0.037,62.768,disengaged,disengaged,0.65,face_too_small
2026-06-17T22:32:28.895,3.189,61.22,0.034,0.034,65.057,disengaged,disengaged,0.65,face_too_small
2026-06-17T22:32:28.974,3.299,55.749,0.032,0.038,59.71,disengaged,disengaged,0.65,face_too_small
2026-06-17T22:32:29.058,17.417,57.64,0.019,0.041,75.769,disengaged,disengaged,0.65,face_too_small
2026-06-17T22:32:29.137,5.43,56.775,0.017,0.035,62.749,disengaged,disengaged,0.65,face_too_small
2026-06-17T22:32:29.221,3.408,72.408,0.03,0.034,76.515,disengaged,disengaged,0.65,face_too_small
2026-06-17T22:32:29.288,4.435,53.131,0.016,0.034,58.456,disengaged,disengaged,0.65,face_too_small
2026-06-17T22:32:29.365,7.919,54.546,0.045,0.088,63.248,disengaged,disengaged,0.65,face_too_small
2026-06-17T22:32:29.444,5.452,64.874,0.017,0.038,70.87,engaged,engaged,0.889,face_centered
2026-06-17T22:32:29.533,3.306,70.225,0.018,0.047,74.278,engaged,engaged,0.89,face_centered
2026-06-17T22:32:29.606,3.495,57.974,0.067,0.076,62.21,engaged,engaged,0.821,face_centered
2026-06-17T22:32:29.669,3.258,50.578,0.014,0.033,54.512,engaged,engaged,0.886,face_centered
2026-06-17T22:32:29.765,28.114,53.423,0.021,0.052,82.734,engaged,engaged,0.879,face_centered
2026-06-17T22:32:29.838,4.753,57.792,0.019,0.048,63.204,engaged,engaged,0.879,face_centered
2026-06-17T22:32:29.898,3.636,54.718,0.017,0.04,58.912,engaged,engaged,0.85,face_centered
2026-06-17T22:32:29.970,3.462,54.122,0.015,0.037,58.749,engaged,engaged,0.883,face_centered
2026-06-17T22:32:30.055,5.969,71.332,0.016,0.037,78.051,engaged,engaged,0.883,face_centered
2026-06-17T22:32:30.139,3.201,63.392,0.02,0.049,67.257,engaged,engaged,0.881,face_centered
2026-06-17T22:32:30.222,5.364,69.433,0.016,0.039,75.478,engaged,engaged,0.879,face_centered
2026-06-17T22:32:30.303,3.751,63.792,0.023,0.051,68.68,engaged,engaged,0.877,face_centered
2026-06-17T22:32:30.374,3.387,57.963,0.015,0.037,61.903,engaged,engaged,0.877,face_centered
2026-06-17T22:32:30.453,5.946,64.009,0.023,0.054,71.299,engaged,engaged,0.873,face_centered
2026-06-17T22:32:30.538,4.39,69.232,0.049,0.087,74.391,engaged,engaged,0.876,face_centered
2026-06-17T22:32:30.621,3.758,68.209,0.036,0.066,72.879,engaged,engaged,0.862,face_centered
2026-06-17T22:32:30.683,3.444,54.917,0.024,0.074,59.456,engaged,engaged,0.879,face_centered
2026-06-17T22:32:30.765,3.322,58.622,0.018,0.044,62.517,engaged,engaged,0.884,face_centered
2026-06-17T22:32:30.848,18.296,59.863,0.017,0.043,78.704,engaged,engaged,0.89,face_centered
2026-06-17T22:32:30.935,4.581,62.77,0.021,0.05,68.102,engaged,engaged,0.89,face_centered
2026-06-17T22:32:31.011,3.273,65.992,0.016,0.037,69.846,engaged,engaged,0.895,face_centered
2026-06-17T22:32:31.087,3.574,62.686,0.024,0.058,66.989,engaged,engaged,0.884,face_centered
2026-06-17T22:32:31.165,3.526,57.28,0.015,0.038,61.449,engaged,engaged,0.897,face_centered
2026-06-17T22:32:31.246,5.355,63.871,0.014,0.033,69.876,engaged,engaged,0.897,face_centered
2026-06-17T22:32:31.324,3.55,64.878,0.021,0.073,69.084,engaged,engaged,0.925,face_centered
2026-06-17T22:32:31.394,4.827,55.4,0.075,0.062,60.986,disengaged,disengaged,0.65,face_too_small
2026-06-17T22:32:31.478,3.35,59.959,0.014,0.033,63.925,engaged,engaged,0.922,face_centered
2026-06-17T22:32:31.559,18.101,52.474,0.015,0.034,71.588,engaged,engaged,0.919,face_centered
2026-06-17T22:32:31.624,6.106,53.896,0.02,0.05,60.809,engaged,engaged,0.919,face_centered
2026-06-17T22:32:31.695,3.554,54.827,0.02,0.041,58.961,disengaged,disengaged,0.65,face_too_small
2026-06-17T22:32:31.770,3.651,57.418,0.022,0.045,61.739,disengaged,disengaged,0.65,face_too_small
2026-06-17T22:32:31.846,5.517,55.081,0.015,0.036,61.201,engaged,engaged,0.934,face_centered
2026-06-17T22:32:31.928,5.699,64.055,0.033,0.048,70.425,engaged,engaged,0.934,face_centered
2026-06-17T22:32:32.029,3.708,67.057,0.044,0.054,71.397,disengaged,disengaged,0.65,face_too_small
2026-06-17T22:32:32.110,4.775,60.831,0.057,0.142,66.353,disengaged,disengaged,0.65,face_too_small
2026-06-17T22:32:32.183,4.371,58.314,0.04,0.077,63.367,disengaged,disengaged,0.65,face_too_small
2026-06-17T22:32:32.248,3.209,51.274,0.014,0.037,55.065,engaged,engaged,0.662,face_centered
2026-06-17T22:32:32.332,4.694,65.14,0.015,0.037,70.374,engaged,engaged,0.662,face_centered
2026-06-17T22:32:32.402,3.369,57.963,0.02,0.044,61.918,disengaged,disengaged,0.65,face_too_small
2026-06-17T22:32:32.477,3.495,59.547,0.019,0.037,64.329,disengaged,disengaged,0.65,face_too_small
2026-06-17T22:32:32.552,4.993,54.23,0.017,0.034,60.445,disengaged,disengaged,0.65,face_too_small
2026-06-17T22:32:32.628,5.271,55.847,0.028,0.059,61.842,disengaged,disengaged,0.65,face_too_small
2026-06-17T22:32:32.701,3.643,59.358,0.02,0.043,63.436,disengaged,disengaged,0.65,face_too_small
2026-06-17T22:32:32.766,5.332,57.193,0.018,0.034,63.188,disengaged,disengaged,0.65,face_too_small
2026-06-17T22:32:32.849,5.736,61.114,0.018,0.036,67.59,disengaged,disengaged,0.65,face_too_small
2026-06-17T22:32:32.928,4.349,62.149,0.069,0.138,67.249,disengaged,disengaged,0.65,face_too_small
2026-06-17T22:32:33.017,4.085,75.624,0.021,0.044,80.47,disengaged,disengaged,0.65,face_too_small
2026-06-17T22:32:33.103,3.221,68.617,0.014,0.035,72.48,engaged,engaged,0.913,face_centered
2026-06-17T22:32:33.184,3.706,69.058,0.03,0.073,73.368,engaged,engaged,0.931,face_centered
2026-06-17T22:32:33.268,5.925,62.224,0.018,0.037,69.144,disengaged,disengaged,0.65,face_too_small
2026-06-17T22:32:33.349,5.92,66.42,0.019,0.039,73.129,disengaged,disengaged,0.65,face_too_small
2026-06-17T22:32:33.430,4.201,65.622,0.02,0.044,70.495,disengaged,disengaged,0.65,face_too_small
2026-06-17T22:32:33.510,3.467,68.902,0.017,0.034,73.095,disengaged,disengaged,0.65,face_too_small
2026-06-17T22:32:33.595,3.311,68.638,0.018,0.039,72.625,disengaged,disengaged,0.65,face_too_small
2026-06-17T22:32:33.674,4.854,61.588,0.018,0.044,66.897,engaged,engaged,0.901,face_centered
2026-06-17T22:32:33.754,3.824,70.256,0.024,0.036,74.836,engaged,engaged,0.904,face_centered
2026-06-17T22:32:33.849,5.349,70.236,0.015,0.036,76.092,engaged,engaged,0.904,face_centered
2026-06-17T22:32:33.923,3.293,66.193,0.018,0.036,70.182,disengaged,disengaged,0.65,face_too_small
2026-06-17T22:32:34.009,3.475,64.68,0.018,0.041,68.769,engaged,engaged,0.911,face_centered
2026-06-17T22:32:34.094,3.756,74.399,0.016,0.038,78.816,engaged,engaged,0.909,face_centered
2026-06-17T22:32:34.165,3.898,59.447,0.016,0.04,64.009,engaged,engaged,0.911,face_centered
2026-06-17T22:32:34.248,6.009,63.094,0.016,0.04,70.069,engaged,engaged,0.911,face_centered
2026-06-17T22:32:34.329,4.95,66.975,0.02,0.038,72.697,disengaged,disengaged,0.65,face_too_small
2026-06-17T22:32:34.411,3.663,68.087,0.014,0.037,72.505,engaged,engaged,0.892,face_centered
2026-06-17T22:32:34.496,5.502,68.355,0.015,0.036,74.433,engaged,engaged,0.896,face_centered
2026-06-17T22:32:34.576,3.538,63.732,0.024,0.058,68.049,engaged,engaged,0.906,face_centered
2026-06-17T22:32:34.656,3.395,61.288,0.016,0.038,65.406,engaged,engaged,0.905,face_centered
2026-06-17T22:32:34.744,3.738,68.821,0.014,0.037,73.244,engaged,engaged,0.905,face_centered
2026-06-17T22:32:34.819,3.502,72.466,0.018,0.045,76.802,engaged,engaged,0.911,face_centered
2026-06-17T22:32:34.906,3.681,66.838,0.015,0.037,71.278,engaged,engaged,0.909,face_centered
2026-06-17T22:32:34.994,3.422,72.548,0.015,0.037,76.68,engaged,engaged,0.905,face_centered
2026-06-17T22:32:35.144,3.534,130.414,0.037,0.081,134.668,engaged,engaged,0.905,face_centered
2026-06-17T22:32:35.377,9.423,183.218,0.042,0.094,193.57,engaged,engaged,0.898,face_centered
2026-06-17T22:32:35.545,5.413,134.373,0.028,0.061,140.925,engaged,engaged,0.899,face_centered
2026-06-17T22:32:35.705,5.983,136.971,0.042,0.09,144.718,engaged,engaged,0.899,face_centered
2026-06-17T22:32:35.859,3.663,120.44,0.023,0.061,124.898,engaged,engaged,0.887,face_centered
2026-06-17T22:32:36.077,12.577,169.684,0.039,0.057,184.397,engaged,engaged,0.883,face_centered
2026-06-17T22:32:36.282,13.228,165.694,0.024,0.057,179.884,engaged,engaged,0.885,face_centered
2026-06-17T22:32:36.468,15.207,154.23,0.028,0.067,170.221,engaged,engaged,0.886,face_centered
2026-06-17T22:32:36.635,4.061,138.501,0.031,0.07,143.602,engaged,engaged,0.874,face_centered
2026-06-17T22:32:36.807,18.24,128.966,0.021,0.052,148.153,engaged,engaged,0.871,face_centered
2026-06-17T22:32:36.956,9.496,123.042,0.029,0.068,134.073,engaged,engaged,0.869,face_centered
2026-06-17T22:32:37.148,20.8,148.002,0.03,0.052,169.846,engaged,engaged,0.866,face_centered
2026-06-17T22:32:37.308,6.116,135.277,0.024,0.06,142.162,engaged,engaged,0.869,face_centered
2026-06-17T22:32:37.474,3.938,141.126,0.035,0.079,146.451,engaged,engaged,0.864,face_centered
2026-06-17T22:32:37.660,5.65,150.985,0.024,0.05,157.464,engaged,engaged,0.863,face_centered
2026-06-17T22:32:37.878,12.406,183.192,0.029,0.059,196.262,engaged,engaged,0.86,face_centered
2026-06-17T22:32:38.089,7.187,182.409,0.086,0.094,190.531,engaged,engaged,0.859,face_centered
2026-06-17T22:32:38.264,13.495,141.57,0.032,0.085,155.902,engaged,engaged,0.864,face_centered
2026-06-17T22:32:38.440,3.782,154.254,0.029,0.065,158.823,engaged,engaged,0.861,face_centered
2026-06-17T22:32:38.660,8.31,186.591,0.027,0.069,195.753,engaged,engaged,0.865,face_centered
2026-06-17T22:32:38.873,10.334,176.846,0.035,0.084,187.965,engaged,engaged,0.864,face_centered
2026-06-17T22:32:39.039,7.438,139.766,0.046,0.094,148.485,engaged,engaged,0.864,face_centered
2026-06-17T22:32:39.206,5.419,140.532,0.047,0.107,147.127,engaged,engaged,0.862,face_centered
2026-06-17T22:32:39.402,11.634,157.577,0.022,0.053,169.989,engaged,engaged,0.863,face_centered
2026-06-17T22:32:39.604,6.807,167.96,0.021,0.05,175.687,engaged,engaged,0.865,face_centered
2026-06-17T22:32:39.808,9.105,169.873,0.025,0.057,180.332,engaged,engaged,0.863,face_centered
2026-06-17T22:32:39.989,12.084,151.263,0.023,0.054,164.437,engaged,engaged,0.862,face_centered
2026-06-17T22:32:40.150,11.805,126.018,0.024,0.066,138.607,engaged,engaged,0.862,face_centered
2026-06-17T22:32:40.327,19.021,136.225,0.036,0.085,155.991,engaged,engaged,0.862,face_centered
2026-06-17T22:32:40.515,18.094,147.817,0.03,0.057,167.016,engaged,engaged,0.864,face_centered
2026-06-17T22:32:40.689,9.509,143.203,0.022,0.053,153.596,engaged,engaged,0.863,face_centered
2026-06-17T22:32:40.873,17.802,133.541,0.027,0.067,152.272,engaged,engaged,0.864,face_centered
2026-06-17T22:32:41.036,12.279,138.84,0.027,0.065,152.103,engaged,engaged,0.864,face_centered
2026-06-17T22:32:41.189,14.573,113.548,0.021,0.05,129.11,engaged,engaged,0.862,face_centered
2026-06-17T22:32:41.337,4.514,115.596,0.029,0.069,121.31,engaged,engaged,0.86,face_centered
2026-06-17T22:32:41.505,14.893,142.684,0.024,0.061,158.444,engaged,engaged,0.863,face_centered
2026-06-17T22:32:41.671,6.824,126.296,0.024,0.057,134.349,engaged,engaged,0.859,face_centered
2026-06-17T22:32:41.831,11.719,130.953,0.021,0.052,143.464,engaged,engaged,0.861,face_centered
2026-06-17T22:32:41.971,3.053,112.924,0.032,0.072,116.817,engaged,engaged,0.861,face_centered
2026-06-17T22:32:42.136,14.516,122.575,0.032,0.072,138.546,engaged,engaged,0.86,face_centered
2026-06-17T22:32:42.278,5.35,115.186,0.029,0.067,121.332,engaged,engaged,0.858,face_centered
2026-06-17T22:32:42.457,14.892,134.201,0.084,0.36,150.273,engaged,engaged,0.859,face_centered
2026-06-17T22:32:42.641,7.793,132.938,0.016,0.038,141.541,engaged,engaged,0.859,face_centered
2026-06-17T22:32:42.768,7.988,84.461,0.028,0.069,94.11,engaged,engaged,0.865,face_centered
2026-06-17T22:32:42.880,5.485,88.849,0.018,0.041,95.248,engaged,engaged,0.862,face_centered
2026-06-17T22:32:42.991,4.957,89.735,0.024,0.063,95.347,engaged,engaged,0.86,face_centered
2026-06-17T22:32:43.099,3.434,84.621,0.026,0.054,88.695,engaged,engaged,0.855,face_centered
2026-06-17T22:32:43.201,3.527,82.399,0.05,0.048,86.639,engaged,engaged,0.855,face_centered
2026-06-17T22:32:43.296,3.63,72.4,0.023,0.047,76.636,engaged,engaged,0.855,face_centered
2026-06-17T22:32:43.377,3.102,67.022,0.015,0.038,70.718,engaged,engaged,0.853,face_centered
2026-06-17T22:32:43.472,3.649,79.589,0.025,0.058,83.804,engaged,engaged,0.852,face_centered
2026-06-17T22:32:43.567,4.379,77.544,0.022,0.051,82.643,engaged,engaged,0.851,face_centered
2026-06-17T22:32:43.665,3.455,79.466,0.02,0.048,83.545,engaged,engaged,0.845,face_centered
2026-06-17T22:32:43.771,5.412,79.985,0.042,0.057,86.172,engaged,engaged,0.848,face_centered
2026-06-17T22:32:43.870,5.2,81.548,0.028,0.064,87.738,engaged,engaged,0.849,face_centered
2026-06-17T22:32:43.967,4.097,77.196,0.024,0.054,82.566,engaged,engaged,0.849,face_centered
2026-06-17T22:32:44.083,3.607,86.286,0.021,0.052,90.702,engaged,engaged,0.851,face_centered
2026-06-17T22:32:44.192,4.084,87.35,0.03,0.061,92.533,engaged,engaged,0.854,face_centered
2026-06-17T22:32:44.296,3.539,78.757,0.028,0.052,82.895,engaged,engaged,0.849,face_centered
2026-06-17T22:32:44.398,3.479,88.879,0.024,0.054,93.108,engaged,engaged,0.849,face_centered
2026-06-17T22:32:44.497,3.517,77.762,0.017,0.042,81.897,engaged,engaged,0.85,face_centered
2026-06-17T22:32:44.610,5.429,96.021,0.014,0.037,102.046,engaged,engaged,0.85,face_centered
2026-06-17T22:32:44.707,4.505,78.509,0.013,0.034,83.531,engaged,engaged,0.851,face_centered
2026-06-17T22:32:44.805,5.229,89.098,0.017,0.042,95.146,engaged,engaged,0.848,face_centered
2026-06-17T22:32:44.908,3.597,79.845,0.024,0.035,84.189,engaged,engaged,0.849,face_centered
2026-06-17T22:32:45.012,3.409,80.926,0.014,0.035,84.916,engaged,engaged,0.85,face_centered
2026-06-17T22:32:45.114,3.222,82.533,0.015,0.036,86.412,engaged,engaged,0.849,face_centered
2026-06-17T22:32:45.220,3.275,84.509,0.022,0.051,88.401,engaged,engaged,0.849,face_centered
2026-06-17T22:32:45.300,4.181,66.794,0.017,0.042,71.781,engaged,engaged,0.849,face_centered
2026-06-17T22:32:45.394,4.501,75.192,0.015,0.038,80.325,engaged,engaged,0.85,face_centered
2026-06-17T22:32:45.481,3.701,68.956,0.016,0.036,73.343,engaged,engaged,0.844,face_centered
2026-06-17T22:32:45.570,3.8,79.405,0.023,0.049,83.769,engaged,engaged,0.841,face_centered
2026-06-17T22:32:45.660,3.946,72.167,0.013,0.034,77.108,engaged,engaged,0.841,face_centered
2026-06-17T22:32:45.750,5.673,75.508,0.017,0.04,81.927,engaged,engaged,0.842,face_centered
2026-06-17T22:32:45.855,3.735,84.91,0.02,0.049,90.023,engaged,engaged,0.845,face_centered
2026-06-17T22:32:45.942,4.051,73.374,0.013,0.032,78.257,engaged,engaged,0.846,face_centered
2026-06-17T22:32:46.033,3.327,79.266,0.02,0.047,83.302,engaged,engaged,0.84,face_centered
2026-06-17T22:32:46.128,3.306,74.725,0.015,0.039,78.832,engaged,engaged,0.84,face_centered
2026-06-17T22:32:46.231,4.356,79.228,0.028,0.064,84.403,engaged,engaged,0.843,face_centered
2026-06-17T22:32:46.328,5.933,70.855,0.016,0.038,77.432,engaged,engaged,0.843,face_centered
2026-06-17T22:32:46.403,3.515,65.643,0.024,0.035,69.778,engaged,engaged,0.844,face_centered
2026-06-17T22:32:46.486,4.143,70.196,0.016,0.038,74.992,engaged,engaged,0.844,face_centered
2026-06-17T22:32:46.571,3.449,72.802,0.031,0.058,76.856,engaged,engaged,0.844,face_centered
2026-06-17T22:32:46.668,4.351,68.756,0.015,0.037,73.821,engaged,engaged,0.841,face_centered
2026-06-17T22:32:46.762,4.345,76.823,0.015,0.035,82.019,engaged,engaged,0.847,face_centered
2026-06-17T22:32:46.839,3.739,66.589,0.017,0.047,71.122,engaged,engaged,0.841,face_centered
2026-06-17T22:32:46.945,4.425,81.666,0.063,0.04,86.895,engaged,engaged,0.841,face_centered
2026-06-17T22:32:47.028,3.825,72.492,0.018,0.04,77.003,engaged,engaged,0.839,face_centered
2026-06-17T22:32:47.131,4.314,78.176,0.014,0.034,83.239,engaged,engaged,0.842,face_centered
2026-06-17T22:32:47.225,3.236,78.411,0.028,0.063,82.489,engaged,engaged,0.84,face_centered
2026-06-17T22:32:47.323,3.785,79.185,0.022,0.048,83.597,engaged,engaged,0.844,face_centered
2026-06-17T22:32:47.421,5.203,79.103,0.026,0.067,84.969,engaged,engaged,0.841,face_centered
2026-06-17T22:32:47.510,3.903,71.502,0.031,0.067,76.196,engaged,engaged,0.841,face_centered
2026-06-17T22:32:47.584,3.187,61.146,0.013,0.032,64.963,engaged,engaged,0.842,face_centered
2026-06-17T22:32:47.672,4.243,68.968,0.014,0.034,73.991,engaged,engaged,0.846,face_centered
2026-06-17T22:32:47.780,4.957,81.675,0.041,0.142,87.503,engaged,engaged,0.846,face_centered
2026-06-17T22:32:47.867,3.406,69.119,0.015,0.037,73.124,engaged,engaged,0.848,face_centered
2026-06-17T22:32:47.960,6.072,70.612,0.016,0.038,77.421,engaged,engaged,0.848,face_centered
2026-06-17T22:32:48.058,5.578,76.609,0.018,0.043,82.821,engaged,engaged,0.845,face_centered
2026-06-17T22:32:48.156,4.302,79.899,0.029,0.058,85.528,engaged,engaged,0.857,face_centered
2026-06-17T22:32:48.260,5.21,79.211,0.02,0.042,85.331,engaged,engaged,0.85,face_centered
2026-06-17T22:32:48.345,5.338,71.368,0.016,0.035,77.294,engaged,engaged,0.856,face_centered
2026-06-17T22:32:48.422,3.779,65.013,0.019,0.037,69.365,engaged,engaged,0.856,face_centered
2026-06-17T22:32:48.512,3.284,66.683,0.022,0.049,70.633,engaged,engaged,0.848,face_centered
2026-06-17T22:32:48.612,4.094,80.021,0.014,0.037,84.84,engaged,engaged,0.85,face_centered
2026-06-17T22:32:48.696,3.399,70.211,0.032,0.077,74.363,engaged,engaged,0.847,face_centered
2026-06-17T22:32:48.788,4.25,74.281,0.014,0.037,79.348,engaged,engaged,0.847,face_centered
2026-06-17T22:32:48.868,4.073,72.471,0.02,0.046,77.559,engaged,engaged,0.851,face_centered
2026-06-17T22:32:48.973,3.228,80.825,0.014,0.035,84.738,engaged,engaged,0.851,face_centered
2026-06-17T22:32:49.077,3.974,86.677,0.02,0.049,91.634,engaged,engaged,0.852,face_centered
2026-06-17T22:32:49.183,3.881,86.837,0.015,0.037,91.54,engaged,engaged,0.854,face_centered
2026-06-17T22:32:49.295,3.426,93.272,0.017,0.039,97.661,engaged,engaged,0.852,face_centered
2026-06-17T22:32:49.388,3.451,73.63,0.054,0.104,77.72,engaged,engaged,0.854,face_centered
2026-06-17T22:32:49.475,3.286,71.213,0.024,0.054,75.529,engaged,engaged,0.854,face_centered
2026-06-17T22:32:49.565,5.262,76.708,0.015,0.035,82.564,engaged,engaged,0.851,face_centered
2026-06-17T22:32:49.832,17.766,183.157,0.039,0.093,201.843,engaged,engaged,0.851,face_centered
2026-06-17T22:32:50.070,6.797,120.566,0.037,0.077,128.323,engaged,engaged,0.852,face_centered
2026-06-17T22:32:50.224,4.778,123.235,0.024,0.078,128.735,engaged,engaged,0.852,face_centered
2026-06-17T22:32:50.339,3.962,90.464,0.019,0.039,95.026,engaged,engaged,0.847,face_centered
2026-06-17T22:32:50.458,5.462,100.246,0.019,0.044,106.586,engaged,engaged,0.858,face_centered
2026-06-17T22:32:50.557,4.015,83.214,0.015,0.036,87.947,engaged,engaged,0.847,face_centered
2026-06-17T22:32:50.663,3.419,83.263,0.018,0.042,87.33,engaged,engaged,0.848,face_centered
2026-06-17T22:32:50.743,3.207,70.903,0.018,0.039,74.77,engaged,engaged,0.844,face_centered
2026-06-17T22:32:50.848,3.458,84.068,0.025,0.055,88.27,engaged,engaged,0.846,face_centered
2026-06-17T22:32:50.993,6.025,121.874,0.026,0.059,128.6,engaged,engaged,0.847,face_centered
2026-06-17T22:32:51.229,4.846,201.391,0.045,0.105,206.995,engaged,engaged,0.843,face_centered
2026-06-17T22:32:51.425,4.351,166.905,0.025,0.144,172.26,engaged,engaged,0.844,face_centered
2026-06-17T22:32:51.583,3.94,126.538,0.023,0.054,131.358,engaged,engaged,0.844,face_centered
2026-06-17T22:32:51.845,3.773,225.901,0.029,0.064,230.979,engaged,engaged,0.837,face_centered
2026-06-17T22:32:52.099,13.27,219.921,0.025,0.059,233.812,engaged,engaged,0.851,face_centered
2026-06-17T22:32:52.513,13.54,377.017,0.039,0.081,391.329,engaged,engaged,0.822,face_centered
2026-06-17T22:32:52.705,7.653,162.452,0.022,0.055,170.859,engaged,engaged,0.825,face_centered
2026-06-17T22:32:52.893,4.636,165.072,0.045,0.072,170.536,engaged,engaged,0.823,face_centered
2026-06-17T22:32:53.102,10.288,178.767,0.032,0.067,189.974,engaged,engaged,0.824,face_centered
2026-06-17T22:34:54.316,280.443,646.682,0.021,0.036,927.236,engaged,engaged,0.96,face_centered
2026-06-17T22:34:54.597,6.097,154.931,0.03,0.08,161.777,engaged,engaged,0.966,face_centered
2026-06-17T22:34:54.737,5.616,114.586,0.029,0.067,121.008,engaged,engaged,0.935,face_centered
2026-06-17T22:34:54.857,5.202,95.049,0.037,0.06,101.078,engaged,engaged,0.92,face_centered
2026-06-17T22:34:54.995,5.982,114.684,0.014,0.037,121.17,engaged,engaged,0.932,face_centered
2026-06-17T22:34:55.125,3.507,113.383,0.034,0.078,117.492,engaged,engaged,0.93,face_centered
2026-06-17T22:34:55.265,3.547,116.203,0.027,0.06,120.346,engaged,engaged,0.93,face_centered
2026-06-17T22:34:55.390,3.456,101.252,0.026,0.075,105.366,engaged,engaged,0.929,face_centered
2026-06-17T22:34:55.509,7.515,103.661,0.014,0.037,111.904,engaged,engaged,0.933,face_centered
2026-06-17T22:34:55.630,5.91,96.114,0.021,0.053,102.929,engaged,engaged,0.933,face_centered
2026-06-17T22:34:55.747,3.574,101.025,0.016,0.042,105.192,engaged,engaged,0.93,face_centered
2026-06-17T22:34:55.851,4.239,88.798,0.023,0.058,93.736,engaged,engaged,0.937,face_centered
2026-06-17T22:34:55.965,3.715,95.475,0.021,0.052,99.879,engaged,engaged,0.937,face_centered
2026-06-17T22:34:56.090,3.358,108.264,0.016,0.041,112.23,engaged,engaged,0.945,face_centered
2026-06-17T22:34:56.208,5.627,102.846,0.025,0.06,109.452,engaged,engaged,0.957,face_centered
2026-06-17T22:34:56.336,4.378,110.935,0.062,0.133,117.156,engaged,engaged,0.962,face_centered
2026-06-17T22:34:56.464,3.584,107.064,0.028,0.046,111.211,engaged,engaged,0.956,face_centered
2026-06-17T22:34:56.598,3.332,114.259,0.014,0.035,118.253,engaged,engaged,0.956,face_centered
2026-06-17T22:34:56.708,3.537,99.197,0.014,0.036,103.355,engaged,engaged,0.957,face_centered
2026-06-17T22:34:56.826,3.576,91.217,0.018,0.044,95.348,engaged,engaged,0.96,face_centered
2026-06-17T22:34:56.934,3.932,103.631,0.017,0.041,108.422,engaged,engaged,0.959,face_centered
2026-06-17T22:34:57.069,3.698,106.745,0.032,0.057,114.454,engaged,engaged,0.954,face_centered
2026-06-17T22:34:57.195,3.587,107.549,0.017,0.043,111.837,engaged,engaged,0.954,face_centered
2026-06-17T22:34:57.310,7.484,96.285,0.017,0.04,104.24,engaged,engaged,0.957,face_centered
2026-06-17T22:34:57.425,9.198,100.198,0.028,0.069,110.105,engaged,engaged,0.957,face_centered
2026-06-17T22:34:57.550,3.585,105.798,0.015,0.039,110.151,engaged,engaged,0.954,face_centered
2026-06-17T22:34:57.667,4.381,99.173,0.015,0.039,104.247,engaged,engaged,0.955,face_centered
2026-06-17T22:34:57.767,3.408,87.761,0.023,0.058,91.884,engaged,engaged,0.955,face_centered
2026-06-17T22:34:57.865,5.512,81.987,0.02,0.052,88.242,engaged,engaged,0.95,face_centered
2026-06-17T22:34:57.964,3.627,79.909,0.03,0.05,84.073,engaged,engaged,0.946,face_centered
2026-06-17T22:34:58.060,3.997,80.49,0.015,0.039,85.093,engaged,engaged,0.954,face_centered
2026-06-17T22:34:58.140,3.969,71.655,0.016,0.046,76.661,engaged,engaged,0.95,face_centered
2026-06-17T22:34:58.245,3.548,83.607,0.017,0.044,87.6,engaged,engaged,0.948,face_centered
2026-06-17T22:34:58.345,4.182,77.576,0.018,0.044,82.362,engaged,engaged,0.95,face_centered
2026-06-17T22:34:58.436,3.703,79.855,0.015,0.04,84.008,engaged,engaged,0.944,face_centered
2026-06-17T22:34:58.545,3.289,82.111,0.026,0.072,86.065,engaged,engaged,0.944,face_centered
2026-06-17T22:34:58.634,3.502,73.765,0.022,0.193,78.073,engaged,engaged,0.945,face_centered
2026-06-17T22:34:58.735,6.324,75.793,0.014,0.035,82.829,engaged,engaged,0.944,face_centered
2026-06-17T22:34:58.814,3.935,67.351,0.016,0.042,71.921,engaged,engaged,0.946,face_centered
2026-06-17T22:34:58.898,4.501,65.006,0.013,0.038,70.184,engaged,engaged,0.95,face_centered
2026-06-17T22:34:58.979,3.56,73.435,0.017,0.045,77.687,engaged,engaged,0.944,face_centered
2026-06-17T22:34:59.074,3.308,71.564,0.023,0.064,75.572,engaged,engaged,0.947,face_centered
2026-06-17T22:34:59.165,6.075,71.514,0.027,0.056,78.488,engaged,engaged,0.947,face_centered
2026-06-17T22:34:59.265,3.567,86.697,0.016,0.042,90.871,engaged,engaged,0.957,face_centered
2026-06-17T22:34:59.344,3.508,68.12,0.014,0.039,72.161,engaged,engaged,0.953,face_centered
2026-06-17T22:34:59.430,5.041,65.932,0.018,0.097,71.681,engaged,engaged,0.945,face_centered
2026-06-17T22:34:59.513,5.202,65.462,0.044,0.075,71.293,engaged,engaged,0.948,face_centered
2026-06-17T22:34:59.609,4.567,71.056,0.016,0.043,76.797,engaged,engaged,0.948,face_centered
2026-06-17T22:34:59.696,5.627,68.25,0.016,0.043,74.536,engaged,engaged,0.947,face_centered
2026-06-17T22:34:59.780,5.091,72.658,0.016,0.042,78.752,engaged,engaged,0.942,face_centered
2026-06-17T22:34:59.866,3.357,66.084,0.017,0.046,70.097,engaged,engaged,0.946,face_centered
2026-06-17T22:34:59.944,3.304,72.93,0.013,0.034,76.885,engaged,engaged,0.943,face_centered
2026-06-17T22:35:00.033,4.177,67.095,0.026,0.061,71.98,engaged,engaged,0.949,face_centered
2026-06-17T22:35:00.119,5.605,62.604,0.015,0.041,68.821,engaged,engaged,0.949,face_centered
2026-06-17T22:35:00.201,5.41,69.013,0.016,0.043,75.117,engaged,engaged,0.949,face_centered
2026-06-17T22:35:00.296,3.43,77.165,0.017,0.043,81.321,engaged,engaged,0.938,face_centered
2026-06-17T22:35:00.376,3.403,71.228,0.012,0.037,75.287,engaged,engaged,0.945,face_centered
2026-06-17T22:35:00.467,3.316,70.083,0.014,0.036,74.124,engaged,engaged,0.947,face_centered
2026-06-17T22:35:00.560,3.463,74.47,0.015,0.037,78.673,engaged,engaged,0.94,face_centered
2026-06-17T22:35:00.639,3.683,68.168,0.014,0.042,72.717,engaged,engaged,0.941,face_centered
2026-06-17T22:35:00.741,3.936,82.618,0.025,0.06,87.216,engaged,engaged,0.935,face_centered
2026-06-17T22:35:00.810,3.304,67.797,0.032,0.08,72.013,engaged,engaged,0.941,face_centered
2026-06-17T22:35:00.906,3.492,62.985,0.025,0.042,67.185,engaged,engaged,0.942,face_centered
2026-06-17T22:35:00.989,5.425,70.369,0.017,0.047,77.184,engaged,engaged,0.942,face_centered
2026-06-17T22:35:01.082,3.942,75.438,0.014,0.035,80.139,engaged,engaged,0.937,face_centered
2026-06-17T22:35:01.168,3.421,70.278,0.066,0.118,74.44,engaged,engaged,0.946,face_centered
2026-06-17T22:35:01.257,3.372,75.107,0.018,0.042,79.127,engaged,engaged,0.958,face_centered
2026-06-17T22:35:01.345,3.267,73.848,0.026,0.051,78.281,engaged,engaged,0.949,face_centered
2026-06-17T22:35:01.433,3.46,68.268,0.017,0.047,72.375,engaged,engaged,0.95,face_centered
2026-06-17T22:35:01.525,3.428,74.262,0.028,0.056,78.403,engaged,engaged,0.947,face_centered
2026-06-17T22:35:01.613,4.876,73.505,0.02,0.055,78.961,engaged,engaged,0.945,face_centered
2026-06-17T22:35:01.709,3.69,71.814,0.014,0.037,76.246,engaged,engaged,0.937,face_centered
2026-06-17T22:35:01.807,3.421,77.158,0.014,0.041,81.284,engaged,engaged,0.942,face_centered
2026-06-17T22:35:01.915,22.34,72.059,0.014,0.04,95.157,engaged,engaged,0.959,face_centered
2026-06-17T22:35:02.001,5.212,70.344,0.014,0.039,76.299,engaged,engaged,0.959,face_centered
2026-06-17T22:35:02.100,3.324,85.786,0.015,0.038,89.817,engaged,engaged,0.944,face_centered
2026-06-17T22:35:02.194,3.814,75.244,0.023,0.058,80.06,engaged,engaged,0.934,face_centered
2026-06-17T22:35:02.283,3.285,76.514,0.014,0.038,80.491,engaged,engaged,0.939,face_centered
2026-06-17T22:35:02.390,5.271,85.331,0.019,0.049,91.371,engaged,engaged,0.937,face_centered
2026-06-17T22:35:02.508,5.438,99.141,0.024,0.063,105.475,engaged,engaged,0.939,face_centered
2026-06-17T22:35:02.617,5.226,92.778,0.02,0.048,98.964,engaged,engaged,0.939,face_centered
2026-06-17T22:35:02.708,3.617,73.366,0.02,0.051,77.621,engaged,engaged,0.936,face_centered
2026-06-17T22:35:02.813,17.969,75.723,0.016,0.04,94.675,engaged,engaged,0.941,face_centered
2026-06-17T22:35:02.905,4.6,69.024,0.027,0.062,74.924,engaged,engaged,0.941,face_centered
2026-06-17T22:35:02.992,5.854,69.461,0.015,0.04,76.097,engaged,engaged,0.941,face_centered
2026-06-17T22:35:03.071,3.477,66.672,0.013,0.034,70.818,engaged,engaged,0.925,face_centered
2026-06-17T22:35:03.154,3.534,70.532,0.018,0.035,74.657,disengaged,disengaged,0.562,face_left_or_right
2026-06-17T22:35:03.242,4.256,70.343,0.024,0.049,75.412,disengaged,disengaged,0.562,face_left_or_right
2026-06-17T22:35:03.339,5.687,78.373,0.026,0.043,84.661,disengaged,disengaged,0.562,face_left_or_right
2026-06-17T22:35:03.418,4.456,74.659,0.016,0.039,80.2,disengaged,disengaged,0.561,face_left_or_right
2026-06-17T22:35:03.523,3.746,79.547,0.018,0.046,83.702,engaged,engaged,0.835,face_centered
2026-06-17T22:35:03.625,3.285,90.921,0.048,0.038,94.967,disengaged,disengaged,0.562,face_left_or_right
2026-06-17T22:35:03.720,3.478,76.733,0.016,0.039,80.853,disengaged,disengaged,0.562,face_left_or_right
2026-06-17T22:35:03.810,3.734,73.427,0.016,0.039,78.119,disengaged,disengaged,0.562,face_left_or_right
2026-06-17T22:35:03.901,3.328,72.298,0.016,0.037,76.194,disengaged,disengaged,0.562,face_left_or_right
2026-06-17T22:35:03.994,3.307,77.448,0.023,0.044,81.39,disengaged,disengaged,0.562,face_left_or_right
2026-06-17T22:35:04.094,4.049,72.27,0.016,0.036,77.178,disengaged,disengaged,0.562,face_left_or_right
2026-06-17T22:35:04.226,25.899,93.531,0.066,0.131,120.349,disengaged,disengaged,0.563,face_left_or_right
2026-06-17T22:35:04.350,3.489,102.306,0.024,0.049,106.425,disengaged,disengaged,0.562,face_left_or_right
2026-06-17T22:35:04.454,5.078,84.753,0.028,0.065,90.503,disengaged,disengaged,0.562,face_left_or_right
2026-06-17T22:35:04.554,3.539,85.188,0.02,0.041,89.316,disengaged,disengaged,0.663,face_left_or_right+face_too_small
2026-06-17T22:35:04.650,5.271,83.176,0.021,0.054,89.12,disengaged,disengaged,0.661,face_left_or_right+face_too_small
2026-06-17T22:35:04.748,3.308,84.532,0.016,0.037,88.484,disengaged,disengaged,0.562,face_left_or_right
2026-06-17T22:35:04.849,3.533,80.576,0.018,0.039,84.831,disengaged,disengaged,0.561,face_left_or_right
2026-06-17T22:35:04.942,3.564,78.266,0.023,0.05,82.53,disengaged,disengaged,0.661,face_left_or_right+face_too_small
2026-06-17T22:35:05.025,3.329,73.893,0.025,0.056,77.818,disengaged,disengaged,0.661,face_left_or_right+face_too_small
2026-06-17T22:35:05.105,3.828,70.547,0.021,0.045,74.98,disengaged,disengaged,0.561,face_left_or_right
2026-06-17T22:35:05.205,3.439,71.52,0.016,0.039,75.537,disengaged,disengaged,0.56,face_left_or_right
2026-06-17T22:35:05.295,4.208,71.862,0.016,0.038,76.912,disengaged,disengaged,0.559,face_left_or_right
2026-06-17T22:35:05.395,8.009,80.747,0.019,0.042,89.526,disengaged,disengaged,0.559,face_left_or_right
2026-06-17T22:35:05.497,3.473,81.384,0.019,0.042,85.525,disengaged,disengaged,0.559,face_left_or_right
2026-06-17T22:35:05.596,14.332,78.28,0.019,0.038,93.666,disengaged,disengaged,0.56,face_left_or_right
2026-06-17T22:35:05.695,6.576,76.525,0.016,0.038,84.969,disengaged,disengaged,0.56,face_left_or_right
2026-06-17T22:35:05.794,3.175,80.07,0.02,0.047,83.963,disengaged,disengaged,0.56,face_left_or_right
2026-06-17T22:35:05.895,3.292,79.109,0.019,0.044,83.089,disengaged,disengaged,0.56,face_left_or_right
2026-06-17T22:35:05.989,3.35,74.613,0.016,0.034,78.636,disengaged,disengaged,0.558,face_left_or_right
2026-06-17T22:35:06.076,3.887,70.403,0.017,0.041,75.322,disengaged,disengaged,0.558,face_left_or_right
2026-06-17T22:35:06.168,4.241,77.174,0.019,0.04,82.277,disengaged,disengaged,0.659,face_left_or_right+face_too_small
2026-06-17T22:35:06.257,3.468,79.057,0.029,0.062,83.237,disengaged,disengaged,0.66,face_left_or_right+face_too_small
2026-06-17T22:35:06.347,6.355,75.747,0.017,0.038,82.806,disengaged,disengaged,0.659,face_left_or_right+face_too_small
2026-06-17T22:35:06.454,3.396,90.078,0.026,0.057,94.157,disengaged,disengaged,0.66,face_left_or_right+face_too_small
2026-06-17T22:35:06.545,3.434,78.866,0.016,0.035,82.987,disengaged,disengaged,0.66,face_left_or_right+face_too_small
2026-06-17T22:35:06.657,5.88,96.019,0.018,0.038,102.47,disengaged,disengaged,0.56,face_left_or_right
2026-06-17T22:35:06.748,4.047,81.095,0.021,0.044,85.794,disengaged,disengaged,0.561,face_left_or_right
2026-06-17T22:35:06.851,4.123,85.508,0.023,0.049,90.709,disengaged,disengaged,0.66,face_left_or_right+face_too_small
2026-06-17T22:35:06.959,4.125,88.073,0.019,0.04,93.178,disengaged,disengaged,0.66,face_left_or_right+face_too_small
2026-06-17T22:35:07.048,3.878,73.548,0.019,0.037,78.04,disengaged,disengaged,0.661,face_left_or_right+face_too_small
2026-06-17T22:35:07.141,3.285,81.334,0.016,0.035,85.381,disengaged,disengaged,0.66,face_left_or_right+face_too_small
2026-06-17T22:35:07.219,4.046,72.042,0.017,0.039,76.962,disengaged,disengaged,0.66,face_left_or_right+face_too_small
2026-06-17T22:35:07.323,3.159,78.82,0.021,0.049,82.743,disengaged,disengaged,0.662,face_left_or_right+face_too_small
2026-06-17T22:35:07.423,3.59,86.819,0.027,0.058,91.113,disengaged,disengaged,0.561,face_left_or_right
2026-06-17T22:35:07.509,3.424,79.23,0.02,0.042,83.373,disengaged,disengaged,0.561,face_left_or_right
2026-06-17T22:35:07.613,5.34,83.844,0.027,0.034,89.76,disengaged,disengaged,0.56,face_left_or_right
2026-06-17T22:35:07.711,3.449,85.013,0.017,0.036,89.039,disengaged,disengaged,0.561,face_left_or_right
2026-06-17T22:35:07.816,3.544,80.009,0.018,0.04,84.278,disengaged,disengaged,0.56,face_left_or_right
2026-06-17T22:35:07.925,3.503,93.817,0.036,0.065,97.991,disengaged,disengaged,0.56,face_left_or_right
2026-06-17T22:35:08.012,4.127,72.705,0.019,0.043,77.727,disengaged,disengaged,0.559,face_left_or_right
2026-06-17T22:35:08.094,3.229,67.096,0.019,0.041,70.926,disengaged,disengaged,0.56,face_left_or_right
2026-06-17T22:35:08.178,3.286,67.745,0.021,0.047,71.693,disengaged,disengaged,0.56,face_left_or_right
2026-06-17T22:35:08.265,5.402,67.551,0.019,0.039,73.701,disengaged,disengaged,0.56,face_left_or_right
2026-06-17T22:35:08.354,5.553,73.971,0.051,0.045,80.131,disengaged,disengaged,0.56,face_left_or_right
2026-06-17T22:35:08.448,3.595,81.977,0.018,0.036,86.335,disengaged,disengaged,0.56,face_left_or_right
2026-06-17T22:35:08.541,3.341,75.594,0.02,0.045,79.608,disengaged,disengaged,0.56,face_left_or_right
2026-06-17T22:35:08.631,3.385,75.687,0.022,0.032,79.74,seeking_attention,disengaged,0.66,face_left_or_right+face_too_small
2026-06-17T22:35:08.729,3.498,83.009,0.031,0.048,87.068,seeking_attention,disengaged,0.56,face_left_or_right
2026-06-17T22:35:08.813,3.33,69.303,0.022,0.03,73.269,seeking_attention,disengaged,0.56,face_left_or_right
2026-06-17T22:35:08.890,3.452,65.088,0.03,0.044,69.233,seeking_attention,disengaged,0.56,face_left_or_right
2026-06-17T22:35:08.975,3.382,64.855,0.023,0.035,68.933,seeking_attention,disengaged,0.661,face_left_or_right+face_too_small
2026-06-17T22:35:09.055,5.3,65.042,0.031,0.035,71.388,seeking_attention,disengaged,0.661,face_left_or_right+face_too_small
2026-06-17T22:35:09.146,5.788,71.88,0.024,0.035,78.569,seeking_attention,disengaged,0.661,face_left_or_right+face_too_small
2026-06-17T22:35:09.230,5.822,75.835,0.025,0.037,82.308,seeking_attention,disengaged,0.56,face_left_or_right
2026-06-17T22:35:09.323,3.295,72.658,0.05,0.073,76.637,seeking_attention,disengaged,0.56,face_left_or_right
2026-06-17T22:35:09.416,3.503,77.854,0.022,0.033,81.979,seeking_attention,disengaged,0.661,face_left_or_right+face_too_small
2026-06-17T22:35:09.506,3.293,75.217,0.047,0.275,79.514,seeking_attention,disengaged,0.562,face_left_or_right
2026-06-17T22:35:09.595,3.381,77.431,0.023,0.034,81.475,seeking_attention,disengaged,0.66,face_left_or_right+face_too_small
2026-06-17T22:35:09.680,3.373,69.788,0.034,0.036,73.786,seeking_attention,disengaged,0.561,face_left_or_right
2026-06-17T22:35:09.780,3.785,77.43,0.031,0.046,82.386,seeking_attention,disengaged,0.661,face_left_or_right+face_too_small
2026-06-17T22:35:09.873,3.093,73.259,0.023,0.033,76.991,seeking_attention,disengaged,0.662,face_left_or_right+face_too_small
2026-06-17T22:35:09.961,3.375,61.738,0.034,0.035,65.75,seeking_attention,disengaged,0.562,face_left_or_right
2026-06-17T22:35:10.051,15.832,65.339,0.036,0.143,81.96,seeking_attention,disengaged,0.562,face_left_or_right
2026-06-17T22:35:10.129,4.387,70.024,0.058,0.035,75.185,seeking_attention,disengaged,0.562,face_left_or_right
2026-06-17T22:35:10.224,3.745,77.087,0.025,0.038,81.58,seeking_attention,disengaged,0.562,face_left_or_right
2026-06-17T22:35:10.306,3.814,72.746,0.026,0.036,77.291,seeking_attention,disengaged,0.561,face_left_or_right
2026-06-17T22:35:10.405,4.201,83.571,0.025,0.037,88.378,seeking_attention,disengaged,0.562,face_left_or_right
2026-06-17T22:35:10.497,3.586,74.478,0.026,0.037,78.655,seeking_attention,disengaged,0.562,face_left_or_right
2026-06-17T22:35:10.602,3.319,82.152,0.027,0.039,86.153,seeking_attention,disengaged,0.562,face_left_or_right
2026-06-17T22:35:10.695,3.498,79.757,0.031,0.051,83.874,seeking_attention,disengaged,0.661,face_left_or_right+face_too_small
2026-06-17T22:35:10.795,3.141,85.314,0.024,0.036,88.994,seeking_attention,disengaged,0.661,face_left_or_right+face_too_small
2026-06-17T22:35:10.881,4.423,73.5,0.026,0.036,78.548,seeking_attention,disengaged,0.662,face_left_or_right+face_too_small
2026-06-17T22:35:10.965,3.383,62.44,0.029,0.04,66.534,seeking_attention,disengaged,0.662,face_left_or_right+face_too_small
2026-06-17T22:35:11.049,3.509,65.091,0.059,0.057,69.414,seeking_attention,disengaged,0.562,face_left_or_right
2026-06-17T22:35:11.127,4.148,64.643,0.024,0.035,69.521,seeking_attention,disengaged,0.562,face_left_or_right
2026-06-17T22:35:11.218,3.523,75.381,0.026,0.036,79.603,seeking_attention,disengaged,0.563,face_left_or_right
2026-06-17T22:35:11.304,3.375,70.715,0.029,0.042,74.812,seeking_attention,disengaged,0.563,face_left_or_right
2026-06-17T22:35:11.383,3.295,72.204,0.042,0.06,76.221,seeking_attention,disengaged,0.563,face_left_or_right
2026-06-17T22:35:11.486,3.308,79.253,0.025,0.038,83.593,seeking_attention,disengaged,0.563,face_left_or_right
2026-06-17T22:35:11.574,3.578,73.901,0.034,0.049,78.139,seeking_attention,disengaged,0.563,face_left_or_right
2026-06-17T22:35:11.681,3.073,83.22,0.065,0.1,87.07,seeking_attention,disengaged,0.562,face_left_or_right
2026-06-17T22:35:11.775,3.711,68.938,0.034,0.047,73.278,seeking_attention,disengaged,0.561,face_left_or_right
2026-06-17T22:35:11.857,3.95,70.098,0.03,0.042,74.813,seeking_attention,disengaged,0.66,face_left_or_right+face_too_small
2026-06-17T22:35:11.946,3.764,69.965,0.026,0.035,74.239,seeking_attention,disengaged,0.66,face_left_or_right+face_too_small
2026-06-17T22:35:12.030,5.206,75.006,0.027,0.039,80.944,seeking_attention,disengaged,0.66,face_left_or_right+face_too_small
2026-06-17T22:35:12.118,3.454,64.786,0.034,0.05,68.905,seeking_attention,disengaged,0.559,face_left_or_right
2026-06-17T22:35:12.203,4.319,73.191,0.025,0.036,78.164,seeking_attention,disengaged,0.559,face_left_or_right
2026-06-17T22:35:12.284,3.723,63.941,0.024,0.035,68.167,seeking_attention,disengaged,0.559,face_left_or_right
2026-06-17T22:35:12.371,3.341,70.794,0.033,0.047,74.741,seeking_attention,disengaged,0.559,face_left_or_right
2026-06-17T22:35:12.456,3.477,74.954,0.024,0.032,79.013,seeking_attention,disengaged,0.559,face_left_or_right
2026-06-17T22:35:12.541,6.642,72.045,0.037,0.034,79.264,seeking_attention,disengaged,0.559,face_left_or_right
2026-06-17T22:35:12.625,3.491,71.145,0.027,0.037,75.273,seeking_attention,disengaged,0.56,face_left_or_right
2026-06-17T22:35:12.715,3.353,74.684,0.024,0.034,78.704,seeking_attention,disengaged,0.559,face_left_or_right
2026-06-17T22:35:12.810,4.134,71.249,0.026,0.04,76.262,seeking_attention,disengaged,0.56,face_left_or_right
2026-06-17T22:35:12.900,3.842,72.877,0.045,0.032,77.433,seeking_attention,disengaged,0.559,face_left_or_right
2026-06-17T22:35:12.995,3.646,77.898,0.031,0.049,82.058,seeking_attention,disengaged,0.66,face_left_or_right+face_too_small
2026-06-17T22:35:13.069,3.554,63.864,0.023,0.036,68.333,seeking_attention,disengaged,0.56,face_left_or_right
2026-06-17T22:35:13.148,3.696,65.511,0.034,0.047,69.772,seeking_attention,disengaged,0.561,face_left_or_right
2026-06-17T22:35:13.226,3.614,75.25,0.043,0.069,79.641,seeking_attention,disengaged,0.561,face_left_or_right
2026-06-17T22:35:13.301,3.405,59.946,0.026,0.035,63.87,seeking_attention,disengaged,0.66,face_left_or_right+face_too_small
2026-06-17T22:35:13.399,5.284,72.569,0.024,0.033,78.46,seeking_attention,disengaged,0.66,face_left_or_right+face_too_small
2026-06-17T22:35:13.495,3.526,81.643,0.025,0.038,85.69,seeking_attention,disengaged,0.561,face_left_or_right
2026-06-17T22:35:13.585,3.523,72.741,0.027,0.039,76.945,seeking_attention,disengaged,0.56,face_left_or_right
2026-06-17T22:35:13.674,3.414,76.815,0.026,0.038,80.885,seeking_attention,disengaged,0.561,face_left_or_right
2026-06-17T22:35:13.788,4.864,89.252,0.042,0.059,94.75,seeking_attention,disengaged,0.561,face_left_or_right
2026-06-17T22:35:13.895,7.25,84.665,0.033,0.049,92.887,seeking_attention,disengaged,0.562,face_left_or_right
2026-06-17T22:35:13.994,3.433,88.096,0.032,0.045,92.206,seeking_attention,disengaged,0.561,face_left_or_right
2026-06-17T22:35:14.096,3.553,80.149,0.025,0.036,84.213,seeking_attention,disengaged,0.562,face_left_or_right
2026-06-17T22:35:14.185,3.525,74.863,0.038,0.054,78.934,seeking_attention,disengaged,0.562,face_left_or_right
2026-06-17T22:35:14.265,4.454,74.225,0.034,0.044,79.199,seeking_attention,disengaged,0.562,face_left_or_right
2026-06-17T22:35:14.352,3.965,70.587,0.024,0.037,75.239,seeking_attention,disengaged,0.562,face_left_or_right
2026-06-17T22:35:14.459,4.263,83.911,0.023,0.032,88.819,seeking_attention,disengaged,0.562,face_left_or_right
2026-06-17T22:35:14.547,5.505,70.775,0.025,0.037,76.945,seeking_attention,disengaged,0.562,face_left_or_right
2026-06-17T22:35:14.630,3.735,69.739,0.04,0.06,74.023,seeking_attention,disengaged,0.561,face_left_or_right
2026-06-17T22:35:14.718,3.274,72.581,0.049,0.078,76.492,seeking_attention,disengaged,0.562,face_left_or_right
2026-06-17T22:35:14.818,3.53,83.378,0.028,0.039,87.383,seeking_attention,disengaged,0.561,face_left_or_right
2026-06-17T22:35:14.924,4.093,84.742,0.027,0.038,89.4,seeking_attention,disengaged,0.561,face_left_or_right
2026-06-17T22:35:15.025,5.159,86.397,0.044,0.059,92.345,seeking_attention,disengaged,0.561,face_left_or_right
2026-06-17T22:35:15.123,3.975,83.532,0.014,0.038,88.178,engaged,engaged,0.909,face_centered
2026-06-17T22:35:15.228,4.521,88.164,0.02,0.054,93.387,engaged,engaged,0.903,face_centered
2026-06-17T22:35:15.325,3.372,78.301,0.021,0.052,82.24,engaged,engaged,0.912,face_centered
2026-06-17T22:35:15.418,3.513,82.674,0.02,0.053,87.025,engaged,engaged,0.905,face_centered
2026-06-17T22:35:15.517,5.706,79.001,0.014,0.038,85.629,engaged,engaged,0.897,face_centered
2026-06-17T22:35:15.612,3.599,77.464,0.025,0.065,81.663,engaged,engaged,0.897,face_centered
2026-06-17T22:35:15.714,5.634,86.11,0.02,0.052,92.643,engaged,engaged,0.902,face_centered
2026-06-17T22:35:15.812,3.556,81.422,0.022,0.059,85.544,engaged,engaged,0.906,face_centered
2026-06-17T22:35:15.933,3.954,97.464,0.018,0.046,102.024,engaged,engaged,0.903,face_centered
2026-06-17T22:35:16.037,4.128,83.834,0.021,0.052,88.578,engaged,engaged,0.9,face_centered
2026-06-17T22:35:16.153,3.363,98.599,0.024,0.039,102.581,engaged,engaged,0.909,face_centered
2026-06-17T22:35:16.257,4.468,85.065,0.041,0.082,90.141,engaged,engaged,0.906,face_centered
2026-06-17T22:35:16.341,3.614,70.121,0.018,0.046,74.316,engaged,engaged,0.911,face_centered
2026-06-17T22:35:16.434,3.538,82.808,0.017,0.044,87.206,engaged,engaged,0.919,face_centered
2026-06-17T22:35:16.525,5.204,68.698,0.015,0.045,74.736,engaged,engaged,0.924,face_centered
2026-06-17T22:35:16.610,3.349,71.949,0.014,0.038,75.886,engaged,engaged,0.924,face_centered
2026-06-17T22:35:16.706,5.312,79.846,0.018,0.141,85.826,engaged,engaged,0.918,face_centered
2026-06-17T22:35:16.794,3.662,76.502,0.02,0.05,81.103,engaged,engaged,0.923,face_centered
2026-06-17T22:35:16.891,3.457,75.561,0.018,0.046,79.686,engaged,engaged,0.919,face_centered
2026-06-17T22:35:16.975,3.419,75.305,0.014,0.04,79.312,engaged,engaged,0.922,face_centered
2026-06-17T22:35:17.074,3.849,73.192,0.017,0.041,77.742,engaged,engaged,0.923,face_centered
2026-06-17T22:35:17.168,3.038,75.268,0.017,0.044,78.882,engaged,engaged,0.907,face_centered
2026-06-17T22:35:17.265,4.663,72.757,0.016,0.042,78.108,engaged,engaged,0.92,face_centered
2026-06-17T22:35:17.343,3.459,65.072,0.014,0.039,69.156,engaged,engaged,0.916,face_centered
2026-06-17T22:35:17.448,18.982,65.744,0.014,0.036,85.456,engaged,engaged,0.918,face_centered
2026-06-17T22:35:17.533,5.078,72.874,0.014,0.039,78.605,engaged,engaged,0.918,face_centered
2026-06-17T22:35:17.612,3.264,68.009,0.015,0.04,71.911,engaged,engaged,0.919,face_centered
2026-06-17T22:35:17.707,3.367,74.608,0.019,0.052,78.576,engaged,engaged,0.918,face_centered
2026-06-17T22:35:17.783,3.535,66.898,0.018,0.049,71.082,engaged,engaged,0.917,face_centered
2026-06-17T22:35:17.866,4.866,65.274,0.02,0.055,70.875,engaged,engaged,0.922,face_centered
2026-06-17T22:35:17.955,3.326,69.236,0.014,0.037,73.167,engaged,engaged,0.919,face_centered
2026-06-17T22:35:18.047,5.322,76.055,0.018,0.046,82.003,engaged,engaged,0.919,face_centered
2026-06-17T22:35:18.131,4.935,67.051,0.023,0.039,72.644,engaged,engaged,0.919,face_centered
2026-06-17T22:35:18.224,3.422,73.476,0.017,0.043,77.424,engaged,engaged,0.913,face_centered
2026-06-17T22:35:18.309,5.981,71.679,0.021,0.048,78.578,engaged,engaged,0.915,face_centered
2026-06-17T22:35:18.396,5.314,66.939,0.017,0.047,72.814,engaged,engaged,0.915,face_centered
2026-06-17T22:35:18.469,3.631,61.002,0.013,0.038,65.274,engaged,engaged,0.913,face_centered
2026-06-17T22:35:18.552,3.97,60.391,0.014,0.037,65.28,engaged,engaged,0.922,face_centered
2026-06-17T22:35:18.630,4.83,64.994,0.023,0.068,70.495,engaged,engaged,0.922,face_centered
2026-06-17T22:35:18.708,3.371,67.745,0.015,0.041,71.701,engaged,engaged,0.918,face_centered
2026-06-17T22:35:18.795,3.569,71.663,0.014,0.038,75.838,engaged,engaged,0.921,face_centered
2026-06-17T22:35:18.875,5.322,69.488,0.016,0.042,75.476,engaged,engaged,0.915,face_centered
2026-06-17T22:35:18.966,3.142,67.638,0.014,0.037,71.497,engaged,engaged,0.915,face_centered
2026-06-17T22:35:19.053,3.549,64.757,0.017,0.039,68.866,engaged,engaged,0.916,face_centered
2026-06-17T22:35:19.132,5.075,66.824,0.015,0.039,72.559,engaged,engaged,0.916,face_centered
2026-06-17T22:35:19.222,3.575,69.782,0.014,0.038,73.964,engaged,engaged,0.919,face_centered
2026-06-17T22:35:19.310,4.307,75.443,0.02,0.052,80.36,engaged,engaged,0.921,face_centered
2026-06-17T22:35:19.396,3.801,68.205,0.014,0.035,72.764,engaged,engaged,0.918,face_centered
2026-06-17T22:35:19.474,3.655,64.332,0.028,0.097,68.83,engaged,engaged,0.914,face_centered
2026-06-17T22:35:19.551,3.791,63.693,0.013,0.034,68.565,engaged,engaged,0.916,face_centered
2026-06-17T22:35:19.633,4.827,61.379,0.041,0.05,67.033,engaged,engaged,0.916,face_centered
2026-06-17T22:35:19.698,5.375,60.657,0.015,0.038,66.667,engaged,engaged,0.918,face_centered
2026-06-17T22:35:19.786,3.329,67.517,0.017,0.049,71.48,engaged,engaged,0.912,face_centered
2026-06-17T22:35:19.875,3.594,73.485,0.015,0.037,77.676,engaged,engaged,0.91,face_centered
2026-06-17T22:35:19.952,3.985,64.075,0.02,0.051,68.978,engaged,engaged,0.911,face_centered
2026-06-17T22:35:20.040,5.481,67.222,0.015,0.039,73.893,engaged,engaged,0.92,face_centered
2026-06-17T22:35:20.129,4.605,75.333,0.014,0.038,80.658,engaged,engaged,0.92,face_centered
2026-06-17T22:35:20.221,3.546,72.37,0.015,0.041,76.462,engaged,engaged,0.914,face_centered
2026-06-17T22:35:20.316,5.328,77.468,0.015,0.04,83.506,engaged,engaged,0.912,face_centered
2026-06-17T22:35:20.394,5.311,63.096,0.014,0.039,69.058,engaged,engaged,0.912,face_centered
2026-06-17T22:35:20.475,3.295,74.672,0.015,0.04,78.7,engaged,engaged,0.9,face_centered
2026-06-17T22:35:20.565,3.539,71.307,0.014,0.039,75.512,engaged,engaged,0.906,face_centered
2026-06-17T22:35:20.652,9.252,64.831,0.033,0.091,75.37,engaged,engaged,0.899,face_centered
2026-06-17T22:35:20.733,3.504,65.692,0.018,0.045,69.871,engaged,engaged,0.901,face_centered
2026-06-17T22:35:20.824,5.305,77.959,0.015,0.039,84.103,engaged,engaged,0.901,face_centered
2026-06-17T22:35:20.913,5.798,73.833,0.017,0.041,80.134,engaged,engaged,0.905,face_centered
2026-06-17T22:35:21.007,3.436,80.73,0.019,0.05,84.996,engaged,engaged,0.894,face_centered
2026-06-17T22:35:21.100,3.516,70.814,0.019,0.048,74.972,engaged,engaged,0.911,face_centered
2026-06-17T22:35:21.183,3.183,68.515,0.016,0.041,72.329,engaged,engaged,0.908,face_centered
2026-06-17T22:35:21.279,3.323,76.412,0.015,0.038,80.344,engaged,engaged,0.907,face_centered
2026-06-17T22:35:21.365,4.34,71.489,0.017,0.042,76.466,engaged,engaged,0.907,face_centered
2026-06-17T22:35:21.445,5.392,65.358,0.02,0.049,71.415,engaged,engaged,0.894,face_centered
2026-06-17T22:35:21.530,3.559,65.243,0.016,0.041,69.574,engaged,engaged,0.902,face_centered
2026-06-17T22:35:21.613,5.384,69.708,0.026,0.04,75.741,engaged,engaged,0.902,face_centered
2026-06-17T22:35:21.698,6.422,64.709,0.033,0.101,71.943,engaged,engaged,0.908,face_centered
2026-06-17T22:35:21.784,3.493,73.284,0.015,0.04,77.34,engaged,engaged,0.902,face_centered
2026-06-17T22:35:21.873,3.315,72.613,0.021,0.057,76.64,engaged,engaged,0.902,face_centered
2026-06-17T22:35:21.966,4.961,75.372,0.016,0.039,81.2,engaged,engaged,0.884,face_centered
2026-06-17T22:35:22.065,3.234,83.221,0.02,0.051,87.072,engaged,engaged,0.861,face_centered
2026-06-17T22:35:22.172,5.677,85.978,0.015,0.039,92.222,engaged,engaged,0.863,face_centered
2026-06-17T22:35:22.273,4.157,84.23,0.022,0.053,89.432,engaged,engaged,0.819,face_centered
2026-06-17T22:35:22.372,3.309,75.087,0.016,0.039,79.086,engaged,engaged,0.791,face_centered
2026-06-17T22:35:22.459,3.404,71.606,0.022,0.056,75.686,engaged,engaged,0.791,face_centered
2026-06-17T22:35:22.542,3.534,73.781,0.018,0.043,78.386,engaged,engaged,0.77,face_centered
2026-06-17T22:35:22.628,3.497,73.953,0.021,0.044,78.131,engaged,engaged,0.736,face_centered
2026-06-17T22:35:22.718,4.881,65.477,0.206,0.089,71.159,engaged,engaged,0.73,face_centered
2026-06-17T22:35:22.795,3.777,60.258,0.014,0.037,64.904,engaged,engaged,0.722,face_centered
2026-06-17T22:35:22.895,6.533,73.493,0.013,0.039,80.642,engaged,engaged,0.722,face_centered
2026-06-17T22:35:22.978,6.121,71.546,0.027,0.051,78.334,engaged,engaged,0.731,face_centered
2026-06-17T22:35:23.074,3.614,79.767,0.02,0.037,84.087,disengaged,disengaged,0.56,face_left_or_right
2026-06-17T22:35:23.176,3.941,78.181,0.017,0.042,82.788,engaged,engaged,0.732,face_centered
2026-06-17T22:35:23.270,4.296,76.253,0.024,0.05,81.163,disengaged,disengaged,0.56,face_left_or_right
2026-06-17T22:35:23.351,3.416,71.042,0.017,0.037,75.071,disengaged,disengaged,0.56,face_left_or_right
2026-06-17T22:35:23.433,5.056,65.228,0.018,0.038,70.901,disengaged,disengaged,0.56,face_left_or_right
2026-06-17T22:35:23.503,3.511,61.098,0.017,0.039,65.08,disengaged,disengaged,0.585,face_left_or_right
2026-06-17T22:35:23.590,3.939,60.14,0.017,0.064,64.784,disengaged,disengaged,0.561,face_left_or_right
2026-06-17T22:35:23.668,5.405,65.78,0.018,0.039,72.08,disengaged,disengaged,0.561,face_left_or_right
2026-06-17T22:35:23.753,3.467,69.722,0.018,0.042,73.849,disengaged,disengaged,0.56,face_left_or_right
2026-06-17T22:35:23.825,3.148,65.86,0.016,0.037,69.587,disengaged,disengaged,0.561,face_left_or_right
2026-06-17T22:35:23.911,3.52,63.535,0.046,0.04,67.682,disengaged,disengaged,0.561,face_left_or_right
2026-06-17T22:35:23.995,3.443,66.164,0.015,0.036,70.201,disengaged,disengaged,0.561,face_left_or_right
2026-06-17T22:35:24.086,5.354,70.786,0.019,0.037,77.303,disengaged,disengaged,0.561,face_left_or_right
2026-06-17T22:35:24.166,3.269,69.447,0.036,0.05,73.303,disengaged,disengaged,0.562,face_left_or_right
2026-06-17T22:35:24.258,3.295,72.973,0.032,0.077,76.921,disengaged,disengaged,0.562,face_left_or_right
2026-06-17T22:35:24.357,3.695,84.844,0.028,0.059,89.501,disengaged,disengaged,0.561,face_left_or_right
2026-06-17T22:35:24.434,3.496,68.961,0.026,0.055,73.007,disengaged,disengaged,0.562,face_left_or_right
2026-06-17T22:35:24.523,3.487,77.08,0.019,0.04,81.232,disengaged,disengaged,0.562,face_left_or_right
2026-06-17T22:35:24.608,3.24,68.931,0.016,0.035,72.839,disengaged,disengaged,0.562,face_left_or_right
2026-06-17T22:35:24.690,3.537,64.301,0.026,0.058,68.497,disengaged,disengaged,0.562,face_left_or_right
2026-06-17T22:35:24.774,3.236,66.157,0.016,0.036,70.113,disengaged,disengaged,0.563,face_left_or_right
2026-06-17T22:35:24.871,5.638,79.057,0.017,0.037,85.377,disengaged,disengaged,0.563,face_left_or_right
2026-06-17T22:35:24.965,4.721,79.145,0.016,0.04,84.536,engaged,engaged,0.689,face_centered
2026-06-17T22:35:25.059,3.462,79.14,0.018,0.037,83.274,disengaged,disengaged,0.562,face_left_or_right
2026-06-17T22:35:25.158,5.797,75.664,0.039,0.09,82.247,disengaged,disengaged,0.562,face_left_or_right
2026-06-17T22:35:25.248,3.393,79.633,0.015,0.035,83.73,disengaged,disengaged,0.562,face_left_or_right
2026-06-17T22:35:25.339,3.329,77.126,0.017,0.038,81.058,disengaged,disengaged,0.562,face_left_or_right
2026-06-17T22:35:25.422,3.714,74.024,0.015,0.035,78.633,disengaged,disengaged,0.562,face_left_or_right
2026-06-17T22:35:25.518,3.385,72.42,0.019,0.041,76.384,disengaged,disengaged,0.562,face_left_or_right
2026-06-17T22:35:25.608,3.419,78.342,0.019,0.04,82.387,disengaged,disengaged,0.562,face_left_or_right
2026-06-17T22:35:25.697,3.515,74.083,0.03,0.064,78.191,disengaged,disengaged,0.562,face_left_or_right
2026-06-17T22:35:25.782,3.903,73.449,0.021,0.047,78.05,disengaged,disengaged,0.563,face_left_or_right
2026-06-17T22:35:25.887,20.693,73.204,0.025,0.051,94.651,disengaged,disengaged,0.562,face_left_or_right
2026-06-17T22:35:25.986,7.118,72.623,0.022,0.049,80.343,disengaged,disengaged,0.561,face_left_or_right
2026-06-17T22:35:26.079,5.415,72.521,0.018,0.042,78.559,disengaged,disengaged,0.562,face_left_or_right
2026-06-17T22:35:26.183,3.562,80.828,0.023,0.048,85.124,disengaged,disengaged,0.562,face_left_or_right
2026-06-17T22:35:26.282,5.755,80.325,0.02,0.043,86.971,disengaged,disengaged,0.562,face_left_or_right
2026-06-17T22:35:26.387,5.307,85.871,0.025,0.051,91.857,disengaged,disengaged,0.563,face_left_or_right
2026-06-17T22:35:26.491,4.065,84.52,0.023,0.052,89.343,disengaged,disengaged,0.606,face_left_or_right
2026-06-17T22:35:26.577,3.65,69.503,0.034,0.08,73.945,disengaged,disengaged,0.594,face_left_or_right
2026-06-17T22:35:26.677,5.187,78.698,0.018,0.039,84.458,disengaged,disengaged,0.588,face_left_or_right
2026-06-17T22:35:26.791,16.336,85.226,0.046,0.091,102.505,disengaged,disengaged,0.563,face_left_or_right
2026-06-17T22:35:26.897,3.556,84.12,0.017,0.04,88.298,disengaged,disengaged,0.562,face_left_or_right
2026-06-17T22:35:27.004,3.302,87.923,0.019,0.043,91.918,disengaged,disengaged,0.562,face_left_or_right
2026-06-17T22:35:27.108,3.471,89.08,0.021,0.098,93.268,disengaged,disengaged,0.563,face_left_or_right
2026-06-17T22:35:27.215,5.475,88.945,0.018,0.041,95.085,disengaged,disengaged,0.562,face_left_or_right
2026-06-17T22:35:27.317,3.92,89.099,0.019,0.04,93.607,disengaged,disengaged,0.562,face_left_or_right
2026-06-17T22:35:27.409,3.388,81.766,0.018,0.037,85.704,disengaged,disengaged,0.562,face_left_or_right
2026-06-17T22:35:27.506,4.075,81.329,0.02,0.044,86.097,disengaged,disengaged,0.562,face_left_or_right
2026-06-17T22:35:27.601,3.502,88.803,0.016,0.036,92.966,disengaged,disengaged,0.551,face_left_or_right
2026-06-17T22:35:27.707,3.952,81.928,0.086,0.125,87.166,disengaged,disengaged,0.562,face_left_or_right
2026-06-17T22:35:27.815,3.399,95.703,0.018,0.04,99.75,disengaged,disengaged,0.562,face_left_or_right
2026-06-17T22:35:27.914,3.68,89.348,0.039,0.057,93.777,disengaged,disengaged,0.561,face_left_or_right
2026-06-17T22:35:28.030,3.43,94.699,0.018,0.038,98.88,disengaged,disengaged,0.561,face_left_or_right
2026-06-17T22:35:28.142,3.632,95.056,0.029,0.06,99.381,disengaged,disengaged,0.562,face_left_or_right
2026-06-17T22:35:28.249,3.557,100.482,0.086,0.103,104.879,disengaged,disengaged,0.562,face_left_or_right
2026-06-17T22:35:28.361,3.562,91.211,0.017,0.037,95.386,disengaged,disengaged,0.556,face_left_or_right
2026-06-17T22:35:28.461,4.595,81.645,0.024,0.061,86.948,engaged,engaged,0.739,face_centered
2026-06-17T22:35:28.559,5.324,84.688,0.025,0.059,90.631,engaged,engaged,0.743,face_centered
2026-06-17T22:35:28.665,5.353,87.954,0.02,0.057,93.994,engaged,engaged,0.766,face_centered
2026-06-17T22:35:28.759,3.462,82.136,0.016,0.038,86.093,engaged,engaged,0.75,face_centered
2026-06-17T22:35:28.865,3.892,88.163,0.017,0.038,93.032,disengaged,disengaged,0.563,face_left_or_right
2026-06-17T22:35:28.967,3.386,89.29,0.018,0.04,93.318,disengaged,disengaged,0.57,face_high_or_low
2026-06-17T22:35:29.066,3.511,84.815,0.018,0.046,88.906,engaged,engaged,0.789,face_centered
2026-06-17T22:35:29.171,5.027,88.927,0.014,0.037,94.586,engaged,engaged,0.85,face_centered
2026-06-17T22:35:29.259,3.435,69.193,0.018,0.038,73.385,disengaged,disengaged,0.65,face_too_small
2026-06-17T22:35:29.357,5.669,82.973,0.018,0.039,89.678,disengaged,disengaged,0.65,face_too_small
2026-06-17T22:35:29.459,6.579,75.339,0.027,0.056,82.941,disengaged,disengaged,0.65,face_too_small
2026-06-17T22:35:29.539,5.851,71.623,0.024,0.05,78.383,disengaged,absent,0.0,no_face_detected
2026-06-17T22:35:29.638,3.787,77.31,0.018,0.038,81.772,disengaged,disengaged,0.65,face_too_small
2026-06-17T22:35:29.717,5.296,66.224,0.019,0.048,72.18,engaged,engaged,0.921,face_centered
2026-06-17T22:35:29.807,5.41,73.019,0.016,0.041,79.084,engaged,engaged,0.923,face_centered
2026-06-17T22:35:29.901,3.375,78.519,0.014,0.045,82.645,engaged,engaged,0.917,face_centered
2026-06-17T22:35:29.976,3.285,65.036,0.017,0.048,68.897,engaged,engaged,0.913,face_centered
2026-06-17T22:35:30.058,2.931,64.399,0.014,0.039,68.067,engaged,engaged,0.797,face_centered
2026-06-17T22:35:30.151,13.666,66.872,0.03,0.042,81.469,engaged,engaged,0.797,face_centered
2026-06-17T22:35:30.235,3.868,69.292,0.017,0.063,73.948,engaged,engaged,0.797,face_centered
2026-06-17T22:35:30.314,3.419,76.448,0.014,0.033,80.459,engaged,engaged,0.784,face_centered
2026-06-17T22:35:30.418,3.401,77.921,0.028,0.057,82.111,disengaged,disengaged,0.686,face_high_or_low+face_too_small
2026-06-17T22:35:30.513,3.396,79.154,0.022,0.046,83.115,disengaged,absent,0.0,no_face_detected
2026-06-17T22:35:30.608,5.477,81.132,0.016,0.036,87.024,disengaged,disengaged,0.737,face_left_or_right
2026-06-17T22:35:30.687,3.491,69.805,0.017,0.036,73.96,disengaged,disengaged,0.65,face_too_small
2026-06-17T22:35:30.769,3.444,65.635,0.016,0.036,69.894,disengaged,disengaged,0.736,face_left_or_right
2026-06-17T22:35:30.848,3.282,63.61,0.016,0.04,67.574,disengaged,disengaged,0.737,face_left_or_right
2026-06-17T22:35:30.941,4.855,77.499,0.035,0.076,82.959,disengaged,disengaged,0.737,face_left_or_right
2026-06-17T22:35:31.028,5.04,73.168,0.042,0.048,79.154,disengaged,disengaged,0.736,face_left_or_right
2026-06-17T22:35:31.122,4.478,78.379,0.018,0.04,83.54,disengaged,disengaged,0.737,face_left_or_right
2026-06-17T22:35:31.207,3.381,77.306,0.017,0.036,81.304,disengaged,disengaged,0.737,face_left_or_right
2026-06-17T22:35:31.307,5.541,77.806,0.062,0.057,84.056,disengaged,disengaged,0.737,face_left_or_right
2026-06-17T22:35:31.396,5.407,73.572,0.022,0.049,79.6,disengaged,disengaged,0.737,face_left_or_right
2026-06-17T22:35:31.478,3.628,68.777,0.022,0.046,73.036,disengaged,disengaged,0.739,face_left_or_right
2026-06-17T22:35:31.565,3.528,71.195,0.021,0.05,75.425,disengaged,disengaged,0.739,face_left_or_right
2026-06-17T22:35:31.647,3.273,64.556,0.018,0.039,68.449,disengaged,disengaged,0.74,face_left_or_right
2026-06-17T22:35:31.733,11.279,65.84,0.032,0.062,77.762,disengaged,disengaged,0.74,face_left_or_right
2026-06-17T22:35:31.816,5.219,65.68,0.027,0.049,71.628,disengaged,absent,0.0,no_face_detected
2026-06-17T22:35:31.902,4.197,72.235,0.017,0.036,76.978,disengaged,disengaged,0.65,face_too_small
2026-06-17T22:35:31.980,3.347,65.787,0.019,0.05,69.806,engaged,engaged,0.625,face_centered
2026-06-17T22:35:32.070,3.379,72.64,0.016,0.036,76.554,disengaged,disengaged,0.737,face_left_or_right
2026-06-17T22:35:32.174,3.294,84.853,0.048,0.044,88.808,engaged,engaged,0.89,face_centered
2026-06-17T22:35:32.259,3.335,71.765,0.017,0.036,75.712,disengaged,disengaged,0.734,face_left_or_right
2026-06-17T22:35:32.346,3.405,65.617,0.022,0.037,69.656,disengaged,disengaged,0.65,face_too_small
2026-06-17T22:35:32.428,5.613,65.679,0.027,0.062,71.973,disengaged,disengaged,0.65,face_too_small
2026-06-17T22:35:32.508,5.399,60.914,0.035,0.052,66.998,engaged,engaged,0.82,face_centered
2026-06-17T22:35:32.581,3.513,60.857,0.022,0.057,64.963,engaged,engaged,0.715,face_centered
2026-06-17T22:35:32.649,3.36,51.713,0.029,0.061,55.684,disengaged,absent,0.0,no_face_detected
2026-06-17T22:35:32.729,4.441,64.589,0.048,0.096,69.68,disengaged,absent,0.0,no_face_detected
2026-06-17T22:35:32.796,3.228,54.571,0.022,0.046,58.448,disengaged,absent,0.0,no_face_detected
2026-06-17T22:35:32.872,4.17,59.851,0.027,0.061,64.68,disengaged,absent,0.0,no_face_detected
2026-06-17T22:35:32.939,3.543,56.764,0.026,0.058,60.868,disengaged,disengaged,0.8,face_left_or_right+face_too_small
2026-06-17T22:35:33.014,12.418,52.37,0.042,0.078,65.538,disengaged,absent,0.0,no_face_detected
2026-06-17T22:35:33.089,4.46,56.843,0.043,0.08,61.911,disengaged,absent,0.0,no_face_detected
2026-06-17T22:35:33.159,3.198,59.419,0.04,0.081,63.278,disengaged,absent,0.0,no_face_detected
2026-06-17T22:35:33.249,3.256,64.805,0.015,0.045,68.704,engaged,engaged,0.634,face_centered
2026-06-17T22:35:33.340,3.29,77.197,0.014,0.034,81.063,engaged,engaged,0.636,face_centered
2026-06-17T22:35:33.428,5.594,67.489,0.021,0.053,73.812,engaged,engaged,0.636,face_centered
2026-06-17T22:35:33.513,5.704,74.572,0.019,0.04,80.855,disengaged,disengaged,0.65,face_too_small
2026-06-17T22:35:33.618,4.352,80.804,0.021,0.045,85.788,disengaged,disengaged,0.65,face_too_small
2026-06-17T22:35:33.701,3.223,69.922,0.018,0.037,73.725,disengaged,disengaged,0.65,face_too_small
2026-06-17T22:35:33.781,3.768,66.119,0.017,0.036,70.256,disengaged,disengaged,0.65,face_too_small
2026-06-17T22:35:33.865,3.154,71.123,0.022,0.058,74.89,disengaged,disengaged,0.65,face_too_small
2026-06-17T22:35:33.935,4.442,58.699,0.022,0.048,63.653,disengaged,disengaged,0.65,face_too_small
2026-06-17T22:35:34.013,4.031,60.238,0.016,0.039,64.91,disengaged,disengaged,0.65,face_too_small
2026-06-17T22:35:34.098,5.342,64.412,0.017,0.038,70.257,disengaged,disengaged,0.65,face_too_small
2026-06-17T22:35:34.179,3.439,69.029,0.016,0.037,73.106,disengaged,disengaged,0.65,face_too_small
2026-06-17T22:35:34.260,4.873,62.505,0.021,0.045,67.786,disengaged,disengaged,0.634,face_left_or_right
2026-06-17T22:35:34.335,5.107,61.72,0.022,0.05,67.432,disengaged,disengaged,0.608,face_left_or_right
2026-06-17T22:35:34.426,3.399,65.6,0.017,0.037,69.608,disengaged,disengaged,0.601,face_left_or_right
2026-06-17T22:35:34.516,18.037,61.853,0.022,0.047,80.637,disengaged,disengaged,0.596,face_left_or_right
2026-06-17T22:35:34.603,4.214,69.817,0.02,0.035,74.643,disengaged,disengaged,0.596,face_left_or_right
2026-06-17T22:35:34.693,5.767,72.115,0.017,0.035,78.375,disengaged,disengaged,0.592,face_left_or_right
2026-06-17T22:35:34.766,3.29,65.932,0.019,0.043,70.272,disengaged,disengaged,0.587,face_left_or_right
2026-06-17T22:35:34.840,3.394,58.781,0.027,0.052,62.83,disengaged,disengaged,0.584,face_left_or_right
2026-06-17T22:35:34.918,4.144,60.269,0.016,0.036,64.974,disengaged,disengaged,0.584,face_left_or_right
2026-06-17T22:35:35.006,4.445,70.169,0.021,0.041,75.196,disengaged,disengaged,0.581,face_left_or_right
2026-06-17T22:35:35.078,3.303,63.052,0.017,0.039,66.936,disengaged,disengaged,0.577,face_left_or_right
2026-06-17T22:35:35.165,4.899,66.051,0.019,0.044,71.509,disengaged,disengaged,0.574,face_left_or_right
2026-06-17T22:35:35.246,4.305,64.927,0.027,0.067,69.977,disengaged,disengaged,0.569,face_left_or_right
2026-06-17T22:35:35.326,3.644,63.399,0.018,0.042,67.716,disengaged,disengaged,0.566,face_left_or_right
2026-06-17T22:35:35.408,12.964,59.593,0.046,0.078,73.28,disengaged,disengaged,0.563,face_left_or_right
2026-06-17T22:35:35.499,6.603,73.149,0.019,0.042,80.69,disengaged,disengaged,0.563,face_left_or_right
2026-06-17T22:35:35.577,3.326,64.215,0.018,0.039,68.156,disengaged,disengaged,0.557,face_left_or_right
2026-06-17T22:35:35.667,3.754,76.433,0.03,0.062,80.936,disengaged,disengaged,0.552,face_left_or_right
2026-06-17T22:35:35.758,3.801,69.04,0.015,0.039,73.503,engaged,engaged,0.734,face_centered
2026-06-17T22:35:35.842,3.392,66.866,0.02,0.051,70.827,disengaged,disengaged,0.55,face_left_or_right
2026-06-17T22:35:35.925,3.825,67.075,0.016,0.039,71.541,disengaged,disengaged,0.555,face_left_or_right
2026-06-17T22:35:36.007,5.774,69.726,0.019,0.04,76.402,disengaged,disengaged,0.555,face_left_or_right
2026-06-17T22:35:36.087,3.669,63.637,0.017,0.04,68.143,disengaged,disengaged,0.564,face_left_or_right
2026-06-17T22:35:36.167,3.535,71.752,0.019,0.042,75.705,disengaged,disengaged,0.574,face_left_or_right
2026-06-17T22:35:36.252,3.271,65.183,0.017,0.039,69.142,disengaged,disengaged,0.585,face_left_or_right
2026-06-17T22:35:36.329,4.071,62.909,0.02,0.043,67.631,disengaged,disengaged,0.593,face_left_or_right
2026-06-17T22:35:36.425,16.556,69.771,0.03,0.067,87.067,disengaged,disengaged,0.604,face_left_or_right
2026-06-17T22:35:36.520,6.319,74.538,0.024,0.049,82.615,disengaged,disengaged,0.604,face_left_or_right
2026-06-17T22:35:36.616,5.661,75.252,0.028,0.057,81.935,disengaged,disengaged,0.611,face_left_or_right
2026-06-17T22:35:36.716,6.58,80.351,0.028,0.055,87.636,disengaged,disengaged,0.617,face_left_or_right
2026-06-17T22:35:36.808,12.72,64.814,0.02,0.052,78.894,disengaged,disengaged,0.62,face_left_or_right
2026-06-17T22:35:36.893,6.333,66.248,0.024,0.051,73.462,disengaged,disengaged,0.622,face_left_or_right
2026-06-17T22:35:36.982,6.415,74.328,0.028,0.058,81.771,disengaged,disengaged,0.624,face_left_or_right
2026-06-17T22:35:37.067,3.59,65.103,0.019,0.041,69.357,disengaged,disengaged,0.626,face_left_or_right
2026-06-17T22:35:37.143,3.66,60.95,0.018,0.036,65.259,disengaged,disengaged,0.626,face_left_or_right
2026-06-17T22:35:37.212,3.261,56.161,0.021,0.042,60.096,disengaged,disengaged,0.624,face_left_or_right
2026-06-17T22:35:37.294,6.181,65.039,0.018,0.041,71.897,disengaged,disengaged,0.624,face_left_or_right
2026-06-17T22:35:37.374,5.85,66.157,0.019,0.039,72.701,disengaged,disengaged,0.624,face_left_or_right
2026-06-17T22:35:37.459,3.602,69.667,0.03,0.071,74.23,disengaged,disengaged,0.627,face_left_or_right
2026-06-17T22:35:37.542,3.54,64.962,0.03,0.064,69.096,disengaged,disengaged,0.623,face_left_or_right
2026-06-17T22:35:37.624,3.36,67.661,0.034,0.093,71.886,disengaged,disengaged,0.623,face_left_or_right
2026-06-17T22:35:37.709,4.849,63.171,0.019,0.042,68.81,disengaged,disengaged,0.623,face_left_or_right
2026-06-17T22:35:37.796,5.75,70.222,0.029,0.066,77.071,disengaged,disengaged,0.623,face_left_or_right
2026-06-17T22:35:37.876,4.976,63.641,0.047,0.115,69.363,disengaged,disengaged,0.622,face_left_or_right
2026-06-17T22:35:37.966,5.553,71.074,0.025,0.063,77.297,disengaged,disengaged,0.622,face_left_or_right
2026-06-17T22:35:38.052,3.279,71.182,0.022,0.047,75.101,disengaged,disengaged,0.622,face_left_or_right
2026-06-17T22:35:38.138,5.472,68.415,0.026,0.056,74.416,disengaged,disengaged,0.621,face_left_or_right
2026-06-17T22:35:38.212,3.378,62.453,0.017,0.04,66.451,disengaged,disengaged,0.622,face_left_or_right
2026-06-17T22:35:38.295,5.641,69.899,0.022,0.047,76.226,disengaged,disengaged,0.622,face_left_or_right
2026-06-17T22:35:38.374,3.38,67.124,0.021,0.047,71.104,disengaged,disengaged,0.623,face_left_or_right
2026-06-17T22:35:38.455,3.854,70.288,0.021,0.045,74.799,disengaged,disengaged,0.623,face_left_or_right
2026-06-17T22:35:38.541,3.668,63.3,0.029,0.066,67.631,disengaged,disengaged,0.624,face_left_or_right
2026-06-17T22:35:38.621,3.217,66.806,0.025,0.06,70.668,disengaged,disengaged,0.626,face_left_or_right
2026-06-17T22:35:38.708,3.485,72.168,0.02,0.043,76.194,disengaged,disengaged,0.628,face_left_or_right
2026-06-17T22:35:38.803,7.455,76.26,0.018,0.039,84.497,disengaged,disengaged,0.628,face_left_or_right
2026-06-17T22:35:38.895,5.476,74.113,0.024,0.051,80.22,disengaged,disengaged,0.634,face_left_or_right
2026-06-17T22:35:38.992,5.566,78.716,0.031,0.065,85.054,disengaged,disengaged,0.638,face_left_or_right
2026-06-17T22:35:39.082,3.238,76.786,0.02,0.045,80.604,disengaged,disengaged,0.637,face_left_or_right
2026-06-17T22:35:39.165,4.981,70.676,0.017,0.038,76.067,disengaged,disengaged,0.632,face_left_or_right
2026-06-17T22:35:39.258,4.525,76.99,0.019,0.052,82.132,disengaged,disengaged,0.631,face_left_or_right
2026-06-17T22:35:39.336,4.07,71.353,0.022,0.046,76.234,disengaged,disengaged,0.63,face_left_or_right
2026-06-17T22:35:39.429,3.394,73.375,0.018,0.038,77.399,disengaged,disengaged,0.626,face_left_or_right
2026-06-17T22:35:39.524,3.528,76.493,0.037,0.084,80.508,disengaged,disengaged,0.627,face_left_or_right
2026-06-17T22:35:39.622,5.325,72.64,0.034,0.067,78.648,disengaged,disengaged,0.624,face_left_or_right
2026-06-17T22:35:39.713,3.688,71.027,0.018,0.038,75.493,disengaged,disengaged,0.622,face_left_or_right
2026-06-17T22:35:39.805,11.808,71.308,0.029,0.065,84.011,disengaged,disengaged,0.62,face_left_or_right
2026-06-17T22:35:39.896,6.103,70.128,0.019,0.042,77.183,disengaged,disengaged,0.62,face_left_or_right
2026-06-17T22:35:39.982,5.327,72.701,0.028,0.069,78.743,disengaged,disengaged,0.616,face_left_or_right
2026-06-17T22:35:40.080,3.808,78.142,0.036,0.087,82.587,disengaged,disengaged,0.614,face_left_or_right
2026-06-17T22:35:40.168,3.289,74.423,0.02,0.042,78.251,disengaged,disengaged,0.605,face_left_or_right
2026-06-17T22:35:40.266,3.335,81.935,0.017,0.038,85.92,disengaged,disengaged,0.605,face_left_or_right
2026-06-17T22:35:40.355,4.287,73.331,0.02,0.043,78.105,disengaged,disengaged,0.65,face_too_small
2026-06-17T22:35:40.438,3.451,70.029,0.033,0.067,74.117,engaged,engaged,0.659,face_centered
2026-06-17T22:35:40.517,3.667,66.589,0.054,0.269,71.205,engaged,engaged,0.661,face_centered
2026-06-17T22:35:40.606,3.792,60.63,0.017,0.036,65.154,disengaged,disengaged,0.65,face_too_small
2026-06-17T22:35:40.692,5.632,69.134,0.026,0.052,75.748,disengaged,disengaged,0.65,face_too_small
2026-06-17T22:35:40.773,7.083,68.792,0.017,0.052,76.59,disengaged,disengaged,0.65,face_too_small
2026-06-17T22:35:40.848,3.851,59.428,0.017,0.036,64.013,disengaged,disengaged,0.65,face_too_small
2026-06-17T22:35:40.919,3.901,60.134,0.017,0.04,64.607,disengaged,disengaged,0.65,face_too_small
2026-06-17T22:35:40.993,3.199,53.723,0.017,0.037,57.522,disengaged,disengaged,0.65,face_too_small
2026-06-17T22:35:41.068,3.666,62.22,0.02,0.049,66.46,engaged,engaged,0.659,face_centered
2026-06-17T22:35:41.149,5.23,64.133,0.024,0.052,69.972,disengaged,disengaged,0.65,face_too_small
2026-06-17T22:35:41.227,3.614,62.881,0.064,0.118,67.262,disengaged,absent,0.0,no_face_detected
2026-06-17T22:35:41.294,5.681,52.489,0.042,0.12,58.964,disengaged,absent,0.0,no_face_detected
2026-06-17T22:35:41.365,4.147,53.019,0.056,0.124,57.948,disengaged,absent,0.0,no_face_detected
2026-06-17T22:35:41.433,5.355,56.092,0.083,0.12,62.082,disengaged,absent,0.0,no_face_detected
2026-06-17T22:35:41.504,3.22,51.759,0.021,0.047,55.586,disengaged,absent,0.0,no_face_detected
2026-06-17T22:35:41.571,4.935,49.619,0.031,0.072,56.112,disengaged,absent,0.0,no_face_detected
2026-06-17T22:35:41.637,5.193,52.344,0.023,0.048,58.16,disengaged,absent,0.0,no_face_detected
2026-06-17T22:35:41.704,4.873,49.726,0.016,0.044,55.113,engaged,engaged,0.669,face_centered
2026-06-17T22:35:41.780,3.347,54.73,0.031,0.056,59.147,disengaged,absent,0.0,no_face_detected
2026-06-17T22:35:41.870,27.789,52.994,0.018,0.04,81.52,disengaged,disengaged,0.635,face_left_or_right+face_high_or_low
2026-06-17T22:35:41.934,5.597,53.354,0.018,0.035,59.462,disengaged,disengaged,0.635,face_left_or_right+face_high_or_low
2026-06-17T22:35:42.000,3.329,50.365,0.016,0.034,54.332,disengaged,disengaged,0.65,face_too_small
2026-06-17T22:35:42.072,6.519,48.192,0.018,0.04,55.405,disengaged,disengaged,0.65,face_too_small
2026-06-17T22:35:42.162,32.515,43.731,0.02,0.057,77.108,engaged,engaged,0.605,face_centered
2026-06-17T22:35:42.232,7.728,56.332,0.014,0.036,64.768,engaged,engaged,0.605,face_centered
2026-06-17T22:35:42.308,4.929,55.355,0.03,0.087,60.933,engaged,engaged,0.664,face_centered
2026-06-17T22:35:42.371,4.093,45.265,0.037,0.088,50.208,engaged,engaged,0.665,face_centered
2026-06-17T22:35:42.434,4.401,49.813,0.018,0.049,54.762,engaged,engaged,0.665,face_centered
2026-06-17T22:35:42.496,3.56,46.45,0.016,0.043,50.734,engaged,engaged,0.663,face_centered
2026-06-17T22:35:42.558,5.729,52.553,0.013,0.037,59.079,engaged,engaged,0.663,face_centered
2026-06-17T22:35:42.627,3.713,50.493,0.016,0.042,54.882,engaged,engaged,0.666,face_centered
2026-06-17T22:35:42.688,4.19,47.412,0.014,0.037,52.423,engaged,engaged,0.663,face_centered
2026-06-17T22:35:42.750,5.386,47.394,0.037,0.059,53.865,engaged,engaged,0.663,face_centered
2026-06-17T22:35:42.830,5.584,59.623,0.014,0.037,65.786,engaged,engaged,0.665,face_centered
2026-06-17T22:35:42.894,3.454,51.023,0.014,0.039,55.095,engaged,engaged,0.574,face_centered
2026-06-17T22:35:42.965,6.932,53.762,0.013,0.036,61.559,engaged,engaged,0.574,face_centered
2026-06-17T22:35:43.041,3.345,60.414,0.019,0.048,64.431,engaged,engaged,0.664,face_centered
2026-06-17T22:35:43.104,3.502,54.446,0.018,0.049,58.602,engaged,engaged,0.665,face_centered
2026-06-17T22:35:43.171,3.942,48.064,0.017,0.043,52.881,engaged,engaged,0.665,face_centered
2026-06-17T22:35:43.247,6.368,53.991,0.027,0.07,61.304,engaged,engaged,0.665,face_centered
2026-06-17T22:35:43.317,5.767,55.956,0.029,0.071,62.535,engaged,engaged,0.665,face_centered
2026-06-17T22:35:43.380,3.619,47.892,0.019,0.051,52.121,engaged,engaged,0.665,face_centered
2026-06-17T22:35:43.445,4.649,50.402,0.027,0.069,55.774,engaged,engaged,0.665,face_centered
2026-06-17T22:35:43.509,3.917,52.012,0.025,0.052,56.524,engaged,engaged,0.664,face_centered
2026-06-17T22:35:43.572,3.806,45.932,0.014,0.038,50.439,engaged,engaged,0.663,face_centered
2026-06-17T22:35:43.634,5.312,56.865,0.026,0.067,62.776,engaged,engaged,0.663,face_centered
2026-06-17T22:35:43.707,3.195,52.356,0.016,0.041,56.62,engaged,engaged,0.664,face_centered
2026-06-17T22:35:43.774,4.166,49.153,0.018,0.036,54.005,disengaged,disengaged,0.65,face_too_small
2026-06-17T22:35:43.854,4.163,64.047,0.022,0.04,69.389,disengaged,disengaged,0.65,face_too_small
2026-06-17T22:35:43.927,3.595,56.631,0.019,0.041,60.646,disengaged,disengaged,0.65,face_too_small
2026-06-17T22:35:43.987,3.723,49.078,0.021,0.045,53.624,disengaged,disengaged,0.65,face_too_small
2026-06-17T22:35:44.060,3.498,50.052,0.031,0.066,54.242,disengaged,disengaged,0.65,face_too_small
2026-06-17T22:35:44.150,25.376,51.196,0.016,0.037,77.289,disengaged,disengaged,0.65,face_too_small
2026-06-17T22:35:44.218,5.113,54.701,0.014,0.039,60.287,disengaged,disengaged,0.65,face_too_small
2026-06-17T22:35:44.287,3.756,56.712,0.014,0.033,61.164,disengaged,disengaged,0.65,face_too_small
2026-06-17T22:35:44.367,3.919,57.063,0.033,0.073,62.213,disengaged,disengaged,0.65,face_too_small
2026-06-17T22:35:44.437,5.6,55.135,0.019,0.043,61.301,disengaged,disengaged,0.65,face_too_small
2026-06-17T22:35:44.510,3.385,58.588,0.02,0.042,62.694,disengaged,disengaged,0.65,face_too_small
2026-06-17T22:35:44.581,3.581,53.389,0.02,0.044,57.631,disengaged,disengaged,0.65,face_too_small
2026-06-17T22:35:44.666,3.404,60.09,0.02,0.054,64.236,engaged,engaged,0.653,face_centered
2026-06-17T22:35:44.746,5.334,61.472,0.032,0.078,67.447,engaged,engaged,0.653,face_centered
2026-06-17T22:35:44.819,3.641,59.195,0.014,0.038,63.599,engaged,engaged,0.65,face_centered
2026-06-17T22:35:44.884,3.696,51.197,0.018,0.042,55.539,disengaged,disengaged,0.65,face_too_small
2026-06-17T22:35:44.974,3.218,67.384,0.025,0.053,71.285,disengaged,disengaged,0.65,face_too_small
2026-06-17T22:35:45.049,13.612,50.848,0.03,0.043,65.088,disengaged,disengaged,0.65,face_too_small
2026-06-17T22:35:45.119,4.991,61.67,0.026,0.043,67.258,disengaged,disengaged,0.65,face_too_small
2026-06-17T22:35:45.188,3.519,49.93,0.02,0.05,54.101,disengaged,disengaged,0.65,face_too_small
2026-06-17T22:35:45.258,4.394,49.308,0.024,0.05,54.754,disengaged,disengaged,0.65,face_too_small
2026-06-17T22:35:45.328,5.285,56.017,0.02,0.045,61.871,disengaged,disengaged,0.65,face_too_small
2026-06-17T22:35:45.398,3.802,55.359,0.015,0.034,59.774,disengaged,disengaged,0.65,face_too_small
2026-06-17T22:35:45.462,3.576,51.005,0.02,0.046,55.307,disengaged,disengaged,0.65,face_too_small
2026-06-17T22:35:45.533,5.362,55.807,0.019,0.042,61.888,disengaged,disengaged,0.65,face_too_small
2026-06-17T22:35:45.615,5.328,66.855,0.015,0.034,72.906,disengaged,disengaged,0.65,face_too_small
2026-06-17T22:35:45.681,3.391,54.028,0.03,0.065,57.985,disengaged,disengaged,0.65,face_too_small
2026-06-17T22:35:45.759,3.75,57.388,0.018,0.039,61.785,disengaged,disengaged,0.65,face_too_small
2026-06-17T22:35:45.844,6.6,63.295,0.02,0.043,70.802,disengaged,disengaged,0.65,face_too_small
2026-06-17T22:35:45.912,3.811,57.628,0.016,0.035,62.2,disengaged,disengaged,0.65,face_too_small
2026-06-17T22:35:45.997,3.383,65.266,0.05,0.061,69.338,disengaged,absent,0.0,no_face_detected
2026-06-17T22:35:46.068,5.313,56.474,0.02,0.042,62.455,disengaged,disengaged,0.65,face_too_small
2026-06-17T22:35:46.155,22.368,58.14,0.021,0.055,81.158,engaged,engaged,0.665,face_centered
2026-06-17T22:35:46.241,5.438,68.83,0.014,0.035,74.871,engaged,engaged,0.665,face_centered
2026-06-17T22:35:46.323,3.726,64.509,0.025,0.046,69.073,disengaged,disengaged,0.65,face_too_small
2026-06-17T22:35:46.405,3.479,66.945,0.032,0.049,71.091,disengaged,absent,0.0,no_face_detected
2026-06-17T22:35:46.477,3.496,58.86,0.034,0.042,62.966,disengaged,disengaged,0.65,face_too_small
2026-06-17T22:35:46.550,3.504,56.767,0.031,0.071,60.899,disengaged,disengaged,0.65,face_too_small
2026-06-17T22:35:46.645,5.847,74.505,0.034,0.066,81.024,disengaged,disengaged,0.65,face_too_small
2026-06-17T22:35:46.726,3.639,72.118,0.016,0.037,76.381,disengaged,disengaged,0.65,face_too_small
2026-06-17T22:35:46.813,3.405,67.733,0.017,0.037,71.758,disengaged,disengaged,0.65,face_too_small
2026-06-17T22:35:46.896,5.03,67.553,0.018,0.035,73.289,disengaged,disengaged,0.65,face_too_small
2026-06-17T22:35:46.976,3.554,63.278,0.025,0.055,67.646,disengaged,disengaged,0.65,face_too_small
2026-06-17T22:35:47.062,7.882,62.473,0.032,0.069,71.236,disengaged,disengaged,0.65,face_too_small
2026-06-17T22:35:47.146,6.0,68.023,0.023,0.052,74.859,disengaged,disengaged,0.65,face_too_small
2026-06-17T22:35:47.219,3.846,59.288,0.032,0.071,63.799,disengaged,disengaged,0.65,face_too_small
2026-06-17T22:35:47.295,3.404,61.102,0.018,0.039,65.148,disengaged,disengaged,0.65,face_too_small
2026-06-17T22:35:47.366,4.112,55.811,0.029,0.064,60.689,disengaged,disengaged,0.65,face_too_small
2026-06-17T22:35:47.447,5.991,55.591,0.032,0.064,62.357,disengaged,disengaged,0.65,face_too_small
2026-06-17T22:35:47.539,33.678,52.856,0.017,0.039,87.29,disengaged,disengaged,0.65,face_too_small
2026-06-17T22:35:47.616,5.427,57.279,0.071,0.179,63.546,disengaged,disengaged,0.65,face_too_small
2026-06-17T22:35:47.678,3.416,51.163,0.031,0.06,55.256,disengaged,disengaged,0.65,face_too_small
2026-06-17T22:35:47.744,4.595,51.66,0.016,0.037,56.868,disengaged,disengaged,0.65,face_too_small
2026-06-17T22:35:47.821,5.994,55.175,0.021,0.047,61.882,disengaged,disengaged,0.65,face_too_small
2026-06-17T22:35:47.881,3.271,45.848,0.017,0.038,49.625,disengaged,disengaged,0.65,face_too_small
2026-06-17T22:35:47.948,3.363,50.828,0.017,0.038,54.827,disengaged,disengaged,0.65,face_too_small
2026-06-17T22:35:48.014,3.693,53.248,0.023,0.049,57.564,disengaged,disengaged,0.65,face_too_small
2026-06-17T22:35:48.088,3.502,52.72,0.034,0.088,56.938,disengaged,disengaged,0.65,face_too_small
2026-06-17T22:35:48.154,3.431,50.208,0.016,0.039,54.277,disengaged,disengaged,0.65,face_too_small
2026-06-17T22:35:48.222,4.271,51.721,0.029,0.062,56.798,disengaged,disengaged,0.65,face_too_small
2026-06-17T22:35:48.294,5.456,58.887,0.014,0.034,65.183,engaged,engaged,0.669,face_centered
2026-06-17T22:35:48.376,3.61,58.193,0.125,0.219,62.785,disengaged,absent,0.0,no_face_detected
2026-06-17T22:35:48.450,3.441,53.497,0.034,0.079,57.555,disengaged,absent,0.0,no_face_detected
2026-06-17T22:35:48.525,5.16,53.226,0.023,0.052,59.041,disengaged,absent,0.0,no_face_detected
2026-06-17T22:35:48.594,3.5,58.388,0.022,0.044,62.507,disengaged,absent,0.0,no_face_detected
2026-06-17T22:35:48.661,3.732,50.268,0.019,0.042,54.643,disengaged,absent,0.0,no_face_detected
2026-06-17T22:35:48.726,3.423,48.182,0.044,0.082,52.232,disengaged,absent,0.0,no_face_detected
2026-06-17T22:35:48.819,34.008,48.368,0.033,0.075,83.079,disengaged,absent,0.0,no_face_detected
2026-06-17T22:35:48.895,5.304,61.157,0.026,0.053,67.227,disengaged,absent,0.0,no_face_detected
2026-06-17T22:35:48.966,4.231,54.79,0.048,0.233,60.04,disengaged,absent,0.0,no_face_detected
2026-06-17T22:35:49.035,3.398,52.521,0.02,0.041,56.547,disengaged,absent,0.0,no_face_detected
2026-06-17T22:35:49.110,5.197,59.08,0.025,0.055,65.048,disengaged,absent,0.0,no_face_detected
2026-06-17T22:35:49.183,3.558,55.072,0.04,0.076,59.18,disengaged,absent,0.0,no_face_detected
2026-06-17T22:35:49.257,3.291,58.394,0.031,0.067,62.316,disengaged,absent,0.0,no_face_detected
2026-06-17T22:35:49.323,4.216,51.564,0.033,0.079,56.439,disengaged,absent,0.0,no_face_detected
2026-06-17T22:35:49.396,5.456,59.058,0.044,0.09,65.696,disengaged,disengaged,0.753,face_left_or_right+face_too_small
2026-06-17T22:35:49.475,3.334,62.872,0.029,0.052,66.881,disengaged,absent,0.0,no_face_detected
2026-06-17T22:35:49.535,4.021,44.991,0.024,0.052,49.574,disengaged,absent,0.0,no_face_detected
2026-06-17T22:35:49.605,4.449,52.91,0.063,0.113,58.145,disengaged,absent,0.0,no_face_detected
2026-06-17T22:35:49.670,5.396,50.267,0.03,0.06,56.358,disengaged,absent,0.0,no_face_detected
2026-06-17T22:35:49.732,3.822,47.656,0.031,0.068,52.233,disengaged,absent,0.0,no_face_detected
2026-06-17T22:35:49.798,5.348,53.59,0.022,0.049,59.504,disengaged,absent,0.0,no_face_detected
2026-06-17T22:35:49.869,3.537,50.073,0.036,0.071,54.299,disengaged,absent,0.0,no_face_detected
2026-06-17T22:35:49.941,3.499,52.443,0.023,0.05,56.624,disengaged,absent,0.0,no_face_detected
2026-06-17T22:35:50.021,5.707,61.686,0.039,0.051,68.338,disengaged,absent,0.0,no_face_detected
2026-06-17T22:35:50.103,3.261,65.965,0.027,0.051,69.832,disengaged,absent,0.0,no_face_detected
2026-06-17T22:35:50.173,3.581,54.818,0.033,0.065,58.893,disengaged,absent,0.0,no_face_detected
2026-06-17T22:35:50.235,3.672,52.311,0.055,0.105,56.637,disengaged,absent,0.0,no_face_detected
2026-06-17T22:35:50.335,23.939,59.052,0.036,0.077,83.609,disengaged,absent,0.0,no_face_detected
2026-06-17T22:35:50.418,5.542,63.637,0.039,0.082,69.87,disengaged,absent,0.0,no_face_detected
2026-06-17T22:35:50.501,5.225,65.144,0.017,0.041,71.002,engaged,engaged,0.75,face_centered
2026-06-17T22:35:50.582,5.406,62.295,0.041,0.064,68.439,disengaged,absent,0.0,no_face_detected
2026-06-17T22:35:50.648,3.463,52.624,0.048,0.105,56.899,disengaged,absent,0.0,no_face_detected
2026-06-17T22:35:50.729,5.306,55.245,0.025,0.063,61.317,disengaged,absent,0.0,no_face_detected
2026-06-17T22:35:50.794,4.777,49.421,0.02,0.043,54.934,engaged,engaged,0.737,face_centered
2026-06-17T22:35:50.871,3.926,59.132,0.028,0.065,63.955,disengaged,absent,0.0,no_face_detected
2026-06-17T22:35:50.936,3.546,51.807,0.027,0.066,55.922,disengaged,absent,0.0,no_face_detected
2026-06-17T22:35:51.014,15.854,50.513,0.037,0.066,67.168,disengaged,absent,0.0,no_face_detected
2026-06-17T22:35:51.089,5.292,57.441,0.033,0.078,63.431,disengaged,absent,0.0,no_face_detected
2026-06-17T22:35:51.165,3.445,58.394,0.049,0.22,62.719,disengaged,absent,0.0,no_face_detected
2026-06-17T22:35:51.239,3.562,59.511,0.055,0.113,63.757,disengaged,absent,0.0,no_face_detected
2026-06-17T22:35:51.316,4.377,55.336,0.048,0.047,60.36,disengaged,absent,0.0,no_face_detected
2026-06-17T22:35:51.397,3.496,66.713,0.02,0.055,70.922,disengaged,absent,0.0,no_face_detected
2026-06-17T22:35:51.476,3.339,64.861,0.021,0.041,68.938,disengaged,absent,0.0,no_face_detected
2026-06-17T22:35:51.548,3.48,56.001,0.078,0.096,60.217,disengaged,absent,0.0,no_face_detected
2026-06-17T22:35:51.623,3.366,54.488,0.042,0.105,58.682,disengaged,absent,0.0,no_face_detected
2026-06-17T22:35:51.728,38.401,57.52,0.023,0.048,96.636,disengaged,absent,0.0,no_face_detected
2026-06-17T22:35:51.800,3.558,55.548,0.027,0.063,59.859,disengaged,absent,0.0,no_face_detected
2026-06-17T22:35:51.882,4.945,65.839,0.057,0.106,71.422,disengaged,absent,0.0,no_face_detected
2026-06-17T22:35:51.959,3.833,62.376,0.017,0.038,66.779,disengaged,disengaged,0.724,face_high_or_low+face_too_small
2026-06-17T22:35:52.031,3.943,55.946,0.045,0.047,60.668,disengaged,absent,0.0,no_face_detected
2026-06-17T22:35:52.100,5.874,53.981,0.06,0.121,60.626,disengaged,absent,0.0,no_face_detected
2026-06-17T22:35:52.175,3.299,61.243,0.027,0.052,65.248,disengaged,absent,0.0,no_face_detected
2026-06-17T22:35:52.238,3.919,47.898,0.026,0.055,52.578,disengaged,absent,0.0,no_face_detected
2026-06-17T22:35:52.308,5.066,53.457,0.031,0.057,59.37,disengaged,absent,0.0,no_face_detected
2026-06-17T22:35:52.369,3.354,51.989,0.073,0.06,56.066,disengaged,absent,0.0,no_face_detected
2026-06-17T22:35:52.436,4.463,50.79,0.022,0.048,55.935,disengaged,absent,0.0,no_face_detected
2026-06-17T22:35:52.511,3.511,53.648,0.053,0.052,57.887,disengaged,absent,0.0,no_face_detected
2026-06-17T22:35:52.594,5.308,60.813,0.022,0.043,66.731,disengaged,absent,0.0,no_face_detected
2026-06-17T22:35:52.666,5.769,58.786,0.026,0.065,65.366,disengaged,absent,0.0,no_face_detected
2026-06-17T22:35:52.732,3.578,52.243,0.039,0.115,56.545,disengaged,absent,0.0,no_face_detected
2026-06-17T22:35:52.812,9.805,52.311,0.029,0.066,63.049,disengaged,absent,0.0,no_face_detected
2026-06-17T22:35:52.881,5.506,53.53,0.052,0.141,59.813,disengaged,absent,0.0,no_face_detected
2026-06-17T22:35:52.955,4.851,58.35,0.093,0.13,64.026,disengaged,absent,0.0,no_face_detected
2026-06-17T22:35:53.029,5.655,48.234,0.037,0.066,54.508,disengaged,absent,0.0,no_face_detected
2026-06-17T22:35:53.097,6.37,55.17,0.02,0.047,62.405,disengaged,absent,0.0,no_face_detected
2026-06-17T22:35:53.173,4.308,60.95,0.036,0.111,65.898,disengaged,absent,0.0,no_face_detected
2026-06-17T22:35:53.248,4.162,55.615,0.043,0.088,60.585,disengaged,absent,0.0,no_face_detected
2026-06-17T22:35:53.310,3.173,51.056,0.045,0.069,54.97,disengaged,absent,0.0,no_face_detected
2026-06-17T22:35:53.396,25.845,52.427,0.019,0.042,79.416,disengaged,absent,0.0,no_face_detected
2026-06-17T22:35:53.469,3.478,58.433,0.054,0.043,62.532,disengaged,absent,0.0,no_face_detected
2026-06-17T22:35:53.534,3.4,49.004,0.038,0.072,53.079,disengaged,absent,0.0,no_face_detected
2026-06-17T22:35:53.603,9.796,55.766,0.052,0.061,66.169,disengaged,absent,0.0,no_face_detected
2026-06-17T22:35:53.678,5.369,58.329,0.021,0.044,64.232,disengaged,absent,0.0,no_face_detected
2026-06-17T22:35:53.753,4.864,55.618,0.029,0.058,60.987,disengaged,absent,0.0,no_face_detected
2026-06-17T22:35:53.826,3.278,56.293,0.056,0.09,60.262,disengaged,absent,0.0,no_face_detected
2026-06-17T22:35:53.895,4.862,51.271,0.029,0.058,56.872,disengaged,absent,0.0,no_face_detected
2026-06-17T22:35:53.988,5.602,76.353,0.017,0.044,82.702,disengaged,disengaged,0.724,face_high_or_low+face_too_small
2026-06-17T22:35:54.058,3.433,57.462,0.03,0.039,61.568,engaged,engaged,0.727,face_centered
2026-06-17T22:35:54.155,3.944,77.937,0.026,0.053,82.461,disengaged,absent,0.0,no_face_detected
2026-06-17T22:35:54.222,3.447,54.412,0.023,0.053,58.525,disengaged,absent,0.0,no_face_detected
2026-06-17T22:35:54.295,9.887,52.267,0.04,0.087,63.008,disengaged,absent,0.0,no_face_detected
2026-06-17T22:35:54.364,5.013,52.807,0.031,0.072,58.433,disengaged,absent,0.0,no_face_detected
2026-06-17T22:35:54.424,3.679,49.122,0.03,0.052,53.45,disengaged,absent,0.0,no_face_detected
2026-06-17T22:35:54.504,16.463,55.263,0.06,0.158,72.443,disengaged,absent,0.0,no_face_detected
2026-06-17T22:35:54.579,5.311,55.78,0.036,0.083,61.75,disengaged,absent,0.0,no_face_detected
2026-06-17T22:35:54.649,3.489,53.035,0.02,0.054,57.232,engaged,engaged,0.812,face_centered
2026-06-17T22:35:54.724,3.397,65.641,0.017,0.047,69.797,engaged,engaged,0.844,face_centered
2026-06-17T22:35:54.809,4.78,56.785,0.014,0.038,62.167,engaged,engaged,0.878,face_centered
2026-06-17T22:35:54.880,6.724,57.102,0.029,0.067,64.702,engaged,engaged,0.878,face_centered
2026-06-17T22:35:54.965,5.458,64.681,0.014,0.037,70.517,engaged,engaged,0.91,face_centered
2026-06-17T22:35:55.031,5.142,58.094,0.023,0.057,63.975,engaged,engaged,0.932,face_centered
2026-06-17T22:35:55.104,3.295,58.38,0.015,0.039,62.304,engaged,engaged,0.949,face_centered
2026-06-17T22:35:55.196,17.837,60.001,0.016,0.044,78.535,engaged,engaged,0.964,face_centered
2026-06-17T22:35:55.281,5.282,68.777,0.015,0.041,74.843,engaged,engaged,0.964,face_centered
2026-06-17T22:35:55.365,3.538,64.286,0.015,0.04,68.328,engaged,engaged,0.974,face_centered
2026-06-17T22:35:55.432,3.136,61.185,0.026,0.099,65.027,engaged,engaged,0.965,face_centered
2026-06-17T22:35:55.515,3.965,60.62,0.018,0.046,65.297,engaged,engaged,0.96,face_centered
2026-06-17T22:35:55.601,3.983,66.024,0.019,0.051,70.682,engaged,engaged,0.96,face_centered
2026-06-17T22:35:55.686,5.409,64.014,0.016,0.04,69.873,engaged,engaged,0.957,face_centered
2026-06-17T22:35:55.771,3.568,77.167,0.016,0.04,81.271,engaged,engaged,0.954,face_centered
2026-06-17T22:35:55.854,3.542,66.909,0.014,0.121,71.65,engaged,engaged,0.95,face_centered
2026-06-17T22:35:56.004,3.324,133.8,0.026,0.065,137.837,engaged,engaged,0.945,face_centered
2026-06-17T22:35:56.250,32.676,167.289,0.022,0.057,202.207,engaged,engaged,0.927,face_centered
2026-06-17T22:35:56.399,7.143,122.819,0.032,0.083,130.664,engaged,engaged,0.911,face_centered
2026-06-17T22:35:56.543,14.947,109.721,0.023,0.053,125.443,engaged,engaged,0.908,face_centered
2026-06-17T22:35:56.693,6.386,123.494,0.025,0.066,130.729,engaged,engaged,0.907,face_centered
2026-06-17T22:35:56.910,7.841,195.346,0.029,0.085,204.191,engaged,engaged,0.904,face_centered
2026-06-17T22:35:57.049,9.842,99.304,0.023,0.058,109.944,engaged,engaged,0.902,face_centered
2026-06-17T23:09:24.659,0,325.0,756.818,5.313,0.02,0.038,1087.238,0.92,idle,1.594,engaged,0.777,face_centered,engaged,0.777,face_centered,"(606, 336, 280, 280)",0.0851,1,1,0.462,1,0,0
2026-06-17T23:09:24.986,1,19.276,88.558,0.102,0.04,0.062,109.32,1.74,idle,1.922,absent,0.0,no_face_detected,absent,0.0,unstable_window_no_face_detected,,0.0,0,0,0.0,0,0,1
2026-06-17T23:09:25.115,2,9.172,87.975,0.163,0.04,0.064,98.678,2.58,disengaged,0.0,absent,0.0,no_face_detected,disengaged,0.0,no_face_detected,"(606, 336, 280, 280)",0.0851,0,0,0.462,0,1,0
2026-06-17T23:09:25.219,3,6.075,83.227,0.273,0.052,0.065,90.337,3.43,disengaged,0.11,absent,0.0,no_face_detected,absent,0.0,no_face_detected,,0.0,0,0,0.0,0,0,1
2026-06-17T23:09:25.333,4,5.826,88.268,0.138,0.024,0.037,95.06,4.14,disengaged,0.235,engaged,0.807,face_centered,disengaged,0.0,no_face_detected,"(604, 344, 245, 245)",0.0651,1,1,0.784,0,1,0
2026-06-17T23:09:25.429,5,5.88,79.431,0.116,0.024,0.042,86.729,4.88,disengaged,0.328,absent,0.0,no_face_detected,disengaged,0.0,no_face_detected,"(604, 344, 245, 245)",0.0651,0,0,0.784,0,2,0
2026-06-17T23:09:25.540,6,5.658,87.661,0.189,0.043,0.069,94.907,5.44,disengaged,0.438,absent,0.0,no_face_detected,disengaged,0.0,no_face_detected,"(604, 344, 245, 245)",0.0651,0,0,0.784,0,3,0
2026-06-17T23:09:25.654,7,7.181,93.386,0.134,0.037,0.05,101.474,5.89,disengaged,0.547,engaged,0.799,face_centered,disengaged,0.0,no_face_detected,"(612, 351, 224, 224)",0.0544,1,1,0.787,0,4,0
2026-06-17T23:09:25.767,8,7.783,88.908,0.139,0.034,0.044,97.958,6.32,disengaged,0.656,absent,0.0,no_face_detected,disengaged,0.0,no_face_detected,"(612, 351, 224, 224)",0.0544,0,0,0.787,0,5,0
2026-06-17T23:09:25.901,9,11.145,107.856,0.105,0.033,0.069,119.978,6.52,disengaged,0.797,engaged,0.81,face_centered,engaged,0.55,unstable_window_face_centered,"(609, 341, 241, 241)",0.063,2,1,0.821,1,0,0
2026-06-17T23:09:26.014,10,4.547,88.6,0.086,0.035,0.059,94.297,6.93,disengaged,0.906,absent,0.0,no_face_detected,absent,0.0,unstable_window_no_face_detected,,0.0,0,0,0.0,0,0,1
2026-06-17T23:09:26.116,11,3.95,86.126,0.113,0.023,0.035,91.233,7.33,disengaged,1.016,disengaged,0.578,face_left_or_right,disengaged,0.578,face_left_or_right,"(137, 426, 226, 226)",0.0554,3,1,0.367,0,1,0
2026-06-17T23:09:26.224,12,4.095,90.184,0.104,0.023,0.043,95.181,7.65,disengaged,1.125,absent,0.0,no_face_detected,disengaged,0.578,face_left_or_right,"(137, 426, 226, 226)",0.0554,0,0,0.367,0,2,0
2026-06-17T23:09:26.319,13,6.324,77.111,0.557,0.047,0.082,84.95,8.06,disengaged,1.219,absent,0.0,no_face_detected,disengaged,0.578,face_left_or_right,"(137, 426, 226, 226)",0.0554,0,0,0.367,0,3,0
2026-06-17T23:09:26.412,14,4.005,81.654,0.152,0.025,0.049,86.717,8.41,disengaged,1.313,absent,0.0,no_face_detected,disengaged,0.578,face_left_or_right,"(137, 426, 226, 226)",0.0554,0,0,0.367,0,4,0
2026-06-17T23:09:26.509,15,4.169,76.659,0.097,0.022,0.037,81.734,8.79,disengaged,1.406,absent,0.0,no_stable_face_candidate,disengaged,0.578,face_left_or_right,"(137, 426, 226, 226)",0.0554,1,0,0.367,0,5,0
2026-06-17T23:09:26.603,16,5.83,77.824,0.117,0.085,0.123,84.846,9.09,disengaged,1.5,absent,0.0,no_face_detected,absent,0.0,no_face_detected,,0.0,0,0,0.0,0,0,1
2026-06-17T23:09:26.704,17,6.099,79.7,0.189,0.058,0.069,87.007,9.33,disengaged,1.594,absent,0.0,no_face_detected,absent,0.0,no_face_detected,,0.0,0,0,0.0,0,0,2
2026-06-17T23:09:26.803,18,4.09,75.103,0.78,0.045,0.118,80.953,9.63,disengaged,1.703,absent,0.0,no_face_detected,absent,0.0,no_face_detected,,0.0,0,0,0.0,0,0,3
2026-06-17T23:09:26.906,19,4.192,80.784,0.138,0.038,0.045,85.735,9.84,disengaged,1.797,disengaged,0.673,face_left_or_right+face_high_or_low+face_too_small,absent,0.0,no_face_detected,"(257, 56, 107, 107)",0.0124,1,1,0.054,0,0,4
2026-06-17T23:09:27.006,20,4.223,82.059,0.13,0.224,0.054,87.43,10.0,disengaged,1.906,absent,0.0,no_face_detected,absent,0.0,no_face_detected,,0.0,0,0,0.0,0,0,5
2026-06-17T23:09:27.093,21,5.99,68.855,0.297,0.023,0.039,76.178,10.31,disengaged,1.985,absent,0.0,no_face_detected,absent,0.0,no_face_detected,,0.0,0,0,0.0,0,0,6
2026-06-17T23:09:27.176,22,6.343,72.332,0.191,0.023,0.039,80.054,10.53,disengaged,2.063,absent,0.0,no_face_detected,absent,0.0,no_face_detected,,0.0,0,0,0.0,0,0,7
2026-06-17T23:09:27.272,23,6.126,77.981,0.254,0.05,0.037,85.23,10.65,disengaged,2.172,absent,0.0,no_face_detected,absent,0.0,no_face_detected,,0.0,0,0,0.0,0,0,8
2026-06-17T23:09:27.373,24,5.853,76.863,0.098,0.029,0.036,83.788,10.78,disengaged,2.266,absent,0.0,no_face_detected,absent,0.0,no_face_detected,,0.0,0,0,0.0,0,0,9
2026-06-17T23:09:27.456,25,4.317,66.702,0.108,0.028,0.042,71.999,11.09,disengaged,2.344,absent,0.0,no_stable_face_candidate,absent,0.0,no_face_detected,,0.0,1,0,0.0,0,0,10
2026-06-17T23:09:27.540,26,3.774,71.014,0.218,0.021,0.036,75.474,11.3,disengaged,2.438,absent,0.0,no_face_detected,absent,0.0,no_face_detected,,0.0,0,0,0.0,0,0,11
2026-06-17T23:09:27.624,27,5.313,72.904,0.124,0.025,0.038,79.192,11.44,idle,0.0,absent,0.0,no_face_detected,absent,0.0,no_face_detected,,0.0,0,0,0.0,0,0,12
2026-06-17T23:09:27.724,28,3.984,78.589,0.105,0.022,0.043,83.562,11.49,idle,0.109,absent,0.0,no_face_detected,absent,0.0,no_face_detected,,0.0,0,0,0.0,0,0,13
2026-06-17T23:09:27.814,29,4.357,75.798,0.129,0.021,0.04,81.058,11.57,idle,0.187,absent,0.0,no_face_detected,absent,0.0,no_face_detected,,0.0,0,0,0.0,0,0,14
2026-06-17T23:09:27.896,30,4.019,67.256,0.144,0.085,0.064,72.195,11.8,idle,0.281,absent,0.0,no_face_detected,absent,0.0,no_face_detected,,0.0,0,0,0.0,0,0,15
2026-06-17T23:09:27.974,31,5.405,62.622,0.144,0.033,0.061,68.684,12.08,idle,0.359,absent,0.0,no_face_detected,absent,0.0,no_face_detected,,0.0,0,0,0.0,0,0,16
2026-06-17T23:09:28.056,32,5.634,69.328,0.165,0.019,0.038,75.795,12.19,idle,0.437,absent,0.0,no_face_detected,absent,0.0,no_face_detected,,0.0,0,0,0.0,0,0,17
2026-06-17T23:09:28.135,33,3.945,76.04,0.175,0.041,0.034,80.878,12.21,idle,0.515,absent,0.0,no_stable_face_candidate,absent,0.0,no_face_detected,,0.0,1,0,0.0,0,0,18
2026-06-17T23:09:28.237,34,3.836,82.507,0.138,0.035,0.049,87.079,12.13,idle,0.609,absent,0.0,no_face_detected,absent,0.0,no_face_detected,,0.0,0,0,0.0,0,0,19
2026-06-17T23:09:28.345,35,3.947,84.448,0.082,0.02,0.038,88.951,12.05,idle,0.719,absent,0.0,no_stable_face_candidate,absent,0.0,no_face_detected,,0.0,2,0,0.0,0,0,20
2026-06-17T23:09:28.455,36,3.874,94.788,0.091,0.02,0.039,99.396,11.85,idle,0.828,absent,0.0,no_face_detected,absent,0.0,no_face_detected,,0.0,0,0,0.0,0,0,21
2026-06-17T23:09:28.558,37,6.046,82.174,0.125,0.019,0.105,89.003,11.79,idle,0.937,absent,0.0,no_face_detected,absent,0.0,no_face_detected,,0.0,0,0,0.0,0,0,22
2026-06-17T23:09:28.659,38,5.154,89.707,0.121,0.028,0.047,95.95,11.65,idle,1.031,disengaged,0.695,face_left_or_right+face_high_or_low+face_too_small,absent,0.0,no_face_detected,"(202, 60, 130, 130)",0.0183,1,1,0.219,0,0,23
2026-06-17T23:09:28.761,39,3.63,84.095,0.141,0.019,0.04,88.538,11.61,idle,1.14,absent,0.0,no_face_detected,absent,0.0,no_face_detected,,0.0,0,0,0.0,0,0,24
2026-06-17T23:09:28.858,40,3.633,79.426,0.131,0.026,0.049,83.966,11.64,idle,1.234,absent,0.0,no_face_detected,absent,0.0,no_face_detected,,0.0,0,0,0.0,0,0,25
2026-06-17T23:09:28.949,41,4.241,81.886,0.081,0.022,0.031,86.947,11.63,disengaged,0.0,disengaged,0.697,face_left_or_right+face_high_or_low+face_too_small,disengaged,0.696,face_left_or_right+face_high_or_low+face_too_small,"(243, 48, 124, 124)",0.0167,2,1,0.315,0,1,0
2026-06-17T23:09:29.051,42,6.535,80.549,0.111,0.023,0.044,88.084,11.6,disengaged,0.109,absent,0.0,no_face_detected,disengaged,0.696,face_left_or_right+face_high_or_low+face_too_small,"(243, 48, 124, 124)",0.0167,0,0,0.315,0,2,0
2026-06-17T23:09:29.144,43,4.027,77.688,0.216,0.134,0.11,82.886,11.65,disengaged,0.187,absent,0.0,no_face_detected,disengaged,0.696,face_left_or_right+face_high_or_low+face_too_small,"(243, 48, 124, 124)",0.0167,0,0,0.315,0,3,0
2026-06-17T23:09:29.227,44,3.858,67.502,0.132,0.033,0.036,72.423,11.86,disengaged,0.281,absent,0.0,no_stable_face_candidate,disengaged,0.696,face_left_or_right+face_high_or_low+face_too_small,"(243, 48, 124, 124)",0.0167,1,0,0.315,0,4,0
2026-06-17T23:09:29.309,45,4.628,70.534,0.111,0.03,0.048,76.105,11.99,disengaged,0.359,absent,0.0,no_face_detected,absent,0.0,no_face_detected,,0.0,0,0,0.0,0,0,1
2026-06-17T23:09:29.390,46,4.828,63.867,0.203,0.041,0.066,69.453,12.23,disengaged,0.437,absent,0.0,no_face_detected,absent,0.0,no_face_detected,,0.0,0,0,0.0,0,0,2
2026-06-17T23:09:29.479,47,3.99,65.805,0.222,0.032,0.055,70.635,12.42,disengaged,0.531,absent,0.0,no_face_detected,absent,0.0,no_face_detected,,0.0,0,0,0.0,0,0,3
2026-06-17T23:09:29.570,48,7.776,68.751,0.2,0.043,0.17,78.343,12.46,disengaged,0.625,absent,0.0,no_face_detected,absent,0.0,no_face_detected,,0.0,0,0,0.0,0,0,4
2026-06-17T23:09:29.659,49,5.962,75.016,0.098,0.022,0.039,82.983,12.42,disengaged,0.703,absent,0.0,no_face_detected,absent,0.0,no_face_detected,,0.0,0,0,0.0,0,0,5
2026-06-17T23:09:29.747,50,3.709,71.956,0.13,0.035,0.044,76.641,12.48,disengaged,0.797,disengaged,0.695,face_high_or_low+face_too_small,absent,0.0,no_face_detected,"(391, 574, 117, 117)",0.0149,1,1,0.202,0,0,6
2026-06-17T23:09:29.839,51,4.405,75.293,0.104,0.024,0.041,80.786,12.47,disengaged,0.891,absent,0.0,no_face_detected,absent,0.0,no_face_detected,,0.0,0,0,0.0,0,0,7
2026-06-17T23:09:29.937,52,5.064,79.367,0.11,0.03,0.044,85.461,12.39,disengaged,0.984,absent,0.0,no_stable_face_candidate,absent,0.0,no_face_detected,,0.0,1,0,0.0,0,0,8
2026-06-17T23:09:30.024,53,6.582,71.842,0.092,0.024,0.04,79.402,12.41,disengaged,1.078,absent,0.0,no_face_detected,absent,0.0,no_face_detected,,0.0,0,0,0.0,0,0,9
2026-06-17T23:09:30.126,54,3.924,81.409,0.21,0.039,0.068,86.443,12.33,disengaged,1.172,absent,0.0,no_face_detected,absent,0.0,no_face_detected,,0.0,0,0,0.0,0,0,10
2026-06-17T23:09:30.217,55,5.665,75.668,0.138,0.033,0.052,82.405,12.31,disengaged,1.266,absent,0.0,no_stable_face_candidate,absent,0.0,no_face_detected,,0.0,1,0,0.0,0,0,11
2026-06-17T23:09:30.307,56,3.787,75.027,0.103,0.023,0.035,79.727,12.33,idle,0.0,absent,0.0,no_face_detected,absent,0.0,no_face_detected,,0.0,0,0,0.0,0,0,12
2026-06-17T23:09:30.411,57,3.895,91.391,0.176,0.037,0.05,96.219,12.14,idle,0.11,absent,0.0,no_face_detected,absent,0.0,no_face_detected,,0.0,0,0,0.0,0,0,13
2026-06-17T23:09:30.506,58,3.923,79.503,0.127,0.033,0.039,84.258,12.11,idle,0.203,absent,0.0,no_face_detected,absent,0.0,no_face_detected,,0.0,0,0,0.0,0,0,14
2026-06-17T23:09:30.600,59,4.885,76.476,0.282,0.031,0.05,82.288,12.12,idle,0.297,disengaged,0.578,face_high_or_low,absent,0.0,no_face_detected,"(269, 12, 145, 145)",0.0228,1,1,0.193,0,0,15
2026-06-17T23:09:30.703,60,3.474,87.356,0.091,0.021,0.036,91.732,11.99,idle,0.391,absent,0.0,no_stable_face_candidate,absent,0.0,no_face_detected,,0.0,1,0,0.0,0,0,16
2026-06-17T23:09:30.800,61,3.795,82.302,0.153,0.02,0.04,87.122,11.94,idle,0.485,absent,0.0,no_face_detected,absent,0.0,no_face_detected,,0.0,0,0,0.0,0,0,17
2026-06-17T23:09:30.917,62,5.738,98.011,0.162,0.038,0.076,104.742,11.7,idle,0.61,absent,0.0,no_face_detected,absent,0.0,no_face_detected,,0.0,0,0,0.0,0,0,18
2026-06-17T23:09:31.024,63,6.03,86.507,0.098,0.028,0.031,93.746,11.6,idle,0.719,disengaged,0.648,face_too_small,disengaged,0.613,face_high_or_low,"(621, 387, 135, 135)",0.0198,1,1,0.35,0,1,0
2026-06-17T23:09:31.124,64,5.622,77.846,0.137,0.031,0.061,84.404,11.62,disengaged,0.0,absent,0.0,no_face_detected,disengaged,0.613,face_high_or_low,"(621, 387, 135, 135)",0.0198,0,0,0.35,0,2,0
2026-06-17T23:09:31.230,65,4.667,90.237,0.191,0.049,0.079,96.375,11.5,disengaged,0.109,absent,0.0,no_face_detected,disengaged,0.613,face_high_or_low,"(621, 387, 135, 135)",0.0198,0,0,0.35,0,3,0
2026-06-17T23:09:31.328,66,3.871,80.045,0.12,0.025,0.044,84.874,11.53,disengaged,0.203,absent,0.0,no_face_detected,absent,0.0,no_face_detected,,0.0,0,0,0.0,0,0,1
2026-06-17T23:09:31.422,67,4.073,80.145,0.144,0.038,0.056,85.142,11.55,disengaged,0.297,absent,0.0,no_stable_face_candidate,absent,0.0,no_face_detected,,0.0,1,0,0.0,0,0,2
2026-06-17T23:09:31.515,68,4.602,73.358,0.143,0.036,0.063,78.984,11.66,disengaged,0.39,absent,0.0,no_face_detected,absent,0.0,no_face_detected,,0.0,0,0,0.0,0,0,3
2026-06-17T23:09:31.611,69,4.168,79.599,0.104,0.025,0.058,84.583,11.68,disengaged,0.484,absent,0.0,no_face_detected,absent,0.0,no_face_detected,,0.0,0,0,0.0,0,0,4
2026-06-17T23:09:31.707,70,3.711,79.215,0.422,0.069,0.112,84.372,11.69,disengaged,0.578,absent,0.0,no_face_detected,absent,0.0,no_face_detected,,0.0,0,0,0.0,0,0,5
2026-06-17T23:09:31.809,71,4.081,84.25,0.077,0.022,0.029,89.708,11.64,disengaged,0.687,engaged,0.797,face_centered,absent,0.0,no_face_detected,"(586, 357, 233, 233)",0.0589,1,1,0.588,0,0,6
2026-06-17T23:09:31.919,72,3.939,91.641,0.084,0.022,0.029,96.373,11.51,disengaged,0.797,engaged,0.821,face_centered,disengaged,0.0,no_face_detected,"(586, 351, 233, 233)",0.0589,1,1,0.821,0,1,0
2026-06-17T23:09:32.026,73,4.826,89.554,0.146,0.033,0.051,95.283,11.41,disengaged,0.906,absent,0.0,no_face_detected,disengaged,0.0,no_face_detected,"(586, 351, 233, 233)",0.0589,0,0,0.821,0,2,0
2026-06-17T23:09:32.122,74,6.34,83.218,0.063,0.022,0.041,90.609,11.37,disengaged,1.0,engaged,0.829,face_centered,engaged,0.55,unstable_window_face_centered,"(577, 349, 235, 235)",0.0599,2,2,0.822,1,0,0
2026-06-17T23:09:32.227,75,4.351,84.826,0.071,0.023,0.037,90.162,11.35,disengaged,1.109,absent,0.0,no_stable_face_candidate,absent,0.0,unstable_window_no_stable_face_candidate,,0.0,1,0,0.0,0,0,1
2026-06-17T23:09:32.324,76,4.654,77.471,0.064,0.022,0.036,82.668,11.42,disengaged,1.203,absent,0.0,no_stable_face_candidate,absent,0.0,unstable_window_no_stable_face_candidate,,0.0,1,0,0.0,0,0,2
2026-06-17T23:09:32.415,77,4.624,80.918,0.163,0.066,0.056,86.629,11.43,disengaged,1.297,absent,0.0,no_stable_face_candidate,absent,0.0,unstable_window_no_stable_face_candidate,,0.0,1,0,0.0,0,0,3
2026-06-17T23:09:32.509,78,4.766,74.794,0.258,0.028,0.065,80.349,11.53,disengaged,1.39,absent,0.0,no_face_detected,disengaged,0.0,no_stable_face_candidate,"(577, 349, 235, 235)",0.0599,0,0,0.822,0,1,0
2026-06-17T23:09:32.602,79,4.492,81.771,0.125,0.028,0.052,87.076,11.53,disengaged,1.484,absent,0.0,no_face_detected,absent,0.0,no_face_detected,,0.0,0,0,0.0,0,0,1
2026-06-17T23:09:32.703,80,4.169,85.063,0.115,0.032,0.052,89.951,11.49,disengaged,1.578,absent,0.0,no_face_detected,absent,0.0,no_stable_face_candidate,,0.0,0,0,0.0,0,0,2
2026-06-17T23:09:32.795,81,3.911,81.636,0.071,0.021,0.028,86.376,11.5,disengaged,1.672,engaged,0.838,face_centered,absent,0.0,no_stable_face_candidate,"(571, 345, 236, 236)",0.0604,2,2,0.833,0,0,3
2026-06-17T23:09:32.900,82,5.602,85.199,0.123,0.039,0.045,91.508,11.44,disengaged,1.781,engaged,0.847,face_centered,disengaged,0.0,no_face_detected,"(568, 338, 244, 244)",0.0646,1,1,0.856,0,1,0
2026-06-17T23:09:32.997,83,3.516,86.77,0.044,0.014,0.026,91.058,11.39,disengaged,1.875,engaged,0.841,face_centered,engaged,0.55,unstable_window_face_centered,"(573, 340, 236, 236)",0.0604,2,1,0.841,1,0,0
2026-06-17T23:09:33.103,84,3.812,84.974,0.079,0.02,0.03,89.52,11.37,engaged,0.0,engaged,0.842,face_centered,engaged,0.842,face_centered,"(576, 336, 239, 239)",0.062,2,2,0.843,2,0,0
2026-06-17T23:09:33.206,85,4.284,89.381,0.079,0.019,0.031,95.046,11.29,engaged,0.109,engaged,0.849,face_centered,engaged,0.843,face_centered,"(570, 334, 243, 243)",0.0641,1,1,0.856,3,0,0
2026-06-17T23:09:33.301,86,4.438,78.13,0.079,0.019,0.032,83.41,11.36,engaged,0.218,engaged,0.853,face_centered,engaged,0.845,face_centered,"(567, 333, 249, 249)",0.0673,2,1,0.874,4,0,0
2026-06-17T23:09:33.393,87,3.86,77.336,0.071,0.018,0.032,81.98,11.44,engaged,0.296,engaged,0.851,face_centered,engaged,0.846,face_centered,"(571, 331, 246, 246)",0.0657,2,1,0.863,5,0,0
2026-06-17T23:09:33.493,88,4.854,87.57,0.109,0.019,0.034,93.325,11.37,engaged,0.406,engaged,0.856,face_centered,engaged,0.848,face_centered,"(567, 330, 252, 252)",0.0689,1,1,0.88,6,0,0
2026-06-17T23:09:33.586,89,3.768,78.386,0.223,0.026,0.048,83.182,11.43,engaged,0.5,engaged,0.857,face_centered,engaged,0.85,face_centered,"(567, 330, 252, 252)",0.0689,1,1,0.89,7,0,0
2026-06-17T23:09:33.683,90,3.828,84.637,0.118,0.018,0.029,89.416,11.41,engaged,0.593,engaged,0.855,face_centered,engaged,0.852,face_centered,"(571, 326, 248, 248)",0.0667,1,1,0.864,8,0,0
2026-06-17T23:09:33.785,91,5.601,83.792,0.081,0.02,0.033,90.917,11.37,engaged,0.687,engaged,0.859,face_centered,engaged,0.854,face_centered,"(572, 321, 251, 251)",0.0684,1,1,0.877,9,0,0
2026-06-17T23:09:33.889,92,3.81,86.854,0.119,0.019,0.032,91.442,11.32,engaged,0.796,engaged,0.866,face_centered,engaged,0.856,face_centered,"(572, 313, 255, 255)",0.0706,3,1,0.884,10,0,0
2026-06-17T23:09:33.980,93,3.817,89.669,0.119,0.017,0.029,94.959,11.25,engaged,0.89,engaged,0.865,face_centered,engaged,0.858,face_centered,"(574, 311, 250, 250)",0.0678,1,1,0.878,11,0,0
2026-06-17T23:09:34.087,94,3.916,77.563,0.085,0.028,0.037,82.198,11.34,engaged,1.0,engaged,0.867,face_centered,engaged,0.861,face_centered,"(577, 306, 248, 248)",0.0667,1,1,0.872,12,0,0
2026-06-17T23:09:34.194,95,5.683,88.365,0.116,0.017,0.04,95.406,11.25,engaged,1.109,engaged,0.878,face_centered,engaged,0.864,face_centered,"(575, 296, 254, 254)",0.07,1,1,0.885,13,0,0
2026-06-17T23:09:34.286,96,5.371,76.376,0.259,0.02,0.033,82.579,11.34,engaged,1.203,engaged,0.876,face_centered,engaged,0.866,face_centered,"(578, 295, 247, 247)",0.0662,1,1,0.877,14,0,0
2026-06-17T23:09:34.375,97,3.849,74.989,0.066,0.016,0.027,79.454,11.46,engaged,1.281,engaged,0.875,face_centered,engaged,0.869,face_centered,"(579, 297, 246, 246)",0.0657,1,1,0.885,15,0,0
2026-06-17T23:09:34.465,98,4.36,74.848,0.234,0.194,0.105,80.466,11.56,engaged,1.375,engaged,0.872,face_centered,engaged,0.871,face_centered,"(580, 299, 246, 246)",0.0657,1,1,0.882,16,0,0
2026-06-17T23:09:34.548,99,4.004,73.952,0.079,0.018,0.033,78.497,11.68,engaged,1.453,engaged,0.872,face_centered,engaged,0.872,face_centered,"(580, 299, 249, 249)",0.0673,1,1,0.887,17,0,0
2026-06-17T23:09:34.655,100,3.786,76.446,0.078,0.019,0.031,81.244,11.74,engaged,1.562,engaged,0.867,face_centered,engaged,0.872,face_centered,"(583, 301, 246, 246)",0.0657,2,1,0.88,18,0,0
2026-06-17T23:09:34.765,101,3.815,90.063,0.072,0.016,0.03,94.835,11.62,engaged,1.671,engaged,0.868,face_centered,engaged,0.873,face_centered,"(583, 301, 246, 246)",0.0657,2,1,0.886,19,0,0
2026-06-17T23:09:34.871,102,3.875,92.127,0.091,0.022,0.037,96.964,11.49,engaged,1.781,engaged,0.869,face_centered,engaged,0.871,face_centered,"(582, 301, 247, 247)",0.0662,1,1,0.886,20,0,0
2026-06-17T23:09:34.981,103,5.563,94.728,0.079,0.018,0.032,101.532,11.33,engaged,1.89,engaged,0.87,face_centered,engaged,0.87,face_centered,"(581, 301, 247, 247)",0.0662,2,1,0.886,21,0,0
2026-06-17T23:09:35.095,104,3.746,91.61,0.113,0.027,0.046,96.263,11.23,engaged,2.0,engaged,0.864,face_centered,engaged,0.869,face_centered,"(584, 304, 241, 241)",0.063,2,2,0.871,22,0,0
2026-06-17T23:09:35.195,105,4.567,90.379,0.079,0.019,0.028,95.729,11.15,engaged,2.109,engaged,0.867,face_centered,engaged,0.868,face_centered,"(581, 303, 249, 249)",0.0673,1,1,0.878,23,0,0
2026-06-17T23:09:35.302,106,3.776,87.272,0.117,0.018,0.031,91.711,11.13,engaged,2.218,engaged,0.87,face_centered,engaged,0.868,face_centered,"(579, 303, 251, 251)",0.0684,1,1,0.892,24,0,0
2026-06-17T23:09:35.393,107,4.127,78.568,0.112,0.03,0.036,83.293,11.22,engaged,2.296,engaged,0.864,face_centered,engaged,0.867,face_centered,"(583, 305, 245, 245)",0.0651,2,2,0.875,25,0,0
2026-06-17T23:09:35.489,108,3.7,85.334,0.103,0.017,0.028,89.717,11.21,engaged,2.406,engaged,0.865,face_centered,engaged,0.867,face_centered,"(581, 306, 247, 247)",0.0662,2,1,0.879,26,0,0
2026-06-17T23:09:35.567,109,4.612,75.47,0.083,0.019,0.034,80.689,11.33,engaged,2.484,engaged,0.869,face_centered,engaged,0.867,face_centered,"(578, 304, 252, 252)",0.0689,2,1,0.893,27,0,0
2026-06-17T23:09:35.671,110,4.184,82.382,0.072,0.017,0.03,87.417,11.34,engaged,2.578,engaged,0.871,face_centered,engaged,0.867,face_centered,"(576, 304, 253, 253)",0.0695,1,1,0.896,28,0,0
2026-06-17T23:09:35.791,111,5.589,94.668,0.267,0.039,0.066,101.176,11.19,engaged,2.703,engaged,0.867,face_centered,engaged,0.868,face_centered,"(578, 306, 252, 252)",0.0689,1,1,0.891,29,0,0
2026-06-17T23:09:35.896,112,3.663,84.318,0.09,0.02,0.036,88.981,11.2,engaged,2.812,engaged,0.869,face_centered,engaged,0.868,face_centered,"(578, 304, 252, 252)",0.0689,2,2,0.893,30,0,0
2026-06-17T23:09:36.002,113,4.09,90.244,0.085,0.024,0.035,95.115,11.13,engaged,2.906,engaged,0.861,face_centered,engaged,0.867,face_centered,"(582, 309, 246, 246)",0.0657,1,1,0.873,31,0,0
2026-06-17T23:09:36.099,114,3.847,81.359,0.076,0.019,0.07,86.148,11.18,engaged,3.015,engaged,0.869,face_centered,engaged,0.867,face_centered,"(578, 304, 252, 252)",0.0689,1,1,0.889,32,0,0
2026-06-17T23:09:36.188,115,4.075,78.776,0.072,0.017,0.029,83.511,11.26,engaged,3.093,engaged,0.862,face_centered,engaged,0.867,face_centered,"(582, 309, 245, 245)",0.0651,1,1,0.873,33,0,0
2026-06-17T23:09:36.291,116,5.17,81.554,0.094,0.019,0.029,87.648,11.27,engaged,3.203,engaged,0.868,face_centered,engaged,0.867,face_centered,"(577, 307, 252, 252)",0.0689,2,1,0.887,34,0,0
2026-06-17T23:09:36.366,117,4.354,68.641,0.083,0.02,0.034,74.228,11.49,engaged,3.281,engaged,0.863,face_centered,engaged,0.866,face_centered,"(579, 310, 245, 245)",0.0651,1,1,0.873,35,0,0
2026-06-17T23:09:36.465,118,3.633,78.856,0.084,0.02,0.033,84.006,11.53,engaged,3.375,engaged,0.865,face_centered,engaged,0.865,face_centered,"(579, 307, 250, 250)",0.0678,1,1,0.883,36,0,0
2026-06-17T23:09:36.545,119,3.85,75.89,0.117,0.019,0.033,80.679,11.62,engaged,3.453,engaged,0.863,face_centered,engaged,0.864,face_centered,"(580, 308, 245, 245)",0.0651,1,1,0.873,37,0,0
2026-06-17T23:09:36.643,120,4.52,79.348,0.14,0.032,0.059,84.923,11.64,engaged,3.546,engaged,0.864,face_centered,engaged,0.865,face_centered,"(578, 309, 250, 250)",0.0678,2,1,0.88,38,0,0
2026-06-17T23:09:36.727,121,3.599,73.402,0.194,0.033,0.047,77.965,11.75,engaged,3.64,engaged,0.862,face_centered,engaged,0.864,face_centered,"(580, 310, 247, 247)",0.0662,1,1,0.881,39,0,0
2026-06-17T23:09:36.838,122,16.13,75.397,0.085,0.063,0.035,92.434,11.66,engaged,3.75,engaged,0.861,face_centered,engaged,0.864,face_centered,"(581, 310, 245, 245)",0.0651,2,2,0.877,40,0,0
2026-06-17T23:09:36.926,123,8.194,71.883,0.08,0.019,0.032,80.842,11.73,engaged,3.843,engaged,0.861,face_centered,engaged,0.863,face_centered,"(581, 310, 245, 245)",0.0651,2,2,0.88,41,0,0
2026-06-17T23:09:37.027,124,6.244,77.058,0.172,0.068,0.039,84.753,11.74,engaged,3.937,engaged,0.869,face_centered,engaged,0.864,face_centered,"(576, 306, 255, 255)",0.0706,1,1,0.895,42,0,0
2026-06-17T23:09:37.109,125,6.682,69.829,0.067,0.017,0.026,77.431,11.86,engaged,4.015,engaged,0.865,face_centered,engaged,0.864,face_centered,"(578, 309, 248, 248)",0.0667,1,1,0.88,43,0,0
2026-06-17T23:09:37.205,126,5.897,73.533,0.099,0.023,0.039,80.052,11.92,engaged,4.109,engaged,0.863,face_centered,engaged,0.864,face_centered,"(580, 310, 246, 246)",0.0657,1,1,0.879,44,0,0
2026-06-17T23:09:37.299,127,3.929,79.317,0.159,0.02,0.032,84.026,11.92,engaged,4.203,engaged,0.865,face_centered,engaged,0.864,face_centered,"(579, 309, 248, 248)",0.0667,2,1,0.887,45,0,0
2026-06-17T23:09:37.384,128,4.145,70.187,0.243,0.023,0.038,75.448,12.05,engaged,4.296,engaged,0.864,face_centered,engaged,0.864,face_centered,"(580, 309, 248, 248)",0.0667,1,1,0.885,46,0,0
2026-06-17T23:09:37.468,129,5.439,70.804,0.078,0.019,0.031,76.775,12.15,engaged,4.375,engaged,0.86,face_centered,engaged,0.864,face_centered,"(580, 312, 243, 243)",0.0641,1,1,0.867,47,0,0
2026-06-17T23:09:37.547,130,4.932,71.943,0.081,0.018,0.032,77.495,12.22,engaged,4.453,engaged,0.864,face_centered,engaged,0.864,face_centered,"(579, 310, 246, 246)",0.0657,1,1,0.88,48,0,0
2026-06-17T23:09:37.642,131,3.99,71.415,0.085,0.016,0.029,76.236,12.31,engaged,4.546,engaged,0.864,face_centered,engaged,0.864,face_centered,"(578, 310, 248, 248)",0.0667,1,1,0.884,49,0,0
2026-06-17T23:09:37.726,132,4.134,74.799,0.091,0.023,0.038,79.78,12.34,engaged,4.64,engaged,0.871,face_centered,engaged,0.864,face_centered,"(576, 304, 257, 257)",0.0717,1,1,0.896,50,0,0
2026-06-17T23:09:37.834,133,5.754,83.428,0.069,0.017,0.037,90.538,12.21,engaged,4.75,engaged,0.872,face_centered,engaged,0.866,face_centered,"(576, 304, 257, 257)",0.0717,1,1,0.909,51,0,0
2026-06-17T23:09:37.925,134,3.917,78.058,0.072,0.017,0.027,82.656,12.2,engaged,4.828,engaged,0.863,face_centered,engaged,0.865,face_centered,"(578, 310, 247, 247)",0.0662,2,1,0.871,52,0,0
2026-06-17T23:09:38.032,135,5.032,79.632,0.195,0.028,0.046,86.067,12.14,engaged,4.937,engaged,0.864,face_centered,engaged,0.865,face_centered,"(578, 310, 248, 248)",0.0667,2,1,0.885,53,0,0
2026-06-17T23:09:38.120,136,4.195,75.798,0.082,0.02,0.033,81.002,12.16,engaged,5.031,engaged,0.867,face_centered,engaged,0.866,face_centered,"(577, 307, 251, 251)",0.0684,1,1,0.889,54,0,0
2026-06-17T23:09:38.238,137,17.0,83.441,0.083,0.02,0.033,101.554,11.93,engaged,5.14,engaged,0.863,face_centered,engaged,0.866,face_centered,"(580, 310, 244, 244)",0.0646,1,1,0.873,55,0,0
2026-06-17T23:09:38.331,138,3.841,73.668,0.107,0.02,0.035,78.309,12.01,engaged,5.234,engaged,0.861,face_centered,engaged,0.866,face_centered,"(580, 311, 243, 243)",0.0641,1,1,0.874,56,0,0
2026-06-17T23:09:38.416,139,4.172,69.726,0.083,0.018,0.033,75.044,12.14,engaged,5.328,engaged,0.864,face_centered,engaged,0.865,face_centered,"(578, 309, 249, 249)",0.0673,2,2,0.882,57,0,0
2026-06-17T23:09:38.505,140,5.483,71.586,0.084,0.021,0.035,77.991,12.21,engaged,5.421,engaged,0.865,face_centered,engaged,0.864,face_centered,"(579, 308, 248, 248)",0.0667,1,1,0.884,58,0,0
2026-06-17T23:09:38.610,141,5.734,85.881,0.088,0.054,0.035,92.402,12.07,engaged,5.515,engaged,0.865,face_centered,engaged,0.864,face_centered,"(579, 308, 248, 248)",0.0667,1,1,0.888,59,0,0
2026-06-17T23:09:38.709,142,3.713,78.799,0.082,0.019,0.031,83.477,12.06,engaged,5.625,engaged,0.863,face_centered,engaged,0.864,face_centered,"(580, 309, 247, 247)",0.0662,1,1,0.883,60,0,0
2026-06-17T23:09:38.806,143,5.79,81.924,0.078,0.02,0.031,88.54,11.99,engaged,5.718,engaged,0.863,face_centered,engaged,0.864,face_centered,"(580, 310, 246, 246)",0.0657,1,1,0.881,61,0,0
2026-06-17T23:09:38.895,144,4.201,72.514,0.081,0.02,0.032,77.794,12.07,engaged,5.812,engaged,0.867,face_centered,engaged,0.864,face_centered,"(577, 308, 252, 252)",0.0689,1,1,0.89,62,0,0
2026-06-17T23:09:38.991,145,4.037,81.167,0.147,0.031,0.029,85.98,12.03,engaged,5.906,engaged,0.864,face_centered,engaged,0.865,face_centered,"(579, 309, 248, 248)",0.0667,1,1,0.883,63,0,0
2026-06-17T23:09:39.095,146,3.556,86.151,0.072,0.018,0.03,90.46,11.93,engaged,6.0,engaged,0.862,face_centered,engaged,0.864,face_centered,"(580, 310, 247, 247)",0.0662,1,1,0.882,64,0,0
2026-06-17T23:09:39.208,147,4.085,88.863,0.157,0.039,0.055,93.642,11.81,engaged,6.109,engaged,0.87,face_centered,engaged,0.865,face_centered,"(575, 305, 255, 255)",0.0706,1,1,0.896,65,0,0
2026-06-17T23:09:39.315,148,3.961,88.269,0.117,0.028,0.032,92.974,11.7,engaged,6.218,engaged,0.864,face_centered,engaged,0.865,face_centered,"(580, 308, 247, 247)",0.0662,1,1,0.877,66,0,0
2026-06-17T23:09:39.403,149,5.82,70.07,0.218,0.016,0.076,77.593,11.82,engaged,6.312,engaged,0.863,face_centered,engaged,0.865,face_centered,"(579, 310, 245, 245)",0.0651,3,2,0.874,67,0,0
2026-06-17T23:09:39.487,150,5.592,75.25,0.095,0.021,0.037,81.522,11.86,engaged,6.39,engaged,0.865,face_centered,engaged,0.865,face_centered,"(579, 308, 247, 247)",0.0662,2,1,0.881,68,0,0
2026-06-17T23:09:39.587,151,3.734,84.116,0.125,0.026,0.044,88.716,11.81,engaged,6.5,engaged,0.865,face_centered,engaged,0.865,face_centered,"(579, 308, 247, 247)",0.0662,2,1,0.886,69,0,0
2026-06-17T23:09:39.672,152,5.595,73.176,0.105,0.019,0.031,79.467,11.88,engaged,6.578,engaged,0.867,face_centered,engaged,0.865,face_centered,"(567, 313, 238, 238)",0.0615,2,1,0.822,70,0,0
2026-06-17T23:09:39.778,153,3.526,84.051,0.101,0.018,0.03,88.44,11.83,engaged,6.687,engaged,0.864,face_centered,engaged,0.865,face_centered,"(559, 322, 210, 210)",0.0479,1,1,0.738,71,0,0
2026-06-17T23:09:39.871,154,4.184,79.917,0.084,0.025,0.027,85.055,11.82,engaged,6.781,engaged,0.852,face_centered,engaged,0.863,face_centered,"(566, 338, 172, 172)",0.0321,1,1,0.682,72,0,0
2026-06-17T23:09:39.966,155,4.159,75.829,0.089,0.018,0.029,81.049,11.87,engaged,6.875,engaged,0.865,face_centered,engaged,0.863,face_centered,"(557, 335, 180, 180)",0.0352,1,1,0.746,73,0,0
2026-06-17T23:09:40.067,156,5.678,84.052,0.178,0.019,0.047,90.564,11.79,engaged,6.984,absent,0.0,no_face_detected,engaged,0.863,face_centered,"(557, 335, 180, 180)",0.0352,0,0,0.746,74,0,0
2026-06-17T23:09:40.165,157,3.617,83.026,0.334,0.077,0.054,87.827,11.75,engaged,7.078,absent,0.0,no_face_detected,engaged,0.863,face_centered,"(557, 335, 180, 180)",0.0352,0,0,0.746,75,0,0
2026-06-17T23:09:40.260,158,3.826,83.51,0.111,0.021,0.046,87.915,11.71,engaged,7.171,absent,0.0,no_face_detected,engaged,0.862,face_centered,"(557, 335, 180, 180)",0.0352,0,0,0.746,76,0,0
2026-06-17T23:09:40.363,159,3.612,83.402,0.168,0.077,0.096,88.045,11.67,engaged,7.265,absent,0.0,no_face_detected,absent,0.0,unstable_window_no_face_detected,,0.0,0,0,0.0,0,0,1
2026-06-17T23:09:40.455,160,3.759,76.172,0.067,0.023,0.043,80.724,11.75,engaged,7.359,engaged,0.856,face_centered,engaged,0.55,unstable_window_face_centered,"(558, 346, 165, 165)",0.0295,1,1,0.707,1,0,0
2026-06-17T23:09:40.530,161,3.619,75.406,0.085,0.027,0.052,79.863,11.82,engaged,7.437,engaged,0.858,face_centered,engaged,0.55,unstable_window_face_centered,"(557, 347, 167, 167)",0.0303,1,1,0.74,2,0,0
2026-06-17T23:09:40.635,162,3.861,78.086,0.127,0.027,0.049,82.685,11.85,engaged,7.546,absent,0.0,no_face_detected,disengaged,0.0,no_face_detected,"(557, 347, 167, 167)",0.0303,0,0,0.74,0,1,0
2026-06-17T23:09:40.713,163,4.119,68.824,0.062,0.021,0.039,73.597,12.02,engaged,7.625,engaged,0.858,face_centered,engaged,0.55,unstable_window_face_centered,"(558, 346, 163, 163)",0.0288,1,1,0.729,1,0,0
2026-06-17T23:09:40.808,164,3.548,75.529,0.102,0.031,0.056,80.019,12.07,engaged,7.718,absent,0.0,no_face_detected,absent,0.0,unstable_window_no_face_detected,,0.0,0,0,0.0,0,0,1
2026-06-17T23:09:40.909,165,4.591,72.029,0.068,0.023,0.044,77.725,12.15,engaged,7.812,absent,0.0,no_face_detected,absent,0.0,unstable_window_no_face_detected,,0.0,0,0,0.0,0,0,2
2026-06-17T23:09:41.006,166,19.544,73.245,0.088,0.019,0.04,93.907,12.0,engaged,7.921,absent,0.0,no_face_detected,absent,0.0,unstable_window_no_face_detected,,0.0,0,0,0.0,0,0,3
2026-06-17T23:09:41.105,167,4.847,79.542,0.216,0.022,0.036,86.042,11.96,engaged,8.015,absent,0.0,no_face_detected,disengaged,0.0,no_face_detected,"(558, 346, 163, 163)",0.0288,0,0,0.729,0,1,0
2026-06-17T23:09:41.205,168,4.626,76.201,0.145,0.036,0.052,81.729,11.99,engaged,8.109,engaged,0.853,face_centered,disengaged,0.0,no_face_detected,"(563, 349, 159, 159)",0.0274,1,1,0.721,0,2,0
2026-06-17T23:09:41.295,169,6.746,72.676,0.105,0.023,0.041,80.74,12.03,engaged,8.203,absent,0.0,no_face_detected,disengaged,0.0,no_face_detected,"(563, 349, 159, 159)",0.0274,0,0,0.721,0,3,0
2026-06-17T23:09:41.395,170,5.4,83.808,0.229,0.025,0.044,90.024,11.94,engaged,8.312,absent,0.0,no_face_detected,absent,0.0,no_face_detected,,0.0,0,0,0.0,0,0,1
2026-06-17T23:09:41.481,171,4.836,74.692,0.181,0.036,0.062,80.269,11.99,engaged,8.39,absent,0.0,no_face_detected,absent,0.0,no_face_detected,,0.0,0,0,0.0,0,0,2
2026-06-17T23:09:41.578,172,3.606,77.796,0.162,0.038,0.066,82.445,12.0,engaged,8.484,absent,0.0,no_face_detected,absent,0.0,no_face_detected,,0.0,0,0,0.0,0,0,3
2026-06-17T23:09:41.666,173,3.724,71.927,0.215,0.05,0.039,76.732,12.11,engaged,8.578,absent,0.0,no_face_detected,absent,0.0,no_face_detected,,0.0,0,0,0.0,0,0,4
2026-06-17T23:09:41.746,174,5.582,69.856,0.125,0.021,0.038,76.114,12.21,engaged,8.656,absent,0.0,no_face_detected,absent,0.0,no_face_detected,,0.0,0,0,0.0,0,0,5
2026-06-17T23:09:41.849,175,4.234,81.26,0.316,0.189,0.177,86.825,12.14,engaged,8.765,absent,0.0,no_stable_face_candidate,absent,0.0,no_face_detected,,0.0,1,0,0.0,0,0,6
2026-06-17T23:09:41.938,176,4.156,78.031,0.181,0.024,0.048,83.129,12.13,engaged,8.843,absent,0.0,no_face_detected,absent,0.0,no_face_detected,,0.0,0,0,0.0,0,0,7
2026-06-17T23:09:42.048,177,4.518,87.457,0.093,0.025,0.041,93.096,11.99,disengaged,0.0,absent,0.0,no_face_detected,absent,0.0,no_face_detected,,0.0,0,0,0.0,0,0,8
2026-06-17T23:09:42.148,178,3.835,83.68,0.174,0.075,0.071,88.631,11.92,disengaged,0.109,absent,0.0,no_face_detected,absent,0.0,no_face_detected,,0.0,0,0,0.0,0,0,9
2026-06-17T23:09:42.244,179,3.892,79.277,0.153,0.041,0.062,84.148,11.92,disengaged,0.203,absent,0.0,no_face_detected,absent,0.0,no_face_detected,,0.0,0,0,0.0,0,0,10
2026-06-17T23:09:42.330,180,4.561,75.904,0.121,0.029,0.05,81.191,11.96,disengaged,0.281,absent,0.0,no_face_detected,absent,0.0,no_face_detected,,0.0,0,0,0.0,0,0,11
2026-06-17T23:09:42.413,181,3.69,70.309,0.179,0.054,0.059,74.973,12.09,disengaged,0.375,absent,0.0,no_face_detected,absent,0.0,no_face_detected,,0.0,0,0,0.0,0,0,12
2026-06-17T23:09:42.499,182,4.061,68.263,0.114,0.039,0.045,73.473,12.25,disengaged,0.453,absent,0.0,no_face_detected,absent,0.0,no_face_detected,,0.0,0,0,0.0,0,0,13
2026-06-17T23:09:42.596,183,5.552,73.237,0.096,0.03,0.036,79.588,12.28,disengaged,0.547,absent,0.0,no_stable_face_candidate,absent,0.0,no_face_detected,,0.0,1,0,0.0,0,0,14
2026-06-17T23:09:42.696,184,3.285,74.234,0.116,0.03,0.036,78.854,12.32,disengaged,0.656,absent,0.0,no_face_detected,absent,0.0,no_face_detected,,0.0,0,0,0.0,0,0,15
2026-06-17T23:09:42.786,185,3.391,74.837,0.085,0.023,0.037,79.201,12.35,idle,0.0,absent,0.0,no_face_detected,absent,0.0,no_face_detected,,0.0,0,0,0.0,0,0,16
2026-06-17T23:09:42.899,186,5.82,89.07,0.122,0.03,0.051,95.957,12.16,idle,0.109,absent,0.0,no_face_detected,absent,0.0,no_face_detected,,0.0,0,0,0.0,0,0,17
2026-06-17T23:09:42.989,187,6.746,72.22,0.12,0.028,0.049,79.942,12.19,idle,0.203,absent,0.0,no_stable_face_candidate,absent,0.0,no_face_detected,,0.0,1,0,0.0,0,0,18
2026-06-17T23:09:43.077,188,5.58,75.864,0.092,0.02,0.043,82.491,12.18,idle,0.281,absent,0.0,no_face_detected,absent,0.0,no_face_detected,,0.0,0,0,0.0,0,0,19
2026-06-17T23:09:43.165,189,4.278,76.168,0.143,0.017,0.036,81.219,12.2,idle,0.375,absent,0.0,no_face_detected,absent,0.0,no_face_detected,,0.0,0,0,0.0,0,0,20
2026-06-17T23:09:43.255,190,3.553,74.362,0.127,0.021,0.042,78.897,12.25,idle,0.468,absent,0.0,no_face_detected,absent,0.0,no_face_detected,,0.0,0,0,0.0,0,0,21
2026-06-17T23:09:43.358,191,3.816,82.997,0.104,0.024,0.044,87.466,12.16,idle,0.562,absent,0.0,no_face_detected,absent,0.0,no_face_detected,,0.0,0,0,0.0,0,0,22
2026-06-17T23:09:43.451,192,6.584,76.443,0.122,0.024,0.05,84.385,12.13,idle,0.656,absent,0.0,no_face_detected,absent,0.0,no_face_detected,,0.0,0,0,0.0,0,0,23
2026-06-17T23:09:43.545,193,4.036,79.17,0.077,0.019,0.039,84.422,12.1,idle,0.75,absent,0.0,no_stable_face_candidate,absent,0.0,no_face_detected,,0.0,1,0,0.0,0,0,24
2026-06-17T23:09:43.652,194,3.714,91.404,0.178,0.039,0.071,96.164,11.93,idle,0.859,absent,0.0,no_face_detected,absent,0.0,no_face_detected,,0.0,0,0,0.0,0,0,25
2026-06-17T23:09:43.748,195,5.046,78.739,0.113,0.023,0.049,84.589,11.92,idle,0.953,absent,0.0,no_face_detected,absent,0.0,no_face_detected,,0.0,0,0,0.0,0,0,26
2026-06-17T23:09:43.845,196,3.55,82.63,0.323,0.058,0.039,87.373,11.87,idle,1.047,absent,0.0,no_face_detected,absent,0.0,no_face_detected,,0.0,0,0,0.0,0,0,27
2026-06-17T23:09:43.944,197,5.102,80.654,0.156,0.034,0.067,86.794,11.84,idle,1.156,absent,0.0,no_face_detected,absent,0.0,no_face_detected,,0.0,0,0,0.0,0,0,28
2026-06-17T23:09:44.027,198,5.439,73.635,0.133,0.028,0.061,80.0,11.91,idle,1.234,absent,0.0,no_face_detected,absent,0.0,no_face_detected,,0.0,0,0,0.0,0,0,29
2026-06-17T23:09:44.121,199,4.193,74.008,0.104,0.029,0.04,78.978,11.98,idle,1.328,absent,0.0,no_face_detected,absent,0.0,no_face_detected,,0.0,0,0,0.0,0,0,30
2026-06-17T23:09:44.204,200,3.878,66.969,0.126,0.022,0.034,72.181,12.17,idle,1.406,disengaged,0.632,face_too_small,absent,0.0,no_face_detected,"(403, 129, 107, 107)",0.0124,3,1,0.154,0,0,31
2026-06-17T23:09:44.295,201,4.475,70.034,0.085,0.023,0.035,75.379,12.28,disengaged,0.0,disengaged,0.665,face_too_small,disengaged,0.649,face_too_small,"(403, 129, 107, 107)",0.0124,3,1,0.562,0,1,0
2026-06-17T23:09:44.389,202,9.616,79.617,0.131,0.029,0.055,90.364,12.16,disengaged,0.093,absent,0.0,no_face_detected,disengaged,0.649,face_too_small,"(403, 129, 107, 107)",0.0124,0,0,0.562,0,2,0
2026-06-17T23:09:44.482,203,3.424,69.395,0.091,0.021,0.04,73.61,12.3,disengaged,0.187,absent,0.0,no_face_detected,disengaged,0.649,face_too_small,"(403, 129, 107, 107)",0.0124,0,0,0.562,0,3,0
2026-06-17T23:09:44.567,204,5.461,72.958,0.15,0.096,0.062,79.482,12.33,disengaged,0.281,absent,0.0,no_face_detected,disengaged,0.649,face_too_small,"(403, 129, 107, 107)",0.0124,0,0,0.562,0,4,0
2026-06-17T23:09:44.665,205,3.785,78.761,0.145,0.023,0.042,83.439,12.29,disengaged,0.375,absent,0.0,no_face_detected,disengaged,0.649,face_too_small,"(403, 129, 107, 107)",0.0124,0,0,0.562,0,5,0
2026-06-17T23:09:44.748,206,4.594,73.335,0.216,0.022,0.042,78.999,12.33,disengaged,0.453,absent,0.0,no_face_detected,disengaged,0.649,face_too_small,"(403, 129, 107, 107)",0.0124,0,0,0.562,0,6,0
2026-06-17T23:09:44.849,207,3.699,82.774,0.117,0.027,0.047,87.341,12.24,disengaged,0.562,absent,0.0,no_face_detected,absent,0.0,no_face_detected,,0.0,0,0,0.0,0,0,1
2026-06-17T23:09:44.945,208,3.496,82.769,0.138,0.023,0.039,87.227,12.16,disengaged,0.656,absent,0.0,no_face_detected,absent,0.0,no_face_detected,,0.0,0,0,0.0,0,0,2
2026-06-17T23:09:45.037,209,3.574,76.339,0.158,0.028,0.048,80.736,12.19,disengaged,0.75,absent,0.0,no_face_detected,absent,0.0,no_face_detected,,0.0,0,0,0.0,0,0,3
2026-06-17T23:09:45.132,210,6.077,79.143,0.305,0.052,0.047,86.856,12.12,disengaged,0.843,absent,0.0,no_face_detected,absent,0.0,no_face_detected,,0.0,0,0,0.0,0,0,4
2026-06-17T23:09:45.232,211,4.449,79.943,0.1,0.025,0.042,85.232,12.08,disengaged,0.937,absent,0.0,no_face_detected,absent,0.0,no_face_detected,,0.0,0,0,0.0,0,0,5
2026-06-17T23:09:45.325,212,3.819,80.48,0.105,0.024,0.038,85.371,12.04,disengaged,1.031,absent,0.0,no_stable_face_candidate,absent,0.0,no_face_detected,,0.0,1,0,0.0,0,0,6
2026-06-17T23:09:45.423,213,3.671,78.565,0.277,0.043,0.081,83.225,12.04,disengaged,1.125,absent,0.0,no_face_detected,absent,0.0,no_face_detected,,0.0,0,0,0.0,0,0,7
2026-06-17T23:09:45.505,214,4.215,73.619,0.088,0.023,0.042,79.687,12.09,disengaged,1.218,absent,0.0,no_face_detected,absent,0.0,no_face_detected,,0.0,0,0,0.0,0,0,8
2026-06-17T23:09:45.595,215,3.718,70.33,0.181,0.024,0.035,74.696,12.22,disengaged,1.297,absent,0.0,no_stable_face_candidate,absent,0.0,no_face_detected,,0.0,1,0,0.0,0,0,9
2026-06-17T23:09:45.682,216,3.925,66.376,0.123,0.029,0.05,71.14,12.4,disengaged,1.39,absent,0.0,no_face_detected,absent,0.0,no_face_detected,,0.0,0,0,0.0,0,0,10
2026-06-17T23:09:45.768,217,5.085,68.983,0.153,0.04,0.069,75.14,12.5,disengaged,1.468,absent,0.0,no_face_detected,absent,0.0,no_face_detected,,0.0,0,0,0.0,0,0,11
2026-06-17T23:09:45.875,218,4.307,84.821,0.089,0.026,0.037,90.588,12.35,idle,0.0,absent,0.0,no_stable_face_candidate,absent,0.0,no_face_detected,,0.0,1,0,0.0,0,0,12
2026-06-17T23:09:45.976,219,4.296,84.197,0.167,0.029,0.046,89.753,12.23,idle,0.109,absent,0.0,no_stable_face_candidate,absent,0.0,no_face_detected,,0.0,1,0,0.0,0,0,13
2026-06-17T23:09:46.063,220,4.707,73.083,0.089,0.019,0.041,78.502,12.28,idle,0.187,absent,0.0,no_face_detected,absent,0.0,no_face_detected,,0.0,0,0,0.0,0,0,14
2026-06-17T23:09:46.156,221,4.894,77.871,0.091,0.019,0.046,83.592,12.25,idle,0.281,absent,0.0,no_face_detected,absent,0.0,no_face_detected,,0.0,0,0,0.0,0,0,15
2026-06-17T23:09:46.243,222,3.824,75.316,0.12,0.027,0.05,80.683,12.26,idle,0.375,absent,0.0,no_face_detected,absent,0.0,no_face_detected,,0.0,0,0,0.0,0,0,16
2026-06-17T23:09:46.327,223,3.633,71.588,0.187,0.041,0.068,76.08,12.35,idle,0.453,absent,0.0,no_face_detected,absent,0.0,no_face_detected,,0.0,0,0,0.0,0,0,17
2026-06-17T23:09:46.415,224,3.733,74.399,0.204,0.033,0.035,79.056,12.38,idle,0.547,absent,0.0,no_face_detected,absent,0.0,no_face_detected,,0.0,0,0,0.0,0,0,18
2026-06-17T23:09:46.512,225,3.875,76.487,0.228,0.021,0.04,81.154,12.37,idle,0.64,absent,0.0,no_face_detected,absent,0.0,no_face_detected,,0.0,0,0,0.0,0,0,19
2026-06-17T23:09:46.608,226,4.281,80.813,0.153,0.042,0.067,86.03,12.3,idle,0.734,disengaged,0.681,face_left_or_right+face_high_or_low+face_too_small,absent,0.0,no_face_detected,"(893, 564, 110, 110)",0.0131,1,1,0.188,0,0,20
2026-06-17T23:09:46.695,227,3.633,67.494,0.132,0.034,0.05,72.163,12.46,disengaged,0.0,disengaged,0.638,face_too_small,disengaged,0.659,face_left_or_right+face_high_or_low+face_too_small,"(292, 168, 105, 105)",0.012,1,1,0.219,0,1,0
2026-06-17T23:09:46.801,228,3.475,90.698,0.121,0.025,0.052,95.044,12.26,disengaged,0.109,absent,0.0,no_face_detected,disengaged,0.659,face_left_or_right+face_high_or_low+face_too_small,"(292, 168, 105, 105)",0.012,0,0,0.219,0,2,0
2026-06-17T23:09:46.886,229,4.008,71.405,0.104,0.026,0.044,76.404,12.34,disengaged,0.187,absent,0.0,no_stable_face_candidate,disengaged,0.659,face_left_or_right+face_high_or_low+face_too_small,"(292, 168, 105, 105)",0.012,2,0,0.219,0,3,0
2026-06-17T23:09:46.973,230,6.98,67.166,0.175,0.023,0.038,75.461,12.44,disengaged,0.281,absent,0.0,no_stable_face_candidate,disengaged,0.659,face_left_or_right+face_high_or_low+face_too_small,"(292, 168, 105, 105)",0.012,2,0,0.219,0,4,0
2026-06-17T23:09:47.066,231,6.702,70.533,0.206,0.029,0.054,78.189,12.47,disengaged,0.359,absent,0.0,no_face_detected,disengaged,0.659,face_left_or_right+face_high_or_low+face_too_small,"(292, 168, 105, 105)",0.012,0,0,0.219,0,5,0
2026-06-17T23:09:47.157,232,4.148,77.87,0.118,0.029,0.04,82.828,12.43,disengaged,0.453,absent,0.0,no_face_detected,disengaged,0.659,face_left_or_right+face_high_or_low+face_too_small,"(292, 168, 105, 105)",0.012,0,0,0.219,0,6,0
2026-06-17T23:09:47.255,233,4.412,78.431,0.341,0.102,0.117,84.204,12.38,disengaged,0.562,engaged,0.815,face_centered,disengaged,0.638,face_too_small,"(560, 357, 157, 157)",0.0267,1,1,0.321,0,7,0
2026-06-17T23:09:47.351,234,4.546,77.568,0.18,0.045,0.062,83.48,12.34,disengaged,0.656,absent,0.0,no_face_detected,absent,0.0,no_face_detected,,0.0,0,0,0.0,0,0,1
2026-06-17T23:09:47.448,235,5.062,81.402,0.204,0.048,0.088,87.515,12.24,disengaged,0.75,absent,0.0,no_face_detected,absent,0.0,no_face_detected,,0.0,0,0,0.0,0,0,2
2026-06-17T23:09:47.539,236,3.632,76.023,0.218,0.043,0.063,80.443,12.26,disengaged,0.844,absent,0.0,no_face_detected,absent,0.0,no_face_detected,,0.0,0,0,0.0,0,0,3
2026-06-17T23:09:47.633,237,3.685,81.219,0.132,0.036,0.062,85.829,12.2,disengaged,0.937,absent,0.0,no_face_detected,absent,0.0,no_face_detected,,0.0,0,0,0.0,0,0,4
2026-06-17T23:09:47.722,238,4.734,74.16,0.092,0.022,0.038,79.551,12.24,disengaged,1.016,absent,0.0,no_face_detected,absent,0.0,no_face_detected,,0.0,0,0,0.0,0,0,5
2026-06-17T23:09:47.825,239,4.101,83.464,0.084,0.022,0.029,88.397,12.15,disengaged,1.125,engaged,0.843,face_centered,disengaged,0.0,no_face_detected,"(562, 360, 152, 152)",0.0251,1,1,0.715,0,1,0
2026-06-17T23:09:47.917,240,4.394,80.964,0.143,0.033,0.054,86.443,12.09,disengaged,1.219,absent,0.0,no_face_detected,absent,0.0,no_face_detected,,0.0,0,0,0.0,0,0,1
2026-06-17T23:09:48.006,241,3.859,76.189,0.196,0.024,0.041,80.997,12.11,disengaged,1.312,absent,0.0,no_face_detected,absent,0.0,no_face_detected,,0.0,0,0,0.0,0,0,2
2026-06-17T23:09:48.103,242,4.817,81.272,0.106,0.027,0.043,86.852,12.05,disengaged,1.406,absent,0.0,no_face_detected,absent,0.0,no_face_detected,,0.0,0,0,0.0,0,0,3
2026-06-17T23:09:48.195,243,3.655,73.914,0.086,0.022,0.038,79.071,12.11,disengaged,1.5,absent,0.0,no_face_detected,absent,0.0,no_face_detected,,0.0,0,0,0.0,0,0,4
2026-06-17T23:09:48.281,244,3.639,72.894,0.105,0.025,0.041,77.27,12.2,disengaged,1.578,absent,0.0,no_face_detected,absent,0.0,no_face_detected,,0.0,0,0,0.0,0,0,5
2026-06-17T23:09:48.380,245,3.968,78.578,0.147,0.053,0.04,83.458,12.18,disengaged,1.687,absent,0.0,no_face_detected,absent,0.0,no_face_detected,,0.0,0,0,0.0,0,0,6
2026-06-17T23:09:48.476,246,4.088,74.212,0.103,0.022,0.039,79.245,12.22,disengaged,1.781,absent,0.0,no_face_detected,absent,0.0,no_face_detected,,0.0,0,0,0.0,0,0,7
2026-06-17T23:09:48.575,247,3.718,79.074,0.132,0.037,0.046,83.678,12.19,disengaged,1.875,disengaged,0.675,face_high_or_low+face_too_small,absent,0.0,no_face_detected,"(889, 560, 115, 115)",0.0144,1,1,0.14,0,0,8
2026-06-17T23:09:48.674,248,3.693,81.193,0.136,0.034,0.057,85.895,12.14,disengaged,1.969,absent,0.0,no_face_detected,absent,0.0,no_face_detected,,0.0,0,0,0.0,0,0,9
2026-06-17T23:09:48.775,249,3.918,75.827,0.1,0.026,0.039,80.469,12.17,disengaged,2.078,absent,0.0,no_face_detected,absent,0.0,no_face_detected,,0.0,0,0,0.0,0,0,10
2026-06-17T23:09:48.874,250,6.942,85.627,0.188,0.039,0.059,94.105,12.01,disengaged,2.172,absent,0.0,no_face_detected,absent,0.0,no_face_detected,,0.0,0,0,0.0,0,0,11
2026-06-17T23:09:48.974,251,3.948,69.541,0.108,0.028,0.044,74.995,12.14,idle,0.0,absent,0.0,no_face_detected,absent,0.0,no_face_detected,,0.0,0,0,0.0,0,0,12
2026-06-17T23:09:49.078,252,3.62,83.227,0.121,0.077,0.244,87.905,12.07,idle,0.109,absent,0.0,no_stable_face_candidate,absent,0.0,no_face_detected,,0.0,1,0,0.0,0,0,13
2026-06-17T23:09:49.181,253,4.223,83.529,0.184,0.045,0.079,88.872,11.99,idle,0.218,absent,0.0,no_face_detected,absent,0.0,no_face_detected,,0.0,0,0,0.0,0,0,14
2026-06-17T23:09:49.265,254,5.58,69.709,0.266,0.023,0.036,76.34,12.1,idle,0.296,disengaged,0.767,face_left_or_right+face_too_small,absent,0.0,no_face_detected,"(52, 489, 105, 105)",0.012,1,1,0.172,0,0,15
2026-06-17T23:09:49.354,255,10.646,68.896,0.104,0.022,0.045,80.582,12.13,idle,0.39,absent,0.0,no_face_detected,absent,0.0,no_face_detected,,0.0,0,0,0.0,0,0,16
2026-06-17T23:09:49.448,256,4.187,72.937,0.108,0.023,0.045,78.447,12.19,idle,0.484,absent,0.0,no_face_detected,absent,0.0,no_face_detected,,0.0,0,0,0.0,0,0,17
2026-06-17T23:09:49.537,257,3.52,72.698,0.179,0.043,0.095,77.272,12.27,idle,0.578,absent,0.0,no_face_detected,absent,0.0,no_face_detected,,0.0,0,0,0.0,0,0,18
2026-06-17T23:09:49.628,258,3.798,76.897,0.114,0.025,0.045,81.462,12.27,idle,0.656,absent,0.0,no_face_detected,absent,0.0,no_face_detected,,0.0,0,0,0.0,0,0,19
2026-06-17T23:09:49.720,259,3.902,81.807,0.156,0.033,0.06,86.548,12.2,idle,0.75,absent,0.0,no_face_detected,absent,0.0,no_face_detected,,0.0,0,0,0.0,0,0,20
2026-06-17T23:09:49.808,260,3.738,75.646,0.139,0.019,0.07,80.622,12.22,idle,0.843,absent,0.0,no_face_detected,absent,0.0,no_face_detected,,0.0,0,0,0.0,0,0,21
2026-06-17T23:09:49.915,261,3.539,93.45,0.194,0.075,0.103,97.951,12.02,idle,0.953,absent,0.0,no_face_detected,absent,0.0,no_face_detected,,0.0,0,0,0.0,0,0,22
2026-06-17T23:09:50.015,262,4.94,78.967,0.101,0.023,0.044,85.333,11.99,idle,1.046,absent,0.0,no_face_detected,absent,0.0,no_face_detected,,0.0,0,0,0.0,0,0,23
2026-06-17T23:09:50.118,263,3.869,84.192,0.121,0.023,0.043,88.97,11.91,idle,1.156,absent,0.0,no_face_detected,absent,0.0,no_face_detected,,0.0,0,0,0.0,0,0,24
2026-06-17T23:09:50.217,264,6.194,78.374,0.176,0.024,0.045,85.971,11.88,idle,1.25,absent,0.0,no_face_detected,absent,0.0,no_face_detected,,0.0,0,0,0.0,0,0,25
2026-06-17T23:09:50.295,265,3.915,69.797,0.158,0.033,0.121,74.534,12.04,idle,1.328,absent,0.0,no_face_detected,absent,0.0,no_face_detected,,0.0,0,0,0.0,0,0,26
2026-06-17T23:09:50.385,266,3.623,73.35,0.106,0.023,0.085,77.843,12.12,idle,1.421,absent,0.0,no_face_detected,absent,0.0,no_face_detected,,0.0,0,0,0.0,0,0,27
2026-06-17T23:09:50.466,267,4.014,62.745,0.128,0.025,0.082,67.647,12.38,idle,1.5,absent,0.0,no_face_detected,absent,0.0,no_face_detected,,0.0,0,0,0.0,0,0,28
2026-06-17T23:09:50.545,268,3.631,62.973,0.24,0.035,0.112,67.877,12.62,idle,1.578,absent,0.0,no_face_detected,absent,0.0,no_face_detected,,0.0,0,0,0.0,0,0,29
2026-06-17T23:09:50.634,269,5.734,69.401,0.135,0.035,0.059,76.267,12.67,idle,1.671,absent,0.0,no_face_detected,absent,0.0,no_face_detected,,0.0,0,0,0.0,0,0,30
2026-06-17T23:09:50.722,270,3.629,73.497,0.1,0.023,0.049,77.947,12.68,idle,1.75,absent,0.0,no_face_detected,absent,0.0,no_face_detected,,0.0,0,0,0.0,0,0,31
2026-06-17T23:09:50.798,271,4.017,69.124,0.144,0.036,0.063,73.753,12.77,idle,1.828,absent,0.0,no_face_detected,absent,0.0,no_face_detected,,0.0,0,0,0.0,0,0,32
2026-06-17T23:09:50.889,272,3.836,72.72,0.183,0.041,0.079,77.532,12.78,idle,1.921,absent,0.0,no_face_detected,absent,0.0,no_face_detected,,0.0,0,0,0.0,0,0,33
2026-06-17T23:09:50.974,273,4.714,71.915,0.105,0.022,0.049,77.899,12.79,idle,2.015,absent,0.0,no_face_detected,absent,0.0,no_face_detected,,0.0,0,0,0.0,0,0,34
2026-06-17T23:09:51.055,274,6.287,61.505,0.105,0.027,0.043,68.643,12.97,idle,2.093,absent,0.0,no_stable_face_candidate,absent,0.0,no_face_detected,,0.0,1,0,0.0,0,0,35
2026-06-17T23:09:51.144,275,7.261,68.238,0.134,0.029,0.049,76.535,12.98,idle,2.171,absent,0.0,no_stable_face_candidate,absent,0.0,no_face_detected,,0.0,1,0,0.0,0,0,36
2026-06-17T23:09:51.231,276,4.109,75.474,0.354,0.037,0.098,80.538,12.92,idle,2.265,absent,0.0,no_face_detected,absent,0.0,no_face_detected,,0.0,0,0,0.0,0,0,37
2026-06-17T23:09:51.312,277,6.1,63.084,0.208,0.02,0.041,71.013,13.04,idle,2.343,absent,0.0,no_face_detected,absent,0.0,no_face_detected,,0.0,0,0,0.0,0,0,38
2026-06-17T23:09:51.394,278,3.44,61.553,0.173,0.034,0.063,66.013,13.25,idle,2.421,absent,0.0,no_face_detected,absent,0.0,no_face_detected,,0.0,0,0,0.0,0,0,39
2026-06-17T23:09:51.470,279,4.427,63.122,0.11,0.022,0.053,68.259,13.39,idle,2.5,absent,0.0,no_face_detected,absent,0.0,no_face_detected,,0.0,0,0,0.0,0,0,40
2026-06-17T23:09:51.541,280,3.673,55.877,0.204,0.051,0.086,60.559,13.7,idle,2.578,absent,0.0,no_face_detected,absent,0.0,no_face_detected,,0.0,0,0,0.0,0,0,41
2026-06-17T23:09:51.638,281,28.983,65.204,0.106,0.024,0.041,95.036,13.38,idle,2.671,absent,0.0,no_face_detected,absent,0.0,no_face_detected,,0.0,0,0,0.0,0,0,42
2026-06-17T23:09:51.722,282,4.707,68.109,0.24,0.022,0.077,73.872,13.4,idle,2.75,absent,0.0,no_face_detected,absent,0.0,no_face_detected,,0.0,0,0,0.0,0,0,43
2026-06-17T23:09:51.808,283,4.456,67.793,0.212,0.044,0.071,72.971,13.43,idle,2.843,absent,0.0,no_face_detected,absent,0.0,no_face_detected,,0.0,0,0,0.0,0,0,44
2026-06-17T23:09:51.887,284,4.927,62.036,0.164,0.047,0.064,68.486,13.55,idle,2.921,absent,0.0,no_face_detected,absent,0.0,no_face_detected,,0.0,0,0,0.0,0,0,45
2026-06-17T23:09:51.985,285,3.644,84.766,0.145,0.035,0.067,89.296,13.31,idle,3.015,absent,0.0,no_face_detected,absent,0.0,no_face_detected,,0.0,0,0,0.0,0,0,46
2026-06-17T23:09:52.074,286,5.248,67.164,0.129,0.025,0.052,73.549,13.34,idle,3.109,absent,0.0,no_face_detected,absent,0.0,no_face_detected,,0.0,0,0,0.0,0,0,47
2026-06-17T23:09:52.157,287,4.483,67.439,0.106,0.025,0.042,72.807,13.38,idle,3.187,absent,0.0,no_stable_face_candidate,absent,0.0,no_face_detected,,0.0,1,0,0.0,0,0,48
2026-06-17T23:09:52.243,288,3.659,60.819,0.133,0.031,0.061,65.738,13.56,idle,3.281,absent,0.0,no_face_detected,absent,0.0,no_face_detected,,0.0,0,0,0.0,0,0,49
2026-06-17T23:09:52.325,289,7.011,61.962,0.132,0.031,0.055,70.174,13.63,idle,3.359,absent,0.0,no_face_detected,absent,0.0,no_face_detected,,0.0,0,0,0.0,0,0,50
2026-06-17T23:09:52.408,290,7.314,63.884,0.117,0.025,0.048,72.174,13.65,idle,3.437,absent,0.0,no_face_detected,absent,0.0,no_face_detected,,0.0,0,0,0.0,0,0,51
2026-06-17T23:09:52.488,291,5.989,63.987,0.101,0.022,0.042,71.017,13.7,idle,3.515,absent,0.0,no_face_detected,absent,0.0,no_face_detected,,0.0,0,0,0.0,0,0,52
2026-06-17T23:09:52.551,292,4.207,55.816,0.119,0.02,0.038,60.657,13.98,idle,3.593,absent,0.0,no_face_detected,absent,0.0,no_face_detected,,0.0,0,0,0.0,0,0,53
2026-06-17T23:09:52.638,293,3.62,61.448,0.137,0.032,0.061,65.979,14.09,idle,3.671,absent,0.0,no_face_detected,absent,0.0,no_face_detected,,0.0,0,0,0.0,0,0,54
2026-06-17T23:09:52.725,294,22.649,59.285,0.254,0.039,0.037,83.035,13.89,idle,3.765,absent,0.0,no_face_detected,absent,0.0,no_face_detected,,0.0,0,0,0.0,0,0,55
2026-06-17T23:09:52.807,295,4.633,65.453,0.218,0.057,0.039,70.97,13.91,idle,3.843,absent,0.0,no_face_detected,absent,0.0,no_face_detected,,0.0,0,0,0.0,0,0,56
2026-06-17T23:09:52.875,296,3.528,61.039,0.151,0.023,0.047,65.483,14.05,idle,3.906,absent,0.0,no_face_detected,absent,0.0,no_face_detected,,0.0,0,0,0.0,0,0,57
2026-06-17T23:09:52.964,297,3.839,61.472,0.23,0.093,0.161,66.379,14.15,idle,4.0,absent,0.0,no_face_detected,absent,0.0,no_face_detected,,0.0,0,0,0.0,0,0,58
2026-06-17T23:09:53.048,298,4.971,62.569,0.116,0.052,0.044,68.864,14.18,idle,4.078,absent,0.0,no_face_detected,absent,0.0,no_face_detected,,0.0,0,0,0.0,0,0,59
2026-06-17T23:09:53.122,299,4.173,58.291,0.145,0.031,0.064,63.592,14.34,idle,4.156,absent,0.0,no_face_detected,absent,0.0,no_face_detected,,0.0,0,0,0.0,0,0,60
2026-06-17T23:09:53.214,300,5.7,70.517,0.123,0.03,0.05,77.096,14.2,idle,4.25,absent,0.0,no_face_detected,absent,0.0,no_face_detected,,0.0,0,0,0.0,0,0,61
2026-06-17T23:09:53.292,301,3.793,61.564,0.11,0.027,0.044,66.156,14.29,idle,4.328,absent,0.0,no_face_detected,absent,0.0,no_face_detected,,0.0,0,0,0.0,0,0,62
2026-06-17T23:09:53.359,302,4.173,51.938,0.122,0.026,0.052,57.2,14.61,idle,4.39,absent,0.0,no_face_detected,absent,0.0,no_face_detected,,0.0,0,0,0.0,0,0,63
2026-06-17T23:09:53.427,303,3.622,53.66,0.168,0.026,0.051,58.112,14.87,idle,4.468,absent,0.0,no_face_detected,absent,0.0,no_face_detected,,0.0,0,0,0.0,0,0,64
2026-06-17T23:09:53.508,304,4.562,62.984,0.104,0.031,0.041,68.383,14.85,idle,4.546,absent,0.0,no_face_detected,absent,0.0,no_face_detected,,0.0,0,0,0.0,0,0,65
2026-06-17T23:09:53.584,305,5.64,60.055,0.244,0.175,0.057,66.925,14.86,idle,4.625,absent,0.0,no_face_detected,absent,0.0,no_face_detected,,0.0,0,0,0.0,0,0,66
2026-06-17T23:09:53.658,306,3.537,60.291,0.119,0.025,0.091,64.868,14.91,idle,4.687,absent,0.0,no_face_detected,absent,0.0,no_face_detected,,0.0,0,0,0.0,0,0,67
2026-06-17T23:09:53.734,307,4.19,61.778,0.112,0.028,0.053,66.876,14.92,idle,4.765,absent,0.0,no_face_detected,absent,0.0,no_face_detected,,0.0,0,0,0.0,0,0,68
2026-06-17T23:09:53.811,308,11.033,56.365,0.159,0.036,0.068,68.504,14.88,idle,4.843,absent,0.0,no_face_detected,absent,0.0,no_face_detected,,0.0,0,0,0.0,0,0,69
2026-06-17T23:09:53.897,309,4.585,64.408,0.103,0.051,0.041,69.608,14.83,idle,4.937,absent,0.0,no_face_detected,absent,0.0,no_face_detected,,0.0,0,0,0.0,0,0,70
2026-06-17T23:09:53.978,310,3.609,74.684,0.26,0.086,0.076,79.633,14.61,idle,5.015,absent,0.0,no_face_detected,absent,0.0,no_face_detected,,0.0,0,0,0.0,0,0,71
2026-06-17T23:09:54.064,311,3.769,61.043,0.325,0.046,0.142,66.024,14.66,idle,5.093,absent,0.0,no_face_detected,absent,0.0,no_face_detected,,0.0,0,0,0.0,0,0,72
2026-06-17T23:09:54.146,312,4.521,62.831,0.152,0.034,0.063,68.318,14.66,idle,5.171,absent,0.0,no_face_detected,absent,0.0,no_face_detected,,0.0,0,0,0.0,0,0,73
2026-06-17T23:09:54.228,313,5.006,64.261,0.175,0.037,0.086,70.255,14.61,idle,5.265,absent,0.0,no_face_detected,absent,0.0,no_face_detected,,0.0,0,0,0.0,0,0,74
2026-06-17T23:09:54.308,314,10.125,58.865,0.073,0.02,0.03,71.161,14.56,idle,5.343,engaged,0.718,face_centered,absent,0.0,no_face_detected,"(426, 345, 160, 160)",0.0278,1,1,0.281,0,0,75
2026-06-17T23:09:54.391,315,4.498,62.495,0.165,0.02,0.029,67.833,14.58,disengaged,0.0,engaged,0.752,face_centered,disengaged,0.0,no_face_detected,"(426, 345, 160, 160)",0.0278,1,1,0.698,0,1,0
2026-06-17T23:09:54.475,316,5.521,70.862,0.151,0.023,0.043,77.289,14.41,disengaged,0.094,absent,0.0,no_face_detected,disengaged,0.0,no_face_detected,"(426, 345, 160, 160)",0.0278,0,0,0.698,0,2,0
2026-06-17T23:09:54.548,317,3.747,58.4,0.132,0.028,0.11,62.898,14.56,disengaged,0.157,absent,0.0,no_face_detected,disengaged,0.0,no_face_detected,"(426, 345, 160, 160)",0.0278,0,0,0.698,0,3,0
2026-06-17T23:09:54.627,318,3.692,63.097,0.24,0.031,0.043,67.618,14.58,disengaged,0.235,absent,0.0,no_face_detected,disengaged,0.0,no_face_detected,"(426, 345, 160, 160)",0.0278,0,0,0.698,0,4,0
2026-06-17T23:09:54.707,319,5.565,62.047,0.148,0.03,0.059,69.066,14.57,disengaged,0.313,absent,0.0,no_face_detected,disengaged,0.0,no_face_detected,"(426, 345, 160, 160)",0.0278,0,0,0.698,0,5,0
2026-06-17T23:09:54.790,320,3.911,68.185,0.107,0.023,0.04,73.198,14.48,disengaged,0.407,absent,0.0,no_face_detected,disengaged,0.0,no_face_detected,"(426, 345, 160, 160)",0.0278,0,0,0.698,0,6,0
2026-06-17T23:09:54.865,321,5.792,59.72,0.119,0.033,0.046,66.63,14.54,disengaged,0.485,absent,0.0,no_stable_face_candidate,absent,0.0,no_face_detected,,0.0,1,0,0.0,0,0,1
2026-06-17T23:09:54.947,322,3.491,68.983,0.256,0.051,0.073,73.47,14.44,disengaged,0.563,absent,0.0,no_face_detected,absent,0.0,no_face_detected,,0.0,0,0,0.0,0,0,2
2026-06-17T23:09:55.046,323,6.162,71.786,0.273,0.083,0.067,79.46,14.26,disengaged,0.657,absent,0.0,no_face_detected,absent,0.0,no_face_detected,,0.0,0,0,0.0,0,0,3
2026-06-17T23:09:55.136,324,4.752,70.302,0.374,0.126,0.125,76.353,14.14,disengaged,0.75,absent,0.0,no_face_detected,absent,0.0,no_face_detected,,0.0,0,0,0.0,0,0,4
2026-06-17T23:09:55.230,325,5.213,71.363,0.227,0.059,0.088,77.826,14.01,disengaged,0.844,absent,0.0,no_face_detected,absent,0.0,no_face_detected,,0.0,0,0,0.0,0,0,5
2026-06-17T23:09:55.344,326,26.251,73.514,0.141,0.05,0.063,100.702,13.6,disengaged,0.954,absent,0.0,no_face_detected,absent,0.0,no_face_detected,,0.0,0,0,0.0,0,0,6
2026-06-17T23:09:55.440,327,3.593,72.009,0.285,0.054,0.082,76.928,13.54,disengaged,1.047,absent,0.0,no_face_detected,absent,0.0,no_face_detected,,0.0,0,0,0.0,0,0,7
2026-06-17T23:09:55.533,328,3.612,70.211,0.156,0.045,0.065,74.765,13.53,disengaged,1.141,absent,0.0,no_face_detected,absent,0.0,no_face_detected,,0.0,0,0,0.0,0,0,8
2026-06-17T23:09:55.625,329,4.527,71.204,0.148,0.039,0.052,76.974,13.47,disengaged,1.235,absent,0.0,no_stable_face_candidate,absent,0.0,no_face_detected,,0.0,2,0,0.0,0,0,9
2026-06-17T23:09:55.717,330,4.771,66.157,0.115,0.023,0.035,71.718,13.52,disengaged,1.329,absent,0.0,no_stable_face_candidate,absent,0.0,no_face_detected,,0.0,1,0,0.0,0,0,10
2026-06-17T23:09:55.803,331,5.881,71.769,0.091,0.024,0.038,78.709,13.44,disengaged,1.422,absent,0.0,no_stable_face_candidate,absent,0.0,no_face_detected,,0.0,1,0,0.0,0,0,11
2026-06-17T23:09:55.880,332,3.624,64.718,0.219,0.022,0.034,69.174,13.54,idle,0.0,absent,0.0,no_stable_face_candidate,absent,0.0,no_stable_face_candidate,,0.0,1,0,0.0,0,0,12
2026-06-17T23:09:55.986,333,5.527,84.968,0.275,0.075,0.045,91.669,13.28,idle,0.094,absent,0.0,no_face_detected,absent,0.0,no_stable_face_candidate,,0.0,0,0,0.0,0,0,13
2026-06-17T23:09:56.066,334,4.104,69.719,0.224,0.021,0.045,74.828,13.29,idle,0.188,absent,0.0,no_face_detected,absent,0.0,no_stable_face_candidate,,0.0,0,0,0.0,0,0,14
2026-06-17T23:09:56.146,335,4.412,61.728,0.151,0.037,0.142,67.183,13.45,idle,0.266,absent,0.0,no_face_detected,absent,0.0,no_stable_face_candidate,,0.0,0,0,0.0,0,0,15
2026-06-17T23:09:56.228,336,3.888,71.464,0.086,0.019,0.039,76.156,13.41,idle,0.344,absent,0.0,no_face_detected,absent,0.0,no_face_detected,,0.0,0,0,0.0,0,0,16
2026-06-17T23:09:56.320,337,6.262,62.236,0.088,0.02,0.033,69.554,13.51,idle,0.438,disengaged,0.661,face_high_or_low+face_too_small,absent,0.0,no_face_detected,"(749, 554, 104, 104)",0.0117,1,1,0.114,0,0,17
2026-06-17T23:09:56.413,338,17.172,65.205,0.279,0.093,0.122,83.333,13.36,idle,0.532,absent,0.0,no_face_detected,absent,0.0,no_face_detected,,0.0,0,0,0.0,0,0,18
2026-06-17T23:09:56.505,339,5.715,76.085,0.164,0.021,0.044,83.112,13.23,idle,0.625,absent,0.0,no_face_detected,absent,0.0,no_face_detected,,0.0,0,0,0.0,0,0,19
2026-06-17T23:09:56.603,340,6.117,81.641,0.107,0.021,0.037,88.761,13.03,idle,0.719,absent,0.0,no_face_detected,absent,0.0,no_face_detected,,0.0,0,0,0.0,0,0,20
2026-06-17T23:09:56.683,341,4.194,64.96,0.109,0.021,0.057,70.213,13.15,idle,0.797,absent,0.0,no_face_detected,absent,0.0,no_face_detected,,0.0,0,0,0.0,0,0,21
2026-06-17T23:09:56.782,342,5.441,78.481,0.16,0.033,0.063,85.452,13.01,idle,0.891,absent,0.0,no_face_detected,absent,0.0,no_face_detected,,0.0,0,0,0.0,0,0,22
2026-06-17T23:09:56.872,343,5.166,70.982,0.294,0.034,0.126,77.417,13.0,idle,0.985,absent,0.0,no_stable_face_candidate,absent,0.0,no_face_detected,,0.0,1,0,0.0,0,0,23
2026-06-17T23:09:56.955,344,3.689,69.734,0.269,0.033,0.132,74.573,13.04,idle,1.063,absent,0.0,no_face_detected,absent,0.0,no_face_detected,,0.0,0,0,0.0,0,0,24
2026-06-17T23:09:57.051,345,4.698,78.123,0.093,0.021,0.044,84.032,12.93,idle,1.157,absent,0.0,no_face_detected,absent,0.0,no_face_detected,,0.0,0,0,0.0,0,0,25
2026-06-17T23:09:57.138,346,4.97,69.907,0.163,0.028,0.056,75.682,12.95,idle,1.25,absent,0.0,no_face_detected,absent,0.0,no_face_detected,,0.0,0,0,0.0,0,0,26
2026-06-17T23:09:57.218,347,5.025,63.092,0.164,0.038,0.07,69.227,13.1,idle,1.329,absent,0.0,no_face_detected,absent,0.0,no_face_detected,,0.0,0,0,0.0,0,0,27
2026-06-17T23:09:57.305,348,6.099,72.428,0.102,0.06,0.052,79.463,13.05,idle,1.422,absent,0.0,no_face_detected,absent,0.0,no_face_detected,,0.0,0,0,0.0,0,0,28
2026-06-17T23:09:57.385,349,5.507,61.945,0.151,0.025,0.049,68.478,13.21,idle,1.5,absent,0.0,no_face_detected,absent,0.0,no_face_detected,,0.0,0,0,0.0,0,0,29
2026-06-17T23:09:57.466,350,3.692,67.315,0.1,0.021,0.041,71.771,13.28,idle,1.579,absent,0.0,no_face_detected,absent,0.0,no_face_detected,,0.0,0,0,0.0,0,0,30
2026-06-17T23:09:57.555,351,5.172,79.438,0.252,0.055,0.089,85.715,13.12,idle,1.672,absent,0.0,no_face_detected,absent,0.0,no_face_detected,,0.0,0,0,0.0,0,0,31
2026-06-17T23:09:57.641,352,3.512,70.534,0.135,0.019,0.04,74.902,13.14,idle,1.75,absent,0.0,no_face_detected,absent,0.0,no_face_detected,,0.0,0,0,0.0,0,0,32
2026-06-17T23:09:57.723,353,3.46,60.807,0.152,0.025,0.05,65.204,13.36,idle,1.844,absent,0.0,no_face_detected,absent,0.0,no_face_detected,,0.0,0,0,0.0,0,0,33
2026-06-17T23:09:57.812,354,3.775,70.509,0.129,0.025,0.052,75.329,13.35,idle,1.922,absent,0.0,no_face_detected,absent,0.0,no_face_detected,,0.0,0,0,0.0,0,0,34
2026-06-17T23:09:57.905,355,3.709,71.601,0.168,0.021,0.042,76.344,13.33,idle,2.016,absent,0.0,no_face_detected,absent,0.0,no_face_detected,,0.0,0,0,0.0,0,0,35
2026-06-17T23:09:57.992,356,6.31,66.441,0.114,0.025,0.058,74.035,13.34,idle,2.11,absent,0.0,no_face_detected,absent,0.0,no_face_detected,,0.0,0,0,0.0,0,0,36
2026-06-17T23:09:58.087,357,5.508,81.549,0.173,0.034,0.068,88.308,13.14,idle,2.204,absent,0.0,no_face_detected,absent,0.0,no_face_detected,,0.0,0,0,0.0,0,0,37
2026-06-17T23:09:58.180,358,4.966,73.455,0.462,0.028,0.043,80.023,13.08,idle,2.297,absent,0.0,no_face_detected,absent,0.0,no_face_detected,,0.0,0,0,0.0,0,0,38
2026-06-17T23:09:58.264,359,3.82,70.084,0.115,0.023,0.046,74.641,13.11,idle,2.375,absent,0.0,no_face_detected,absent,0.0,no_face_detected,,0.0,0,0,0.0,0,0,39
2026-06-17T23:09:58.340,360,3.298,66.488,0.16,0.019,0.037,70.534,13.22,idle,2.454,absent,0.0,no_face_detected,absent,0.0,no_face_detected,,0.0,0,0,0.0,0,0,40
2026-06-17T23:09:58.415,361,6.105,57.586,0.123,0.028,0.058,64.609,13.44,idle,2.532,absent,0.0,no_face_detected,absent,0.0,no_face_detected,,0.0,0,0,0.0,0,0,41
2026-06-17T23:09:58.493,362,4.817,61.741,0.22,0.026,0.048,67.382,13.58,idle,2.61,absent,0.0,no_face_detected,absent,0.0,no_face_detected,,0.0,0,0,0.0,0,0,42
2026-06-17T23:09:58.580,363,3.798,72.797,0.103,0.024,0.043,77.466,13.52,idle,2.688,absent,0.0,no_face_detected,absent,0.0,no_face_detected,,0.0,0,0,0.0,0,0,43
2026-06-17T23:09:58.671,364,5.381,74.064,0.131,0.02,0.075,80.269,13.41,idle,2.782,absent,0.0,no_face_detected,absent,0.0,no_face_detected,,0.0,0,0,0.0,0,0,44
2026-06-17T23:09:58.759,365,7.24,71.616,0.124,0.029,0.05,80.11,13.32,idle,2.875,absent,0.0,no_stable_face_candidate,absent,0.0,no_face_detected,,0.0,1,0,0.0,0,0,45
2026-06-17T23:09:58.859,366,3.656,83.247,0.109,0.026,0.046,87.568,13.13,idle,2.969,absent,0.0,no_stable_face_candidate,absent,0.0,no_face_detected,,0.0,1,0,0.0,0,0,46
2026-06-17T23:09:58.950,367,3.639,74.171,0.164,0.028,0.047,78.696,13.09,idle,3.063,absent,0.0,no_stable_face_candidate,absent,0.0,no_face_detected,,0.0,1,0,0.0,0,0,47
2026-06-17T23:09:59.044,368,4.824,74.865,0.164,0.026,0.046,80.323,13.02,idle,3.157,absent,0.0,no_stable_face_candidate,absent,0.0,no_stable_face_candidate,,0.0,1,0,0.0,0,0,48
2026-06-17T23:09:59.136,369,3.824,75.672,0.176,0.03,0.055,80.501,12.96,idle,3.25,absent,0.0,no_face_detected,absent,0.0,no_stable_face_candidate,,0.0,0,0,0.0,0,0,49
2026-06-17T23:09:59.222,370,3.445,74.684,0.181,0.023,0.043,79.049,12.93,idle,3.329,absent,0.0,no_face_detected,absent,0.0,no_stable_face_candidate,,0.0,0,0,0.0,0,0,50
2026-06-17T23:09:59.295,371,3.852,59.646,0.197,0.021,0.038,64.474,13.19,idle,3.407,absent,0.0,no_stable_face_candidate,absent,0.0,no_stable_face_candidate,,0.0,1,0,0.0,0,0,51
2026-06-17T23:09:59.384,372,11.956,67.344,0.111,0.022,0.037,80.598,13.11,idle,3.5,absent,0.0,no_stable_face_candidate,absent,0.0,no_stable_face_candidate,,0.0,1,0,0.0,0,0,52
2026-06-17T23:09:59.469,373,6.874,63.439,0.233,0.024,0.044,71.451,13.2,idle,3.579,absent,0.0,no_face_detected,absent,0.0,no_stable_face_candidate,,0.0,0,0,0.0,0,0,53
2026-06-17T23:09:59.552,374,3.905,75.195,0.183,0.019,0.041,79.881,13.13,idle,3.672,absent,0.0,no_face_detected,absent,0.0,no_face_detected,,0.0,0,0,0.0,0,0,54
2026-06-17T23:09:59.650,375,4.689,77.371,0.122,0.025,0.049,83.002,13.02,idle,3.766,absent,0.0,no_face_detected,absent,0.0,no_face_detected,,0.0,0,0,0.0,0,0,55
2026-06-17T23:09:59.737,376,5.232,71.0,0.172,0.044,0.072,77.274,13.01,idle,3.844,absent,0.0,no_stable_face_candidate,absent,0.0,no_face_detected,,0.0,1,0,0.0,0,0,56
2026-06-17T23:09:59.816,377,3.78,67.043,0.132,0.029,0.057,71.726,13.11,idle,3.922,absent,0.0,no_face_detected,absent,0.0,no_face_detected,,0.0,0,0,0.0,0,0,57
2026-06-17T23:09:59.908,378,5.669,68.947,0.16,0.035,0.068,75.506,13.12,idle,4.016,absent,0.0,no_face_detected,absent,0.0,no_face_detected,,0.0,0,0,0.0,0,0,58
2026-06-17T23:09:59.994,379,9.678,69.659,0.191,0.029,0.048,80.238,13.06,idle,4.11,absent,0.0,no_face_detected,absent,0.0,no_face_detected,,0.0,0,0,0.0,0,0,59
2026-06-17T23:10:00.106,380,9.053,79.807,0.155,0.035,0.05,89.817,12.86,idle,4.219,absent,0.0,no_face_detected,absent,0.0,no_face_detected,,0.0,0,0,0.0,0,0,60
2026-06-17T23:10:00.200,381,5.55,72.8,0.108,0.024,0.046,79.427,12.84,idle,4.313,absent,0.0,no_face_detected,absent,0.0,no_face_detected,,0.0,0,0,0.0,0,0,61
2026-06-17T23:10:00.282,382,6.264,66.882,0.101,0.025,0.041,74.056,12.9,idle,4.391,absent,0.0,no_stable_face_candidate,absent,0.0,no_face_detected,,0.0,1,0,0.0,0,0,62
2026-06-17T23:10:00.370,383,4.524,72.6,0.102,0.02,0.033,77.888,12.9,idle,4.485,absent,0.0,no_stable_face_candidate,absent,0.0,no_face_detected,,0.0,1,0,0.0,0,0,63
2026-06-17T23:10:00.449,384,4.47,67.311,0.104,0.026,0.044,73.32,12.97,idle,4.563,absent,0.0,no_stable_face_candidate,absent,0.0,no_face_detected,,0.0,1,0,0.0,0,0,64
2026-06-17T23:10:00.531,385,5.206,67.158,0.111,0.028,0.047,73.291,13.04,idle,4.641,absent,0.0,no_stable_face_candidate,absent,0.0,no_stable_face_candidate,,0.0,1,0,0.0,0,0,65
2026-06-17T23:10:00.611,386,3.766,72.111,0.133,0.03,0.058,76.807,13.04,idle,4.719,absent,0.0,no_face_detected,absent,0.0,no_stable_face_candidate,,0.0,0,0,0.0,0,0,66
2026-06-17T23:10:00.713,387,3.572,77.263,0.174,0.036,0.051,81.916,12.95,idle,4.829,absent,0.0,no_face_detected,absent,0.0,no_stable_face_candidate,,0.0,0,0,0.0,0,0,67
2026-06-17T23:10:00.796,388,3.843,66.449,0.368,0.021,0.038,71.46,13.06,idle,4.907,absent,0.0,no_stable_face_candidate,absent,0.0,no_stable_face_candidate,,0.0,1,0,0.0,0,0,68
2026-06-17T23:10:00.882,389,5.504,70.86,0.124,0.028,0.051,77.226,13.05,idle,5.0,absent,0.0,no_stable_face_candidate,absent,0.0,no_stable_face_candidate,,0.0,1,0,0.0,0,0,69
2026-06-17T23:10:00.972,390,4.618,73.787,0.109,0.023,0.092,79.399,13.0,idle,5.079,absent,0.0,no_face_detected,absent,0.0,no_stable_face_candidate,,0.0,0,0,0.0,0,0,70
2026-06-17T23:10:01.072,391,4.839,82.854,0.136,0.031,0.094,89.227,12.82,idle,5.188,absent,0.0,no_face_detected,absent,0.0,no_face_detected,,0.0,0,0,0.0,0,0,71
2026-06-17T23:10:01.166,392,4.378,78.681,0.118,0.03,0.051,84.351,12.73,idle,5.282,absent,0.0,no_face_detected,absent,0.0,no_face_detected,,0.0,0,0,0.0,0,0,72
2026-06-17T23:10:01.256,393,4.05,76.528,0.229,0.02,0.038,81.526,12.68,idle,5.375,absent,0.0,no_face_detected,absent,0.0,no_face_detected,,0.0,0,0,0.0,0,0,73
2026-06-17T23:10:01.347,394,4.581,76.247,0.115,0.021,0.031,81.975,12.63,idle,5.454,engaged,0.729,face_centered,absent,0.0,no_face_detected,"(399, 343, 213, 213)",0.0492,1,1,0.33,0,0,74
2026-06-17T23:10:01.429,395,3.561,65.85,0.082,0.022,0.03,70.109,12.79,disengaged,0.0,engaged,0.76,face_centered,disengaged,0.0,no_face_detected,"(410, 348, 203, 203)",0.0447,1,1,0.737,0,1,0
2026-06-17T23:10:01.522,396,3.482,73.658,0.06,0.053,0.034,78.291,12.79,disengaged,0.094,engaged,0.757,face_centered,engaged,0.55,unstable_window_face_centered,"(415, 352, 196, 196)",0.0417,1,1,0.739,1,0,0
2026-06-17T23:10:01.599,397,4.004,67.249,0.147,0.025,0.05,72.03,12.9,disengaged,0.172,engaged,0.759,face_centered,engaged,0.751,face_centered,"(411, 349, 200, 200)",0.0434,3,1,0.746,2,0,0
2026-06-17T23:10:01.685,398,4.673,63.053,0.101,0.024,0.048,68.452,13.07,disengaged,0.25,engaged,0.764,face_centered,engaged,0.754,face_centered,"(413, 346, 201, 201)",0.0438,2,2,0.749,3,0,0
2026-06-17T23:10:01.765,399,3.88,64.08,0.076,0.016,0.031,68.77,13.22,disengaged,0.328,engaged,0.765,face_centered,engaged,0.756,face_centered,"(413, 346, 201, 201)",0.0438,2,2,0.761,4,0,0
2026-06-17T23:10:01.859,400,3.847,77.706,0.206,0.082,0.089,82.781,13.11,disengaged,0.422,engaged,0.764,face_centered,engaged,0.757,face_centered,"(414, 347, 201, 201)",0.0438,1,1,0.756,5,0,0
2026-06-17T23:10:01.935,401,4.528,69.406,0.074,0.018,0.028,74.85,13.13,disengaged,0.5,engaged,0.76,face_centered,engaged,0.761,face_centered,"(413, 348, 199, 199)",0.043,1,1,0.748,6,0,0
2026-06-17T23:10:02.022,402,3.942,71.908,0.114,0.015,0.027,76.814,13.12,disengaged,0.594,engaged,0.769,face_centered,engaged,0.763,face_centered,"(412, 345, 209, 209)",0.0474,1,1,0.754,7,0,0
2026-06-17T23:10:02.119,403,3.566,74.51,0.1,0.019,0.039,78.797,13.08,disengaged,0.688,engaged,0.772,face_centered,engaged,0.765,face_centered,"(407, 344, 218, 218)",0.0516,1,1,0.775,8,0,0
2026-06-17T23:10:02.200,404,3.939,65.26,0.102,0.02,0.049,70.092,13.2,disengaged,0.766,engaged,0.77,face_centered,engaged,0.766,face_centered,"(418, 346, 206, 206)",0.046,1,1,0.743,9,0,0
2026-06-17T23:10:02.286,405,4.89,65.12,0.086,0.018,0.032,71.136,13.28,disengaged,0.86,engaged,0.772,face_centered,engaged,0.767,face_centered,"(418, 346, 206, 206)",0.046,1,1,0.771,10,0,0
2026-06-17T23:10:02.373,406,6.639,71.518,0.075,0.015,0.031,79.642,13.21,disengaged,0.938,engaged,0.777,face_centered,engaged,0.769,face_centered,"(413, 344, 218, 218)",0.0516,1,1,0.772,11,0,0
2026-06-17T23:10:02.465,407,3.968,72.036,0.081,0.017,0.03,76.714,13.19,disengaged,1.032,engaged,0.782,face_centered,engaged,0.772,face_centered,"(412, 340, 221, 221)",0.053,1,1,0.792,12,0,0
2026-06-17T23:10:02.564,408,3.819,82.066,0.112,0.016,0.034,86.999,13.02,disengaged,1.125,engaged,0.77,face_centered,engaged,0.773,face_centered,"(427, 348, 198, 198)",0.0425,2,1,0.725,13,0,0
2026-06-17T23:10:02.652,409,3.543,71.81,0.079,0.016,0.067,76.085,13.03,disengaged,1.219,engaged,0.779,face_centered,engaged,0.774,face_centered,"(430, 346, 204, 204)",0.0452,1,1,0.748,14,0,0
2026-06-17T23:10:02.720,410,4.699,59.516,0.118,0.019,0.037,65.172,13.27,disengaged,1.282,engaged,0.788,face_centered,engaged,0.777,face_centered,"(434, 343, 210, 210)",0.0479,1,1,0.759,15,0,0
2026-06-17T23:10:02.795,411,3.601,53.571,0.083,0.022,0.035,57.831,13.67,engaged,0.0,engaged,0.81,face_centered,engaged,0.783,face_centered,"(432, 333, 232, 232)",0.0584,1,1,0.79,16,0,0
2026-06-17T23:10:02.875,412,5.893,60.796,0.086,0.02,0.074,68.455,13.76,engaged,0.078,engaged,0.819,face_centered,engaged,0.789,face_centered,"(445, 335, 231, 231)",0.0579,1,1,0.8,17,0,0
2026-06-17T23:10:02.950,413,4.274,60.954,0.08,0.019,0.031,65.845,13.9,engaged,0.156,engaged,0.822,face_centered,engaged,0.796,face_centered,"(445, 335, 231, 231)",0.0579,1,1,0.835,18,0,0
2026-06-17T23:10:03.016,414,4.258,58.199,0.107,0.018,0.029,63.637,14.09,engaged,0.218,engaged,0.832,face_centered,engaged,0.803,face_centered,"(449, 333, 242, 242)",0.0635,1,1,0.826,19,0,0
2026-06-17T23:10:03.096,415,3.559,55.238,0.071,0.017,0.028,59.448,14.36,engaged,0.297,engaged,0.839,face_centered,engaged,0.813,face_centered,"(466, 337, 238, 238)",0.0615,1,1,0.814,20,0,0
2026-06-17T23:10:03.175,416,4.151,54.945,0.084,0.018,0.033,60.184,14.58,engaged,0.375,engaged,0.852,face_centered,engaged,0.823,face_centered,"(475, 337, 245, 245)",0.0651,1,1,0.836,21,0,0
2026-06-17T23:10:03.266,417,26.395,53.305,0.085,0.027,0.028,80.51,14.37,engaged,0.468,engaged,0.851,face_centered,engaged,0.832,face_centered,"(487, 341, 234, 234)",0.0594,1,1,0.828,22,0,0
2026-06-17T23:10:03.355,418,4.699,72.739,0.198,0.046,0.095,78.5,14.21,engaged,0.547,engaged,0.853,face_centered,engaged,0.838,face_centered,"(487, 341, 234, 234)",0.0594,1,1,0.853,23,0,0
2026-06-17T23:10:03.423,419,3.767,63.92,0.081,0.019,0.032,68.613,14.24,engaged,0.625,engaged,0.868,face_centered,engaged,0.845,face_centered,"(486, 332, 247, 247)",0.0662,1,1,0.86,24,0,0
2026-06-17T23:10:03.517,420,4.005,68.124,0.073,0.018,0.03,72.812,14.19,engaged,0.718,engaged,0.87,face_centered,engaged,0.852,face_centered,"(486, 332, 247, 247)",0.0662,1,1,0.885,25,0,0
2026-06-17T23:10:03.595,421,5.555,64.169,0.074,0.018,0.029,70.24,14.2,engaged,0.797,engaged,0.863,face_centered,engaged,0.857,face_centered,"(496, 336, 234, 234)",0.0594,1,1,0.838,26,0,0
2026-06-17T23:10:03.685,422,5.445,62.142,0.139,0.032,0.043,68.559,14.23,engaged,0.89,engaged,0.862,face_centered,engaged,0.86,face_centered,"(494, 336, 234, 234)",0.0594,1,1,0.852,27,0,0
2026-06-17T23:10:03.765,423,5.576,64.556,0.11,0.018,0.031,71.7,14.21,engaged,0.968,engaged,0.862,face_centered,engaged,0.861,face_centered,"(494, 336, 234, 234)",0.0594,1,1,0.857,28,0,0
2026-06-17T23:10:03.848,424,5.664,66.31,0.185,0.044,0.07,72.689,14.16,engaged,1.062,engaged,0.863,face_centered,engaged,0.863,face_centered,"(494, 337, 236, 236)",0.0604,1,1,0.854,29,0,0
2026-06-17T23:10:03.938,425,5.649,69.253,0.225,0.026,0.045,75.835,14.06,engaged,1.14,engaged,0.873,face_centered,engaged,0.866,face_centered,"(491, 332, 247, 247)",0.0662,1,1,0.873,30,0,0
2026-06-17T23:10:04.011,426,6.122,60.125,0.078,0.018,0.033,67.309,14.14,engaged,1.218,engaged,0.867,face_centered,engaged,0.866,face_centered,"(494, 333, 238, 238)",0.0615,1,1,0.852,31,0,0
2026-06-17T23:10:04.076,427,3.864,52.744,0.082,0.02,0.032,57.281,14.47,engaged,1.281,engaged,0.863,face_centered,engaged,0.865,face_centered,"(493, 337, 238, 238)",0.0615,1,1,0.854,32,0,0
2026-06-17T23:10:04.145,428,5.648,58.86,0.093,0.021,0.036,65.637,14.55,engaged,1.359,engaged,0.864,face_centered,engaged,0.865,face_centered,"(493, 337, 238, 238)",0.0615,1,1,0.865,33,0,0
2026-06-17T23:10:04.223,429,4.927,56.069,0.077,0.018,0.03,61.893,14.71,engaged,1.437,engaged,0.863,face_centered,engaged,0.865,face_centered,"(494, 336, 235, 235)",0.0599,1,1,0.851,34,0,0
2026-06-17T23:10:04.309,430,5.451,62.579,0.127,0.077,0.053,68.935,14.69,engaged,1.515,engaged,0.865,face_centered,engaged,0.866,face_centered,"(494, 336, 237, 237)",0.0609,2,2,0.859,35,0,0
2026-06-17T23:10:04.395,431,5.723,68.061,0.202,0.042,0.061,74.94,14.56,engaged,1.609,engaged,0.867,face_centered,engaged,0.866,face_centered,"(494, 336, 241, 241)",0.063,1,1,0.863,36,0,0
2026-06-17T23:10:04.471,432,3.643,64.448,0.075,0.018,0.028,68.847,14.55,engaged,1.672,engaged,0.864,face_centered,engaged,0.865,face_centered,"(495, 339, 239, 239)",0.062,1,1,0.861,37,0,0
2026-06-17T23:10:04.555,433,8.022,61.586,0.11,0.023,0.042,70.725,14.51,engaged,1.765,engaged,0.865,face_centered,engaged,0.865,face_centered,"(495, 339, 239, 239)",0.062,1,1,0.867,38,0,0
2026-06-17T23:10:04.639,434,3.861,67.739,0.098,0.018,0.031,72.809,14.43,engaged,1.843,engaged,0.869,face_centered,engaged,0.865,face_centered,"(491, 334, 244, 244)",0.0646,1,1,0.869,39,0,0
2026-06-17T23:10:04.729,435,5.206,76.103,0.097,0.021,0.035,82.321,14.21,engaged,1.937,engaged,0.857,face_centered,engaged,0.864,face_centered,"(497, 342, 232, 232)",0.0584,1,1,0.838,40,0,0
2026-06-17T23:10:04.807,436,3.666,66.635,0.137,0.017,0.029,71.253,14.19,engaged,2.015,engaged,0.864,face_centered,engaged,0.865,face_centered,"(505, 341, 232, 232)",0.0584,1,1,0.832,41,0,0
2026-06-17T23:10:04.876,437,3.779,52.229,0.093,0.02,0.041,57.085,14.52,engaged,2.078,absent,0.0,no_face_detected,engaged,0.864,face_centered,"(505, 341, 232, 232)",0.0584,0,0,0.832,42,0,0
2026-06-17T23:10:04.964,438,16.111,51.765,0.139,0.025,0.1,69.106,14.52,engaged,2.172,absent,0.0,no_face_detected,engaged,0.864,face_centered,"(505, 341, 232, 232)",0.0584,0,0,0.832,43,0,0
2026-06-17T23:10:05.029,439,5.844,48.176,0.114,0.022,0.049,55.052,14.88,engaged,2.234,absent,0.0,no_face_detected,engaged,0.864,face_centered,"(505, 341, 232, 232)",0.0584,0,0,0.832,44,0,0
2026-06-17T23:10:05.081,440,3.594,41.121,0.175,0.049,0.044,45.665,15.58,engaged,2.281,absent,0.0,no_face_detected,absent,0.0,unstable_window_no_face_detected,,0.0,0,0,0.0,0,0,1
2026-06-17T23:10:05.140,441,4.252,41.525,0.126,0.028,0.049,46.748,16.16,engaged,2.343,absent,0.0,no_face_detected,disengaged,0.0,no_face_detected,"(505, 341, 232, 232)",0.0584,0,0,0.832,0,1,0
2026-06-17T23:10:05.211,442,5.543,47.721,0.108,0.024,0.045,54.138,16.39,engaged,2.422,absent,0.0,no_face_detected,absent,0.0,no_face_detected,,0.0,0,0,0.0,0,0,1
2026-06-17T23:10:05.273,443,4.605,46.236,0.118,0.026,0.078,51.913,16.68,engaged,2.484,absent,0.0,no_face_detected,absent,0.0,no_face_detected,,0.0,0,0,0.0,0,0,2
2026-06-17T23:10:05.335,444,3.703,44.352,0.145,0.034,0.057,49.111,17.05,engaged,2.547,absent,0.0,no_face_detected,absent,0.0,no_face_detected,,0.0,0,0,0.0,0,0,3
2026-06-17T23:10:05.415,445,8.082,60.698,0.104,0.061,0.039,70.436,16.76,engaged,2.625,absent,0.0,no_face_detected,absent,0.0,no_face_detected,,0.0,0,0,0.0,0,0,4
2026-06-17T23:10:05.484,446,3.646,48.768,0.1,0.025,0.044,53.194,16.97,engaged,2.687,absent,0.0,no_face_detected,absent,0.0,no_face_detected,,0.0,0,0,0.0,0,0,5
2026-06-17T23:10:05.553,447,5.254,46.387,0.298,0.036,0.053,53.35,17.15,engaged,2.765,absent,0.0,no_stable_face_candidate,absent,0.0,no_face_detected,,0.0,1,0,0.0,0,0,6
2026-06-17T23:10:05.630,448,5.832,58.834,0.183,0.045,0.074,66.174,16.94,engaged,2.843,absent,0.0,no_stable_face_candidate,absent,0.0,no_face_detected,,0.0,1,0,0.0,0,0,7
2026-06-17T23:10:05.706,449,3.675,59.446,0.272,0.089,0.051,64.231,16.8,disengaged,0.0,absent,0.0,no_face_detected,absent,0.0,no_face_detected,,0.0,0,0,0.0,0,0,8
2026-06-17T23:10:05.781,450,5.828,59.017,0.163,0.034,0.057,65.83,16.64,disengaged,0.078,absent,0.0,no_face_detected,absent,0.0,no_face_detected,,0.0,0,0,0.0,0,0,9
2026-06-17T23:10:05.848,451,3.454,48.126,0.097,0.024,0.04,52.494,16.88,disengaged,0.156,absent,0.0,no_face_detected,absent,0.0,no_face_detected,,0.0,0,0,0.0,0,0,10
2026-06-17T23:10:05.918,452,5.422,58.829,0.085,0.022,0.035,65.07,16.73,disengaged,0.219,absent,0.0,no_face_detected,absent,0.0,no_face_detected,,0.0,0,0,0.0,0,0,11
2026-06-17T23:10:05.993,453,4.878,55.027,0.133,0.048,0.115,61.631,16.68,disengaged,0.297,absent,0.0,no_face_detected,absent,0.0,no_face_detected,,0.0,0,0,0.0,0,0,12
2026-06-17T23:10:06.056,454,4.617,50.717,0.13,0.029,0.034,56.086,16.8,disengaged,0.359,absent,0.0,no_face_detected,absent,0.0,no_face_detected,,0.0,0,0,0.0,0,0,13
2026-06-17T23:10:06.134,455,4.899,60.671,0.113,0.04,0.044,66.664,16.62,disengaged,0.437,absent,0.0,no_face_detected,absent,0.0,no_face_detected,,0.0,0,0,0.0,0,0,14
2026-06-17T23:10:06.206,456,3.408,59.826,0.113,0.037,0.046,64.021,16.52,disengaged,0.5,absent,0.0,no_face_detected,absent,0.0,no_face_detected,,0.0,0,0,0.0,0,0,15
2026-06-17T23:10:06.271,457,5.689,57.123,0.084,0.03,0.038,63.764,16.43,disengaged,0.578,absent,0.0,no_face_detected,absent,0.0,no_face_detected,,0.0,0,0,0.0,0,0,16
2026-06-17T23:10:06.355,458,3.849,59.201,0.156,0.053,0.066,63.801,16.36,disengaged,0.656,absent,0.0,no_face_detected,absent,0.0,no_face_detected,,0.0,0,0,0.0,0,0,17
2026-06-17T23:10:06.457,459,29.363,55.221,0.266,0.102,0.077,86.234,15.88,idle,0.0,absent,0.0,no_face_detected,absent,0.0,no_face_detected,,0.0,0,0,0.0,0,0,18
2026-06-17T23:10:06.534,460,4.972,63.342,0.29,0.06,0.104,69.614,15.73,idle,0.078,absent,0.0,no_face_detected,absent,0.0,no_face_detected,,0.0,0,0,0.0,0,0,19
2026-06-17T23:10:06.609,461,5.289,59.384,0.095,0.022,0.044,65.743,15.68,idle,0.156,absent,0.0,no_face_detected,absent,0.0,no_face_detected,,0.0,0,0,0.0,0,0,20
2026-06-17T23:10:06.695,462,3.413,64.168,0.113,0.025,0.053,68.508,15.57,idle,0.25,absent,0.0,no_face_detected,absent,0.0,no_face_detected,,0.0,0,0,0.0,0,0,21
2026-06-17T23:10:06.765,463,3.767,54.956,0.143,0.023,0.046,59.833,15.68,idle,0.312,absent,0.0,no_face_detected,absent,0.0,no_face_detected,,0.0,0,0,0.0,0,0,22
2026-06-17T23:10:06.835,464,4.536,56.649,0.108,0.023,0.046,62.027,15.73,idle,0.391,absent,0.0,no_face_detected,absent,0.0,no_face_detected,,0.0,0,0,0.0,0,0,23
2026-06-17T23:10:06.914,465,5.021,64.55,0.127,0.033,0.046,70.518,15.57,idle,0.469,absent,0.0,no_face_detected,absent,0.0,no_face_detected,,0.0,0,0,0.0,0,0,24
2026-06-17T23:10:06.989,466,3.802,61.062,0.209,0.052,0.067,65.828,15.54,idle,0.547,absent,0.0,no_face_detected,absent,0.0,no_face_detected,,0.0,0,0,0.0,0,0,25
2026-06-17T23:10:07.071,467,6.701,59.739,0.601,0.033,0.083,67.888,15.45,idle,0.625,absent,0.0,no_face_detected,absent,0.0,no_face_detected,,0.0,0,0,0.0,0,0,26
2026-06-17T23:10:07.152,468,6.266,60.931,0.218,0.023,0.048,68.917,15.36,idle,0.703,absent,0.0,no_face_detected,absent,0.0,no_face_detected,,0.0,0,0,0.0,0,0,27
2026-06-17T23:10:07.239,469,5.731,70.023,0.096,0.06,0.041,77.48,15.11,idle,0.797,absent,0.0,no_face_detected,absent,0.0,no_face_detected,,0.0,0,0,0.0,0,0,28
2026-06-17T23:10:07.310,470,3.774,63.869,0.25,0.047,0.037,69.266,15.05,idle,0.859,absent,0.0,no_face_detected,absent,0.0,no_face_detected,,0.0,0,0,0.0,0,0,29
2026-06-17T23:10:07.401,471,3.569,68.293,0.114,0.022,0.044,72.747,14.92,idle,0.953,absent,0.0,no_face_detected,absent,0.0,no_face_detected,,0.0,0,0,0.0,0,0,30
2026-06-17T23:10:07.472,472,5.506,62.687,0.146,0.036,0.059,69.157,14.87,idle,1.016,absent,0.0,no_face_detected,absent,0.0,no_face_detected,,0.0,0,0,0.0,0,0,31
2026-06-17T23:10:07.566,473,4.29,67.874,0.34,0.028,0.043,72.965,14.75,idle,1.109,absent,0.0,no_face_detected,absent,0.0,no_face_detected,,0.0,0,0,0.0,0,0,32
2026-06-17T23:10:07.650,474,4.505,60.976,0.26,0.049,0.039,67.058,14.77,idle,1.203,absent,0.0,no_face_detected,absent,0.0,no_face_detected,,0.0,0,0,0.0,0,0,33
2026-06-17T23:10:07.730,475,5.394,70.557,0.143,0.021,0.042,76.775,14.6,idle,1.281,absent,0.0,no_face_detected,absent,0.0,no_face_detected,,0.0,0,0,0.0,0,0,34
2026-06-17T23:10:07.812,476,3.676,61.701,0.412,0.06,0.11,66.589,14.64,idle,1.359,absent,0.0,no_face_detected,absent,0.0,no_face_detected,,0.0,0,0,0.0,0,0,35
2026-06-17T23:10:07.889,477,3.235,65.643,0.075,0.018,0.038,69.694,14.61,idle,1.437,absent,0.0,no_face_detected,absent,0.0,no_face_detected,,0.0,0,0,0.0,0,0,36
2026-06-17T23:10:07.963,478,4.476,55.762,0.264,0.048,0.041,61.549,14.77,idle,1.516,absent,0.0,no_face_detected,absent,0.0,no_face_detected,,0.0,0,0,0.0,0,0,37
2026-06-17T23:10:08.038,479,3.561,62.836,0.248,0.02,0.037,67.396,14.78,idle,1.594,absent,0.0,no_face_detected,absent,0.0,no_face_detected,,0.0,0,0,0.0,0,0,38
2026-06-17T23:10:08.138,480,21.842,62.54,0.098,0.022,0.042,85.865,14.47,idle,1.687,absent,0.0,no_face_detected,absent,0.0,no_face_detected,,0.0,0,0,0.0,0,0,39
2026-06-17T23:10:08.222,481,5.304,73.137,0.106,0.022,0.045,79.922,14.27,idle,1.766,absent,0.0,no_face_detected,absent,0.0,no_face_detected,,0.0,0,0,0.0,0,0,40
2026-06-17T23:10:08.309,482,3.759,69.841,0.085,0.019,0.038,74.431,14.19,idle,1.859,absent,0.0,no_face_detected,absent,0.0,no_face_detected,,0.0,0,0,0.0,0,0,41
2026-06-17T23:10:08.405,483,3.769,75.583,0.251,0.058,0.072,80.422,14.01,idle,1.953,absent,0.0,no_face_detected,absent,0.0,no_face_detected,,0.0,0,0,0.0,0,0,42
2026-06-17T23:10:08.488,484,5.525,65.592,0.109,0.019,0.039,72.325,13.99,idle,2.031,absent,0.0,no_face_detected,absent,0.0,no_face_detected,,0.0,0,0,0.0,0,0,43
2026-06-17T23:10:08.580,485,4.491,75.11,0.086,0.026,0.036,80.773,13.83,idle,2.125,absent,0.0,no_face_detected,absent,0.0,no_face_detected,,0.0,0,0,0.0,0,0,44
2026-06-17T23:10:08.653,486,5.009,63.178,0.132,0.018,0.038,69.118,13.9,idle,2.203,absent,0.0,no_face_detected,absent,0.0,no_face_detected,,0.0,0,0,0.0,0,0,45
2026-06-17T23:10:08.738,487,5.356,61.731,0.121,0.025,0.05,68.148,13.97,idle,2.297,absent,0.0,no_face_detected,absent,0.0,no_face_detected,,0.0,0,0,0.0,0,0,46
2026-06-17T23:10:08.812,488,3.657,67.526,0.137,0.022,0.042,71.96,13.97,idle,2.359,absent,0.0,no_face_detected,absent,0.0,no_face_detected,,0.0,0,0,0.0,0,0,47
2026-06-17T23:10:08.902,489,3.827,69.532,0.167,0.023,0.043,74.384,13.91,idle,2.453,absent,0.0,no_face_detected,absent,0.0,no_face_detected,,0.0,0,0,0.0,0,0,48
2026-06-17T23:10:08.982,490,3.469,65.634,0.136,0.03,0.087,70.22,13.95,idle,2.531,absent,0.0,no_face_detected,absent,0.0,no_face_detected,,0.0,0,0,0.0,0,0,49
2026-06-17T23:10:09.063,491,4.236,67.218,0.087,0.021,0.04,72.107,13.94,idle,2.609,absent,0.0,no_face_detected,absent,0.0,no_face_detected,,0.0,0,0,0.0,0,0,50
2026-06-17T23:10:09.155,492,8.195,69.855,0.492,0.045,0.086,79.337,13.81,idle,2.703,absent,0.0,no_face_detected,absent,0.0,no_face_detected,,0.0,0,0,0.0,0,0,51
2026-06-17T23:10:09.244,493,5.297,76.881,0.363,0.02,0.041,83.682,13.62,idle,2.797,absent,0.0,no_face_detected,absent,0.0,no_face_detected,,0.0,0,0,0.0,0,0,52
2026-06-17T23:10:09.321,494,3.664,73.161,0.222,0.021,0.04,77.764,13.54,idle,2.875,absent,0.0,no_face_detected,absent,0.0,no_face_detected,,0.0,0,0,0.0,0,0,53
2026-06-17T23:10:09.422,495,3.693,75.538,0.119,0.021,0.042,80.11,13.44,idle,2.969,absent,0.0,no_face_detected,absent,0.0,no_face_detected,,0.0,0,0,0.0,0,0,54
2026-06-17T23:10:09.511,496,5.757,76.403,0.083,0.021,0.036,82.951,13.3,idle,3.062,absent,0.0,no_stable_face_candidate,absent,0.0,no_face_detected,,0.0,2,0,0.0,0,0,55
2026-06-17T23:10:09.621,497,4.607,85.951,0.198,0.05,0.168,91.76,13.06,idle,3.172,absent,0.0,no_stable_face_candidate,absent,0.0,no_face_detected,,0.0,2,0,0.0,0,0,56
2026-06-17T23:10:09.724,498,3.464,87.024,0.171,0.043,0.072,91.468,12.85,idle,3.281,absent,0.0,no_face_detected,absent,0.0,no_face_detected,,0.0,0,0,0.0,0,0,57
2026-06-17T23:10:09.826,499,3.741,84.238,0.158,0.039,0.064,89.017,12.69,idle,3.375,absent,0.0,no_stable_face_candidate,absent,0.0,no_face_detected,,0.0,1,0,0.0,0,0,58
2026-06-17T23:10:09.927,500,3.528,83.747,0.271,0.041,0.095,88.541,12.55,idle,3.484,absent,0.0,no_face_detected,absent,0.0,no_face_detected,,0.0,0,0,0.0,0,0,59
2026-06-17T23:10:10.011,501,4.145,72.775,0.081,0.019,0.029,77.822,12.58,idle,3.562,engaged,0.84,face_centered,absent,0.0,no_face_detected,"(498, 358, 229, 229)",0.0569,1,1,0.788,0,0,60
2026-06-17T23:10:10.105,502,3.718,78.149,0.102,0.027,0.037,82.662,12.53,disengaged,0.0,engaged,0.847,face_centered,disengaged,0.0,no_stable_face_candidate,"(492, 354, 237, 237)",0.0609,1,1,0.844,0,1,0
2026-06-17T23:10:10.212,503,4.325,87.457,0.313,0.02,0.035,93.419,12.35,disengaged,0.11,absent,0.0,no_face_detected,disengaged,0.0,no_face_detected,"(492, 354, 237, 237)",0.0609,0,0,0.844,0,2,0
2026-06-17T23:10:10.295,504,5.639,68.527,0.056,0.016,0.034,75.121,12.44,disengaged,0.188,engaged,0.858,face_centered,engaged,0.55,unstable_window_face_centered,"(487, 348, 250, 250)",0.0678,1,1,0.872,1,0,0
2026-06-17T23:10:10.382,505,3.695,72.683,0.076,0.019,0.03,77.206,12.49,engaged,0.0,engaged,0.851,face_centered,engaged,0.849,face_centered,"(492, 354, 242, 242)",0.0635,2,1,0.855,2,0,0
2026-06-17T23:10:10.477,506,3.54,82.153,0.077,0.019,0.031,86.692,12.4,engaged,0.094,engaged,0.843,face_centered,engaged,0.848,face_centered,"(500, 358, 229, 229)",0.0569,1,1,0.822,3,0,0
2026-06-17T23:10:10.557,507,3.662,64.15,0.17,0.035,0.072,69.075,12.61,engaged,0.172,absent,0.0,no_face_detected,engaged,0.848,face_centered,"(500, 358, 229, 229)",0.0569,0,0,0.822,4,0,0
2026-06-17T23:10:10.665,508,3.764,89.12,0.176,0.032,0.066,93.756,12.41,engaged,0.282,absent,0.0,no_face_detected,engaged,0.85,face_centered,"(500, 358, 229, 229)",0.0569,0,0,0.822,5,0,0
2026-06-17T23:10:10.743,509,3.55,60.832,0.071,0.023,0.045,65.378,12.7,engaged,0.36,absent,0.0,no_face_detected,absent,0.0,unstable_window_no_face_detected,,0.0,0,0,0.0,0,0,1
2026-06-17T23:10:10.812,510,4.801,57.071,0.063,0.022,0.039,63.431,13.01,engaged,0.422,absent,0.0,no_face_detected,absent,0.0,unstable_window_no_face_detected,,0.0,0,0,0.0,0,0,2
2026-06-17T23:10:10.894,511,5.578,67.376,0.126,0.024,0.047,73.699,13.06,engaged,0.516,absent,0.0,no_face_detected,disengaged,0.0,no_face_detected,"(500, 358, 229, 229)",0.0569,0,0,0.822,0,1,0
2026-06-17T23:10:10.986,512,3.527,79.328,0.11,0.023,0.04,83.946,12.95,engaged,0.594,absent,0.0,no_face_detected,absent,0.0,no_face_detected,,0.0,0,0,0.0,0,0,1
2026-06-17T23:10:11.076,513,4.375,71.867,0.165,0.039,0.065,78.023,12.93,engaged,0.688,absent,0.0,no_face_detected,absent,0.0,no_face_detected,,0.0,0,0,0.0,0,0,2
2026-06-17T23:10:11.166,514,4.472,72.818,0.179,0.028,0.052,78.089,12.92,engaged,0.782,absent,0.0,no_face_detected,absent,0.0,no_face_detected,,0.0,0,0,0.0,0,0,3
2026-06-17T23:10:11.260,515,3.56,77.512,0.097,0.023,0.04,82.357,12.84,engaged,0.875,absent,0.0,no_face_detected,absent,0.0,no_face_detected,,0.0,0,0,0.0,0,0,4
2026-06-17T23:10:11.350,516,5.149,73.668,0.253,0.061,0.111,80.14,12.81,engaged,0.969,absent,0.0,no_face_detected,absent,0.0,no_face_detected,,0.0,0,0,0.0,0,0,5
2026-06-17T23:10:11.438,517,5.139,70.1,0.232,0.278,0.08,76.824,12.83,engaged,1.047,absent,0.0,no_face_detected,absent,0.0,no_face_detected,,0.0,0,0,0.0,0,0,6
2026-06-17T23:10:11.539,518,7.691,79.002,0.132,0.033,0.061,87.789,12.68,engaged,1.157,absent,0.0,no_face_detected,absent,0.0,no_face_detected,,0.0,0,0,0.0,0,0,7
2026-06-17T23:10:11.646,519,4.644,86.45,0.13,0.039,0.058,92.75,12.49,disengaged,0.0,absent,0.0,no_face_detected,absent,0.0,no_face_detected,,0.0,0,0,0.0,0,0,8
2026-06-17T23:10:11.738,520,5.273,76.859,0.158,0.042,0.076,83.201,12.45,disengaged,0.11,absent,0.0,no_face_detected,absent,0.0,no_face_detected,,0.0,0,0,0.0,0,0,9
2026-06-17T23:10:11.829,521,3.453,69.638,0.114,0.025,0.038,74.094,12.55,disengaged,0.188,absent,0.0,no_face_detected,absent,0.0,no_face_detected,,0.0,0,0,0.0,0,0,10
2026-06-17T23:10:11.914,522,5.713,72.571,0.183,0.022,0.035,79.403,12.56,disengaged,0.282,absent,0.0,no_face_detected,absent,0.0,no_face_detected,,0.0,0,0,0.0,0,0,11
2026-06-17T23:10:12.014,523,3.755,74.471,0.218,0.104,0.041,79.214,12.56,disengaged,0.375,absent,0.0,no_face_detected,absent,0.0,no_face_detected,,0.0,0,0,0.0,0,0,12
2026-06-17T23:10:12.094,524,4.429,70.534,0.082,0.028,0.041,75.954,12.62,disengaged,0.454,absent,0.0,no_face_detected,absent,0.0,no_face_detected,,0.0,0,0,0.0,0,0,13
2026-06-17T23:10:12.189,525,4.008,76.758,0.169,0.047,0.057,81.706,12.58,disengaged,0.547,absent,0.0,no_face_detected,absent,0.0,no_face_detected,,0.0,0,0,0.0,0,0,14
2026-06-17T23:10:12.288,526,5.922,78.795,0.224,0.044,0.053,86.641,12.48,disengaged,0.657,absent,0.0,no_face_detected,absent,0.0,no_face_detected,,0.0,0,0,0.0,0,0,15
2026-06-17T23:10:12.380,527,3.693,81.33,0.099,0.025,0.04,86.251,12.39,idle,0.0,absent,0.0,no_face_detected,absent,0.0,no_face_detected,,0.0,0,0,0.0,0,0,16
2026-06-17T23:10:12.483,528,5.661,82.615,0.188,0.04,0.102,89.442,12.27,idle,0.094,absent,0.0,no_face_detected,absent,0.0,no_face_detected,,0.0,0,0,0.0,0,0,17
2026-06-17T23:10:12.577,529,5.181,76.987,0.259,0.046,0.033,83.278,12.24,idle,0.188,absent,0.0,no_stable_face_candidate,absent,0.0,no_face_detected,,0.0,1,0,0.0,0,0,18
2026-06-17T23:10:12.664,530,5.476,70.703,0.26,0.161,0.042,77.382,12.31,idle,0.282,absent,0.0,no_face_detected,absent,0.0,no_face_detected,,0.0,0,0,0.0,0,0,19
2026-06-17T23:10:12.748,531,3.701,69.42,0.095,0.022,0.04,74.074,12.43,idle,0.36,absent,0.0,no_face_detected,absent,0.0,no_face_detected,,0.0,0,0,0.0,0,0,20
2026-06-17T23:10:12.832,532,3.759,65.701,0.191,0.041,0.083,71.231,12.59,idle,0.438,absent,0.0,no_face_detected,absent,0.0,no_face_detected,,0.0,0,0,0.0,0,0,21
2026-06-17T23:10:12.923,533,11.932,68.722,0.155,0.02,0.036,81.442,12.56,idle,0.532,absent,0.0,no_stable_face_candidate,absent,0.0,no_face_detected,,0.0,1,0,0.0,0,0,22
2026-06-17T23:10:13.026,534,6.211,82.398,0.209,0.035,0.036,90.037,12.42,idle,0.641,absent,0.0,no_stable_face_candidate,absent,0.0,no_face_detected,,0.0,1,0,0.0,0,0,23
2026-06-17T23:10:13.115,535,3.816,74.358,0.117,0.027,0.052,79.374,12.43,idle,0.735,absent,0.0,no_face_detected,absent,0.0,no_face_detected,,0.0,0,0,0.0,0,0,24
2026-06-17T23:10:13.209,536,3.653,78.677,0.105,0.058,0.043,83.31,12.39,idle,0.829,absent,0.0,no_face_detected,absent,0.0,no_face_detected,,0.0,0,0,0.0,0,0,25
2026-06-17T23:10:13.315,537,4.966,90.452,0.147,0.032,0.066,96.449,12.19,idle,0.922,absent,0.0,no_face_detected,absent,0.0,no_face_detected,,0.0,0,0,0.0,0,0,26
2026-06-17T23:10:13.410,538,4.176,79.689,0.075,0.019,0.03,84.757,12.15,idle,1.032,disengaged,0.776,face_left_or_right+face_too_small,absent,0.0,no_face_detected,"(1158, 107, 97, 97)",0.0102,1,1,0.045,0,0,27
2026-06-17T23:10:13.512,539,4.706,82.41,0.175,0.031,0.057,87.82,12.07,idle,1.125,absent,0.0,no_face_detected,absent,0.0,no_face_detected,,0.0,0,0,0.0,0,0,28
2026-06-17T23:10:13.601,540,5.788,71.819,0.26,0.024,0.049,78.519,12.14,idle,1.219,absent,0.0,no_face_detected,absent,0.0,no_face_detected,,0.0,0,0,0.0,0,0,29
2026-06-17T23:10:13.691,541,4.724,76.312,0.241,0.021,0.04,81.93,12.15,idle,1.313,absent,0.0,no_face_detected,absent,0.0,no_face_detected,,0.0,0,0,0.0,0,0,30
2026-06-17T23:10:13.794,542,3.996,89.024,0.116,0.025,0.034,94.048,11.99,disengaged,0.0,engaged,0.82,face_centered,disengaged,0.776,face_left_or_right+face_too_small,"(496, 349, 238, 238)",0.0615,2,1,0.411,0,1,0
2026-06-17T23:10:13.908,543,3.931,91.409,0.086,0.029,0.063,96.441,11.83,disengaged,0.109,engaged,0.863,face_centered,disengaged,0.776,face_left_or_right+face_too_small,"(493, 345, 245, 245)",0.0651,1,1,0.871,0,2,0
2026-06-17T23:10:14.009,544,4.422,84.907,0.049,0.016,0.032,90.228,11.76,disengaged,0.218,engaged,0.856,face_centered,engaged,0.55,unstable_window_face_centered,"(495, 349, 240, 240)",0.0625,2,1,0.857,1,0,0
2026-06-17T23:10:14.102,545,5.722,79.703,0.091,0.057,0.033,86.397,11.74,engaged,0.0,engaged,0.857,face_centered,engaged,0.849,face_centered,"(495, 349, 240, 240)",0.0625,1,1,0.865,2,0,0
2026-06-17T23:10:14.203,546,4.61,80.31,0.305,0.064,0.129,86.444,11.72,engaged,0.094,engaged,0.858,face_centered,engaged,0.851,face_centered,"(495, 348, 241, 241)",0.063,1,1,0.865,3,0,0
2026-06-17T23:10:14.296,547,5.544,80.123,0.086,0.021,0.052,86.288,11.71,engaged,0.188,engaged,0.859,face_centered,engaged,0.852,face_centered,"(496, 347, 240, 240)",0.0625,1,1,0.861,4,0,0
2026-06-17T23:10:14.394,548,3.889,79.587,0.11,0.06,0.031,84.338,11.72,engaged,0.281,engaged,0.852,face_centered,engaged,0.852,face_centered,"(499, 349, 231, 231)",0.0579,2,2,0.833,5,0,0
2026-06-17T23:10:14.476,549,3.851,75.242,0.178,0.02,0.04,80.249,11.8,engaged,0.375,absent,0.0,no_face_detected,engaged,0.857,face_centered,"(499, 349, 231, 231)",0.0579,0,0,0.833,6,0,0
2026-06-17T23:10:14.577,550,5.563,83.648,0.077,0.019,0.035,89.942,11.73,engaged,0.469,engaged,0.853,face_centered,engaged,0.856,face_centered,"(493, 350, 240, 240)",0.0625,2,1,0.842,7,0,0
2026-06-17T23:10:14.672,551,3.721,77.724,0.118,0.029,0.049,82.316,11.77,engaged,0.563,absent,0.0,no_face_detected,engaged,0.856,face_centered,"(493, 350, 240, 240)",0.0625,0,0,0.842,8,0,0
2026-06-17T23:10:14.782,552,6.047,90.439,0.166,0.034,0.061,97.594,11.62,engaged,0.672,absent,0.0,no_stable_face_candidate,engaged,0.855,face_centered,"(493, 350, 240, 240)",0.0625,1,0,0.842,9,0,0
2026-06-17T23:10:14.881,553,3.781,84.078,0.105,0.034,0.064,88.907,11.58,engaged,0.781,absent,0.0,no_face_detected,absent,0.0,unstable_window_no_face_detected,,0.0,0,0,0.0,0,0,1
2026-06-17T23:10:14.985,554,5.359,86.066,0.201,0.049,0.1,92.392,11.51,engaged,0.875,absent,0.0,no_stable_face_candidate,disengaged,0.0,no_face_detected,"(493, 350, 240, 240)",0.0625,1,0,0.842,0,1,0
2026-06-17T23:10:15.095,555,5.799,94.128,0.11,0.02,0.035,101.425,11.34,engaged,0.985,absent,0.0,no_stable_face_candidate,absent,0.0,no_face_detected,,0.0,1,0,0.0,0,0,1
2026-06-17T23:10:15.196,556,4.554,83.833,0.115,0.021,0.034,89.183,11.33,engaged,1.094,absent,0.0,no_stable_face_candidate,absent,0.0,no_stable_face_candidate,,0.0,1,0,0.0,0,0,2
2026-06-17T23:10:15.301,557,3.818,85.977,0.186,0.029,0.064,91.221,11.29,engaged,1.203,absent,0.0,no_face_detected,absent,0.0,no_stable_face_candidate,,0.0,0,0,0.0,0,0,3
2026-06-17T23:10:15.389,558,4.141,73.883,0.142,0.023,0.039,78.851,11.43,engaged,1.281,absent,0.0,no_face_detected,absent,0.0,no_stable_face_candidate,,0.0,0,0,0.0,0,0,4
2026-06-17T23:10:15.469,559,4.583,66.207,0.107,0.024,0.044,72.099,11.67,engaged,1.36,absent,0.0,no_face_detected,absent,0.0,no_face_detected,,0.0,0,0,0.0,0,0,5
2026-06-17T23:10:15.547,560,4.246,70.864,0.114,0.028,0.053,75.789,11.83,engaged,1.438,absent,0.0,no_face_detected,absent,0.0,no_face_detected,,0.0,0,0,0.0,0,0,6
2026-06-17T23:10:15.632,561,3.788,62.748,0.118,0.031,0.045,67.864,12.12,engaged,1.531,engaged,0.86,face_centered,absent,0.0,no_face_detected,"(502, 350, 240, 240)",0.0625,1,1,0.843,0,0,7
2026-06-17T23:10:15.714,562,3.679,63.272,0.123,0.023,0.036,67.662,12.38,disengaged,0.0,absent,0.0,no_stable_face_candidate,absent,0.0,no_face_detected,,0.0,1,0,0.0,0,0,8
2026-06-17T23:10:15.816,563,17.999,71.99,0.181,0.021,0.032,91.767,12.24,disengaged,0.093,absent,0.0,no_stable_face_candidate,absent,0.0,no_face_detected,,0.0,1,0,0.0,0,0,9
2026-06-17T23:10:15.896,564,6.19,63.009,0.107,0.028,0.041,69.82,12.44,disengaged,0.187,absent,0.0,no_stable_face_candidate,absent,0.0,no_face_detected,,0.0,1,0,0.0,0,0,10
2026-06-17T23:10:15.974,565,5.778,62.337,0.133,0.035,0.055,68.861,12.65,disengaged,0.265,absent,0.0,no_stable_face_candidate,absent,0.0,no_stable_face_candidate,,0.0,1,0,0.0,0,0,11
2026-06-17T23:10:16.054,566,5.365,69.741,0.226,0.068,0.197,76.412,12.7,disengaged,0.343,absent,0.0,no_face_detected,absent,0.0,no_stable_face_candidate,,0.0,0,0,0.0,0,0,12
2026-06-17T23:10:16.138,567,3.856,65.221,0.116,0.029,0.032,69.88,12.86,disengaged,0.421,absent,0.0,no_stable_face_candidate,absent,0.0,no_stable_face_candidate,,0.0,1,0,0.0,0,0,13
2026-06-17T23:10:16.208,568,4.943,56.395,0.126,0.03,0.038,62.146,13.18,disengaged,0.5,absent,0.0,no_face_detected,absent,0.0,no_stable_face_candidate,,0.0,0,0,0.0,0,0,14
2026-06-17T23:10:16.306,569,10.066,74.625,0.154,0.037,0.048,85.687,13.03,disengaged,0.593,absent,0.0,no_face_detected,absent,0.0,no_stable_face_candidate,,0.0,0,0,0.0,0,0,15
2026-06-17T23:10:16.389,570,6.581,68.275,0.208,0.027,0.034,76.184,13.04,disengaged,0.671,absent,0.0,no_face_detected,absent,0.0,no_face_detected,,0.0,0,0,0.0,0,0,16
2026-06-17T23:10:16.471,571,4.066,61.22,0.451,0.061,0.093,66.725,13.23,idle,0.0,absent,0.0,no_face_detected,absent,0.0,no_face_detected,,0.0,0,0,0.0,0,0,17
2026-06-17T23:10:16.580,572,4.208,92.32,0.13,0.034,0.053,97.655,12.93,idle,0.109,disengaged,0.782,face_left_or_right+face_high_or_low+face_too_small,absent,0.0,no_face_detected,"(105, 27, 122, 122)",0.0162,1,1,0.071,0,0,18
2026-06-17T23:10:16.666,573,4.132,71.096,0.225,0.047,0.09,76.35,12.95,idle,0.203,absent,0.0,no_face_detected,absent,0.0,no_face_detected,,0.0,0,0,0.0,0,0,19
2026-06-17T23:10:16.745,574,3.591,62.238,0.127,0.027,0.052,66.689,13.16,idle,0.281,absent,0.0,no_face_detected,absent,0.0,no_face_detected,,0.0,0,0,0.0,0,0,20
2026-06-17T23:10:16.821,575,3.633,63.801,0.182,0.046,0.118,68.264,13.3,idle,0.359,absent,0.0,no_face_detected,absent,0.0,no_face_detected,,0.0,0,0,0.0,0,0,21
2026-06-17T23:10:16.900,576,4.072,59.341,0.143,0.02,0.052,64.538,13.52,idle,0.437,absent,0.0,no_face_detected,absent,0.0,no_face_detected,,0.0,0,0,0.0,0,0,22
2026-06-17T23:10:16.999,577,28.695,63.386,0.068,0.025,0.033,93.039,13.25,idle,0.531,disengaged,0.812,face_left_or_right+face_high_or_low+face_too_small,disengaged,0.797,face_left_or_right+face_high_or_low+face_too_small,"(110, 36, 110, 110)",0.0131,1,1,0.473,0,1,0
2026-06-17T23:10:17.083,578,6.014,70.028,0.095,0.028,0.028,76.977,13.22,idle,0.625,disengaged,0.814,face_left_or_right+face_high_or_low+face_too_small,disengaged,0.803,face_left_or_right+face_high_or_low+face_too_small,"(110, 36, 110, 110)",0.0131,1,1,0.507,0,2,0
2026-06-17T23:10:17.172,579,7.694,65.392,0.136,0.027,0.033,73.944,13.25,idle,0.703,absent,0.0,no_stable_face_candidate,disengaged,0.813,face_left_or_right+face_high_or_low+face_too_small,"(110, 36, 110, 110)",0.0131,1,0,0.507,0,3,0
2026-06-17T23:10:17.255,580,3.637,66.437,0.089,0.021,0.041,70.895,13.34,disengaged,0.0,absent,0.0,no_face_detected,disengaged,0.813,face_left_or_right+face_high_or_low+face_too_small,"(110, 36, 110, 110)",0.0131,0,0,0.507,0,4,0
2026-06-17T23:10:17.348,581,6.862,77.565,0.096,0.022,0.042,85.886,13.17,disengaged,0.109,absent,0.0,no_face_detected,disengaged,0.813,face_left_or_right+face_high_or_low+face_too_small,"(110, 36, 110, 110)",0.0131,0,0,0.507,0,5,0
2026-06-17T23:10:17.434,582,5.234,66.31,0.129,0.021,0.04,72.374,13.23,disengaged,0.187,absent,0.0,no_face_detected,disengaged,0.813,face_left_or_right+face_high_or_low+face_too_small,"(110, 36, 110, 110)",0.0131,0,0,0.507,0,6,0
2026-06-17T23:10:17.510,583,3.85,59.943,0.266,0.06,0.082,65.101,13.44,disengaged,0.265,absent,0.0,no_face_detected,disengaged,0.813,face_left_or_right+face_high_or_low+face_too_small,"(110, 36, 110, 110)",0.0131,0,0,0.507,0,7,0
2026-06-17T23:10:17.596,584,6.296,71.223,0.128,0.022,0.037,78.485,13.37,disengaged,0.344,absent,0.0,no_face_detected,absent,0.0,no_face_detected,,0.0,0,0,0.0,0,0,1
2026-06-17T23:10:17.677,585,3.708,64.655,0.134,0.022,0.035,69.346,13.48,disengaged,0.437,absent,0.0,no_face_detected,absent,0.0,no_face_detected,,0.0,0,0,0.0,0,0,2
2026-06-17T23:10:17.760,586,5.052,67.425,0.291,0.094,0.038,74.005,13.48,disengaged,0.515,absent,0.0,no_stable_face_candidate,absent,0.0,no_face_detected,,0.0,1,0,0.0,0,0,3
2026-06-17T23:10:17.841,587,4.304,71.924,0.243,0.065,0.046,77.444,13.43,disengaged,0.594,absent,0.0,no_face_detected,absent,0.0,no_face_detected,,0.0,0,0,0.0,0,0,4
2026-06-17T23:10:17.922,588,3.948,68.984,0.226,0.056,0.058,74.066,13.43,disengaged,0.672,absent,0.0,no_face_detected,absent,0.0,no_face_detected,,0.0,0,0,0.0,0,0,5
2026-06-17T23:10:18.005,589,3.865,65.991,0.13,0.033,0.06,70.687,13.5,disengaged,0.765,absent,0.0,no_face_detected,absent,0.0,no_face_detected,,0.0,0,0,0.0,0,0,6
2026-06-17T23:10:18.101,590,3.989,68.297,0.148,0.024,0.039,73.14,13.52,disengaged,0.859,absent,0.0,no_face_detected,absent,0.0,no_face_detected,,0.0,0,0,0.0,0,0,7
2026-06-17T23:10:18.190,591,7.202,67.031,0.188,0.048,0.08,75.829,13.49,disengaged,0.937,absent,0.0,no_face_detected,absent,0.0,no_face_detected,,0.0,0,0,0.0,0,0,8
2026-06-17T23:10:18.272,592,6.38,72.632,0.257,0.07,0.039,80.237,13.39,disengaged,1.031,absent,0.0,no_face_detected,absent,0.0,no_face_detected,,0.0,0,0,0.0,0,0,9
2026-06-17T23:10:18.371,593,5.149,79.272,0.138,0.023,0.038,85.144,13.22,disengaged,1.125,absent,0.0,no_face_detected,absent,0.0,no_face_detected,,0.0,0,0,0.0,0,0,10
2026-06-17T23:10:18.464,594,4.17,70.611,0.174,0.055,0.083,75.618,13.22,disengaged,1.219,absent,0.0,no_face_detected,absent,0.0,no_face_detected,,0.0,0,0,0.0,0,0,11
2026-06-17T23:10:18.542,595,4.926,69.688,0.184,0.025,0.039,75.316,13.23,idle,0.0,absent,0.0,no_face_detected,absent,0.0,no_face_detected,,0.0,0,0,0.0,0,0,12
2026-06-17T23:10:18.633,596,4.066,72.029,0.12,0.026,0.049,77.031,13.2,idle,0.093,absent,0.0,no_face_detected,absent,0.0,no_face_detected,,0.0,0,0,0.0,0,0,13
2026-06-17T23:10:18.715,597,5.018,65.666,0.246,0.063,0.04,71.701,13.28,idle,0.172,absent,0.0,no_face_detected,absent,0.0,no_face_detected,,0.0,0,0,0.0,0,0,14
2026-06-17T23:10:18.794,598,3.676,64.41,0.116,0.026,0.048,68.929,13.4,idle,0.25,absent,0.0,no_stable_face_candidate,absent,0.0,no_face_detected,,0.0,1,0,0.0,0,0,15
2026-06-17T23:10:18.874,599,5.459,72.119,0.179,0.019,0.034,78.531,13.33,idle,0.328,absent,0.0,no_stable_face_candidate,absent,0.0,no_face_detected,,0.0,1,0,0.0,0,0,16
2026-06-17T23:10:18.966,600,3.872,68.452,0.077,0.02,0.032,73.114,13.37,idle,0.422,disengaged,0.623,face_left_or_right,absent,0.0,no_face_detected,"(74, 260, 155, 155)",0.0261,3,2,0.204,0,0,17
2026-06-17T23:10:19.050,601,3.985,74.285,0.077,0.027,0.031,79.247,13.29,idle,0.5,disengaged,0.731,face_left_or_right+face_too_small,disengaged,0.677,face_left_or_right,"(102, 210, 97, 97)",0.0102,1,1,0.06,0,1,0
2026-06-17T23:10:19.139,602,4.054,75.619,0.09,0.029,0.038,80.413,13.21,idle,0.593,absent,0.0,no_face_detected,disengaged,0.677,face_left_or_right,"(102, 210, 97, 97)",0.0102,0,0,0.06,0,2,0
2026-06-17T23:10:19.230,603,6.167,72.854,0.09,0.028,0.038,79.766,13.14,idle,0.687,absent,0.0,no_face_detected,disengaged,0.677,face_left_or_right,"(102, 210, 97, 97)",0.0102,0,0,0.06,0,3,0
2026-06-17T23:10:19.326,604,4.742,79.459,0.138,0.036,0.053,84.935,13.0,disengaged,0.0,disengaged,0.673,face_left_or_right+face_high_or_low,disengaged,0.676,face_left_or_right,"(90, 20, 136, 136)",0.0201,1,1,0.148,0,4,0
2026-06-17T23:10:19.426,605,3.861,81.782,0.183,0.02,0.038,86.677,12.86,disengaged,0.109,absent,0.0,no_face_detected,disengaged,0.676,face_left_or_right,"(90, 20, 136, 136)",0.0201,0,0,0.148,0,5,0
2026-06-17T23:10:19.504,606,4.426,67.622,0.36,0.085,0.138,73.39,12.93,disengaged,0.187,absent,0.0,no_face_detected,disengaged,0.676,face_left_or_right,"(90, 20, 136, 136)",0.0201,0,0,0.148,0,6,0
2026-06-17T23:10:19.586,607,4.238,67.672,0.096,0.022,0.04,72.731,13.02,disengaged,0.266,absent,0.0,no_face_detected,disengaged,0.702,face_left_or_right+face_too_small,"(90, 20, 136, 136)",0.0201,0,0,0.148,0,7,0
2026-06-17T23:10:19.688,608,6.019,77.451,0.124,0.024,0.083,84.581,12.9,disengaged,0.359,absent,0.0,no_face_detected,absent,0.0,no_face_detected,,0.0,0,0,0.0,0,0,1
2026-06-17T23:10:19.785,609,5.586,80.781,0.149,0.041,0.06,87.822,12.75,disengaged,0.469,absent,0.0,no_face_detected,absent,0.0,no_face_detected,,0.0,0,0,0.0,0,0,2
2026-06-17T23:10:19.874,610,5.186,78.054,0.117,0.024,0.035,84.371,12.66,disengaged,0.547,absent,0.0,no_stable_face_candidate,absent,0.0,no_face_detected,,0.0,1,0,0.0,0,0,3
2026-06-17T23:10:19.967,611,3.628,76.989,0.163,0.022,0.032,81.543,12.62,disengaged,0.641,absent,0.0,no_stable_face_candidate,absent,0.0,no_face_detected,,0.0,1,0,0.0,0,0,4
2026-06-17T23:10:20.067,612,4.474,79.789,0.321,0.138,0.132,86.179,12.52,disengaged,0.75,absent,0.0,no_face_detected,absent,0.0,no_face_detected,,0.0,0,0,0.0,0,0,5
2026-06-17T23:10:20.165,613,3.952,83.676,0.107,0.023,0.037,88.717,12.39,disengaged,0.844,absent,0.0,no_face_detected,absent,0.0,no_face_detected,,0.0,0,0,0.0,0,0,6
2026-06-17T23:10:20.267,614,3.935,84.778,0.12,0.03,0.049,89.541,12.27,disengaged,0.937,absent,0.0,no_face_detected,absent,0.0,no_face_detected,,0.0,0,0,0.0,0,0,7
2026-06-17T23:10:20.372,615,5.639,83.695,0.096,0.024,0.041,90.175,12.15,disengaged,1.047,absent,0.0,no_face_detected,absent,0.0,no_face_detected,,0.0,0,0,0.0,0,0,8
2026-06-17T23:10:20.473,616,6.498,85.016,0.086,0.023,0.033,92.507,12.02,disengaged,1.156,engaged,0.815,face_centered,absent,0.0,no_face_detected,"(484, 344, 237, 237)",0.0609,2,1,0.407,0,0,9
2026-06-17T23:10:20.566,617,3.931,81.121,0.072,0.017,0.029,86.907,11.97,disengaged,1.234,engaged,0.85,face_centered,disengaged,0.0,no_face_detected,"(468, 332, 245, 245)",0.0651,3,2,0.831,0,1,0
2026-06-17T23:10:20.666,618,5.511,80.731,0.055,0.018,0.034,86.946,11.92,disengaged,1.344,engaged,0.831,face_centered,engaged,0.55,unstable_window_face_centered,"(477, 337, 217, 217)",0.0511,1,1,0.768,1,0,0
2026-06-17T23:10:20.759,619,3.46,78.174,0.093,0.053,0.031,82.431,11.94,engaged,0.0,engaged,0.828,face_centered,engaged,0.831,face_centered,"(474, 336, 211, 211)",0.0483,1,1,0.779,2,0,0
2026-06-17T23:10:20.859,620,3.954,87.694,0.071,0.017,0.03,92.414,11.83,engaged,0.094,engaged,0.825,face_centered,engaged,0.83,face_centered,"(478, 337, 203, 203)",0.0447,2,1,0.774,3,0,0
2026-06-17T23:10:20.948,621,3.839,72.05,0.08,0.021,0.03,77.001,11.94,engaged,0.188,engaged,0.838,face_centered,engaged,0.831,face_centered,"(476, 332, 221, 221)",0.053,3,3,0.786,4,0,0
2026-06-17T23:10:21.030,622,3.706,74.978,0.135,0.019,0.116,79.544,12.01,engaged,0.266,engaged,0.835,face_centered,engaged,0.832,face_centered,"(488, 339, 208, 208)",0.0469,2,2,0.776,5,0,0
2026-06-17T23:10:21.129,623,3.74,77.573,0.109,0.02,0.035,82.121,12.02,engaged,0.375,engaged,0.84,face_centered,engaged,0.835,face_centered,"(488, 337, 213, 213)",0.0492,2,2,0.8,6,0,0
2026-06-17T23:10:21.217,624,4.162,74.845,0.076,0.018,0.031,79.57,12.08,engaged,0.454,engaged,0.847,face_centered,engaged,0.835,face_centered,"(483, 334, 225, 225)",0.0549,1,1,0.817,7,0,0
2026-06-17T23:10:21.315,625,3.731,85.874,0.12,0.02,0.034,90.506,11.98,engaged,0.547,engaged,0.848,face_centered,engaged,0.837,face_centered,"(484, 333, 223, 223)",0.054,1,1,0.825,8,0,0
2026-06-17T23:10:21.412,626,3.697,80.824,0.076,0.019,0.031,85.286,11.95,engaged,0.657,engaged,0.834,face_centered,engaged,0.838,face_centered,"(492, 343, 206, 206)",0.046,1,1,0.779,9,0,0
2026-06-17T23:10:21.505,627,4.11,82.643,0.115,0.02,0.032,87.646,11.9,engaged,0.75,engaged,0.835,face_centered,engaged,0.84,face_centered,"(492, 343, 206, 206)",0.046,1,1,0.797,10,0,0
2026-06-17T23:10:21.617,628,3.918,90.399,0.08,0.018,0.031,95.029,11.76,engaged,0.86,engaged,0.835,face_centered,engaged,0.839,face_centered,"(488, 343, 213, 213)",0.0492,1,1,0.793,11,0,0
2026-06-17T23:10:21.712,629,3.66,80.848,0.073,0.018,0.029,85.411,11.75,engaged,0.954,engaged,0.843,face_centered,engaged,0.84,face_centered,"(487, 340, 221, 221)",0.053,3,1,0.811,12,0,0
2026-06-17T23:10:21.819,630,4.61,86.334,0.075,0.018,0.03,91.836,11.67,engaged,1.063,engaged,0.84,face_centered,engaged,0.84,face_centered,"(489, 341, 216, 216)",0.0506,1,1,0.808,13,0,0
2026-06-17T23:10:21.933,631,3.829,98.481,0.106,0.027,0.044,103.406,11.47,engaged,1.172,engaged,0.846,face_centered,engaged,0.84,face_centered,"(488, 338, 222, 222)",0.0535,1,1,0.819,14,0,0
2026-06-17T23:10:22.052,632,6.0,96.767,0.1,0.026,0.044,104.256,11.28,engaged,1.297,engaged,0.844,face_centered,engaged,0.839,face_centered,"(488, 339, 220, 220)",0.0525,2,1,0.82,15,0,0
2026-06-17T23:10:22.159,633,4.12,90.682,0.11,0.02,0.033,95.708,11.2,engaged,1.391,engaged,0.844,face_centered,engaged,0.841,face_centered,"(490, 337, 216, 216)",0.0506,1,1,0.804,16,0,0
2026-06-17T23:10:22.269,634,3.985,93.373,0.142,0.02,0.034,98.218,11.1,engaged,1.5,engaged,0.843,face_centered,engaged,0.842,face_centered,"(487, 338, 220, 220)",0.0525,2,1,0.813,17,0,0
2026-06-17T23:10:22.372,635,3.99,85.991,0.128,0.027,0.043,90.754,11.09,engaged,1.61,engaged,0.845,face_centered,engaged,0.843,face_centered,"(489, 339, 220, 220)",0.0525,1,1,0.819,18,0,0
2026-06-17T23:10:22.472,636,4.155,86.368,0.117,0.02,0.031,92.005,11.07,engaged,1.704,engaged,0.85,face_centered,engaged,0.845,face_centered,"(487, 336, 226, 226)",0.0554,2,1,0.831,19,0,0
2026-06-17T23:10:22.565,637,6.071,79.012,0.103,0.02,0.031,86.11,11.12,engaged,1.797,engaged,0.84,face_centered,engaged,0.845,face_centered,"(489, 340, 216, 216)",0.0506,1,1,0.8,20,0,0
2026-06-17T23:10:22.666,638,3.538,84.923,0.072,0.019,0.03,89.163,11.13,engaged,1.907,engaged,0.843,face_centered,engaged,0.844,face_centered,"(487, 340, 221, 221)",0.053,1,1,0.815,21,0,0
2026-06-17T23:10:22.777,639,5.367,86.935,0.078,0.018,0.029,94.503,11.08,engaged,2.016,engaged,0.838,face_centered,engaged,0.843,face_centered,"(492, 342, 212, 212)",0.0488,1,1,0.795,22,0,0
2026-06-17T23:10:22.877,640,4.451,84.832,0.127,0.022,0.039,90.461,11.07,engaged,2.11,engaged,0.838,face_centered,engaged,0.843,face_centered,"(490, 342, 213, 213)",0.0492,1,1,0.805,23,0,0
2026-06-17T23:10:22.988,641,6.127,87.947,0.144,0.024,0.039,95.378,11.01,engaged,2.235,engaged,0.844,face_centered,engaged,0.843,face_centered,"(488, 340, 223, 223)",0.054,1,1,0.81,24,0,0
2026-06-17T23:10:23.071,642,4.182,65.297,0.07,0.017,0.028,70.454,11.33,engaged,2.313,engaged,0.841,face_centered,engaged,0.842,face_centered,"(487, 341, 220, 220)",0.0525,1,1,0.814,25,0,0
2026-06-17T23:10:23.166,643,7.984,73.143,0.1,0.021,0.036,82.029,11.42,engaged,2.407,engaged,0.842,face_centered,engaged,0.841,face_centered,"(487, 341, 220, 220)",0.0525,1,1,0.824,26,0,0
2026-06-17T23:10:23.243,644,3.626,66.276,0.166,0.038,0.064,70.818,11.69,engaged,2.485,engaged,0.841,face_centered,engaged,0.841,face_centered,"(488, 343, 220, 220)",0.0525,1,1,0.817,27,0,0
2026-06-17T23:10:23.326,645,6.271,71.547,0.078,0.018,0.029,78.369,11.8,engaged,2.563,engaged,0.84,face_centered,engaged,0.841,face_centered,"(487, 341, 219, 219)",0.052,1,1,0.812,28,0,0
2026-06-17T23:10:23.418,646,3.862,71.055,0.098,0.019,0.031,75.485,11.94,engaged,2.657,engaged,0.834,face_centered,engaged,0.84,face_centered,"(488, 345, 214, 214)",0.0497,2,1,0.8,29,0,0
2026-06-17T23:10:23.505,647,3.908,73.741,0.071,0.017,0.028,78.342,12.02,engaged,2.75,engaged,0.839,face_centered,engaged,0.84,face_centered,"(488, 342, 216, 216)",0.0506,1,1,0.808,30,0,0
2026-06-17T23:10:23.595,648,4.436,72.519,0.104,0.025,0.042,78.181,12.1,engaged,2.829,engaged,0.845,face_centered,engaged,0.84,face_centered,"(485, 338, 224, 224)",0.0544,1,1,0.824,31,0,0
2026-06-17T23:10:23.681,649,3.391,68.98,0.147,0.031,0.117,73.319,12.25,engaged,2.922,engaged,0.837,face_centered,engaged,0.84,face_centered,"(489, 343, 215, 215)",0.0502,2,1,0.805,32,0,0
2026-06-17T23:10:23.772,650,3.824,71.754,0.27,0.079,0.055,76.787,12.33,engaged,3.016,engaged,0.843,face_centered,engaged,0.84,face_centered,"(486, 341, 223, 223)",0.054,1,1,0.817,33,0,0
2026-06-17T23:10:23.856,651,4.456,67.8,0.07,0.018,0.028,73.285,12.46,engaged,3.094,engaged,0.844,face_centered,engaged,0.84,face_centered,"(488, 341, 221, 221)",0.053,1,1,0.821,34,0,0
2026-06-17T23:10:23.940,652,6.401,74.403,0.09,0.021,0.037,81.938,12.44,engaged,3.172,engaged,0.844,face_centered,engaged,0.841,face_centered,"(488, 341, 221, 221)",0.053,1,1,0.826,35,0,0
2026-06-17T23:10:24.047,653,4.188,81.316,0.072,0.018,0.028,86.606,12.35,engaged,3.282,engaged,0.836,face_centered,engaged,0.841,face_centered,"(490, 344, 213, 213)",0.0492,2,1,0.797,36,0,0
2026-06-17T23:10:24.146,654,3.972,81.175,0.107,0.076,0.106,86.064,12.27,engaged,3.391,engaged,0.837,face_centered,engaged,0.841,face_centered,"(487, 344, 217, 217)",0.0511,3,2,0.807,37,0,0
2026-06-17T23:10:24.227,655,4.187,67.843,0.198,0.015,0.028,72.711,12.42,engaged,3.469,engaged,0.838,face_centered,engaged,0.84,face_centered,"(488, 343, 216, 216)",0.0506,2,2,0.81,38,0,0
2026-06-17T23:10:24.303,656,4.554,67.92,0.082,0.019,0.033,73.437,12.54,engaged,3.547,engaged,0.842,face_centered,engaged,0.841,face_centered,"(487, 341, 222, 222)",0.0535,1,1,0.817,39,0,0
2026-06-17T23:10:24.385,657,5.407,68.935,0.18,0.038,0.064,75.267,12.62,engaged,3.625,engaged,0.834,face_centered,engaged,0.839,face_centered,"(488, 345, 214, 214)",0.0497,2,1,0.796,40,0,0
2026-06-17T23:10:24.472,658,5.832,63.162,0.09,0.019,0.031,69.658,12.79,engaged,3.704,engaged,0.839,face_centered,engaged,0.839,face_centered,"(487, 340, 217, 217)",0.0511,2,2,0.805,41,0,0
2026-06-17T23:10:24.556,659,6.41,69.24,0.1,0.018,0.028,76.565,12.82,engaged,3.797,engaged,0.838,face_centered,engaged,0.838,face_centered,"(491, 341, 212, 212)",0.0488,1,1,0.799,42,0,0
2026-06-17T23:10:24.656,660,10.221,72.646,0.068,0.016,0.027,84.276,12.72,engaged,3.891,engaged,0.836,face_centered,engaged,0.838,face_centered,"(488, 343, 215, 215)",0.0502,1,1,0.799,43,0,0
2026-06-17T23:10:24.738,661,7.113,72.076,0.08,0.019,0.031,80.281,12.7,engaged,3.969,engaged,0.837,face_centered,engaged,0.838,face_centered,"(488, 343, 215, 215)",0.0502,1,1,0.813,44,0,0
2026-06-17T23:10:24.832,662,3.491,72.123,0.099,0.024,0.041,76.674,12.73,engaged,4.079,engaged,0.842,face_centered,engaged,0.838,face_centered,"(490, 339, 215, 215)",0.0502,1,1,0.802,45,0,0
2026-06-17T23:10:24.931,663,3.656,77.945,0.179,0.064,0.172,82.872,12.66,engaged,4.172,engaged,0.836,face_centered,engaged,0.838,face_centered,"(491, 343, 211, 211)",0.0483,1,1,0.797,46,0,0
2026-06-17T23:10:25.020,664,3.913,77.542,0.11,0.028,0.045,82.119,12.62,engaged,4.266,engaged,0.832,face_centered,engaged,0.837,face_centered,"(493, 344, 204, 204)",0.0452,1,1,0.779,47,0,0
2026-06-17T23:10:25.098,665,5.772,62.743,0.094,0.024,0.039,69.621,12.79,engaged,4.344,engaged,0.835,face_centered,engaged,0.837,face_centered,"(488, 342, 212, 212)",0.0488,1,1,0.795,48,0,0
2026-06-17T23:10:25.191,666,3.793,75.034,0.111,0.018,0.029,79.603,12.77,engaged,4.422,engaged,0.836,face_centered,engaged,0.837,face_centered,"(489, 341, 211, 211)",0.0483,1,1,0.801,49,0,0
2026-06-17T23:10:25.269,667,5.789,64.272,0.075,0.018,0.03,70.606,12.91,engaged,4.516,engaged,0.833,face_centered,engaged,0.836,face_centered,"(492, 345, 208, 208)",0.0469,1,1,0.789,50,0,0
2026-06-17T23:10:25.350,668,8.392,65.059,0.099,0.021,0.035,74.138,12.97,engaged,4.594,engaged,0.834,face_centered,engaged,0.836,face_centered,"(492, 345, 208, 208)",0.0469,1,1,0.8,51,0,0
2026-06-17T23:10:25.434,669,5.477,70.766,0.073,0.018,0.028,77.341,12.96,engaged,4.672,engaged,0.832,face_centered,engaged,0.834,face_centered,"(489, 345, 211, 211)",0.0483,1,1,0.796,52,0,0
2026-06-17T23:10:25.522,670,5.483,68.676,0.075,0.019,0.031,74.975,13.0,engaged,4.766,engaged,0.838,face_centered,engaged,0.835,face_centered,"(487, 342, 217, 217)",0.0511,1,1,0.809,53,0,0
2026-06-17T23:10:25.605,671,4.799,73.505,0.17,0.064,0.042,79.754,12.95,engaged,4.844,engaged,0.837,face_centered,engaged,0.835,face_centered,"(489, 341, 213, 213)",0.0492,1,1,0.798,54,0,0
2026-06-17T23:10:25.708,672,3.62,84.795,0.077,0.019,0.03,89.168,12.78,engaged,4.954,engaged,0.83,face_centered,engaged,0.835,face_centered,"(487, 346, 211, 211)",0.0483,1,1,0.787,55,0,0
2026-06-17T23:10:25.807,673,3.546,79.239,0.076,0.018,0.031,83.537,12.7,engaged,5.047,engaged,0.834,face_centered,engaged,0.834,face_centered,"(489, 343, 211, 211)",0.0483,1,1,0.794,56,0,0
2026-06-17T23:10:25.903,674,5.669,78.844,0.081,0.02,0.032,85.795,12.59,engaged,5.141,engaged,0.84,face_centered,engaged,0.835,face_centered,"(485, 341, 220, 220)",0.0525,2,1,0.809,57,0,0
2026-06-17T23:10:26.009,675,3.727,86.036,0.128,0.031,0.053,90.74,12.44,engaged,5.235,engaged,0.842,face_centered,engaged,0.836,face_centered,"(486, 340, 221, 221)",0.053,2,1,0.82,58,0,0
2026-06-17T23:10:26.111,676,3.759,82.86,0.089,0.02,0.034,87.538,12.34,engaged,5.344,engaged,0.839,face_centered,engaged,0.837,face_centered,"(487, 340, 216, 216)",0.0506,1,1,0.804,59,0,0
2026-06-17T23:10:26.197,677,5.335,71.151,0.095,0.018,0.028,77.328,12.4,engaged,5.438,engaged,0.831,face_centered,engaged,0.836,face_centered,"(488, 346, 211, 211)",0.0483,1,1,0.789,60,0,0
2026-06-17T23:10:26.282,678,3.737,69.75,0.07,0.017,0.027,74.314,12.5,engaged,5.516,engaged,0.843,face_centered,engaged,0.837,face_centered,"(486, 338, 222, 222)",0.0535,1,1,0.807,61,0,0
2026-06-17T23:10:26.358,679,3.527,62.022,0.116,0.032,0.038,66.453,12.76,engaged,5.594,engaged,0.843,face_centered,engaged,0.839,face_centered,"(485, 340, 222, 222)",0.0535,1,1,0.821,62,0,0
2026-06-17T23:10:26.445,680,7.22,67.484,0.077,0.018,0.031,75.716,12.8,engaged,5.688,engaged,0.843,face_centered,engaged,0.84,face_centered,"(485, 340, 222, 222)",0.0535,1,1,0.828,63,0,0
2026-06-17T23:10:26.531,681,5.826,68.933,0.087,0.02,0.033,75.581,12.84,engaged,5.766,engaged,0.839,face_centered,engaged,0.84,face_centered,"(489, 342, 215, 215)",0.0502,1,1,0.804,64,0,0
2026-06-17T23:10:26.622,682,4.025,76.551,0.102,0.024,0.039,81.184,12.79,engaged,5.86,engaged,0.845,face_centered,engaged,0.841,face_centered,"(485, 337, 222, 222)",0.0535,1,1,0.819,65,0,0
2026-06-17T23:10:26.707,683,3.663,77.665,0.088,0.017,0.028,82.182,12.73,engaged,5.938,engaged,0.836,face_centered,engaged,0.84,face_centered,"(485, 342, 217, 217)",0.0511,1,1,0.803,66,0,0
2026-06-17T23:10:26.802,684,3.807,72.016,0.107,0.028,0.047,76.695,12.76,engaged,6.047,engaged,0.832,face_centered,engaged,0.84,face_centered,"(489, 345, 210, 210)",0.0479,1,1,0.795,67,0,0
2026-06-17T23:10:26.889,685,3.551,72.296,0.164,0.042,0.135,77.018,12.78,engaged,6.125,engaged,0.832,face_centered,engaged,0.839,face_centered,"(488, 346, 211, 211)",0.0483,1,1,0.798,68,0,0
2026-06-17T23:10:26.981,686,4.614,73.473,0.115,0.019,0.033,79.756,12.76,engaged,6.219,engaged,0.834,face_centered,engaged,0.838,face_centered,"(488, 343, 212, 212)",0.0488,1,1,0.799,69,0,0
2026-06-17T23:10:27.066,687,3.893,68.355,0.084,0.024,0.042,73.419,12.84,engaged,6.297,engaged,0.851,face_centered,engaged,0.839,face_centered,"(490, 329, 219, 219)",0.052,1,1,0.787,70,0,0
2026-06-17T23:10:27.156,688,3.724,71.94,0.119,0.019,0.032,76.562,12.87,engaged,6.391,engaged,0.873,face_centered,engaged,0.844,face_centered,"(487, 312, 232, 232)",0.0584,1,1,0.821,71,0,0
2026-06-17T23:10:27.245,689,13.998,63.824,0.084,0.02,0.035,79.026,12.84,engaged,6.485,engaged,0.877,face_centered,engaged,0.848,face_centered,"(490, 305, 226, 226)",0.0554,1,1,0.822,72,0,0
2026-06-17T23:10:27.331,690,5.664,68.979,0.102,0.018,0.029,75.487,12.89,engaged,6.563,engaged,0.88,face_centered,engaged,0.854,face_centered,"(490, 305, 226, 226)",0.0554,1,1,0.853,73,0,0
2026-06-17T23:10:27.407,691,3.633,65.266,0.072,0.017,0.03,69.561,13.03,engaged,6.641,engaged,0.873,face_centered,engaged,0.86,face_centered,"(493, 306, 216, 216)",0.0506,1,1,0.814,74,0,0
2026-06-17T23:10:27.495,692,5.222,71.116,0.073,0.019,0.029,77.191,13.03,engaged,6.735,engaged,0.88,face_centered,engaged,0.867,face_centered,"(489, 303, 226, 226)",0.0554,1,1,0.84,75,0,0
2026-06-17T23:10:27.563,693,3.786,54.698,0.072,0.019,0.028,59.04,13.42,engaged,6.797,engaged,0.877,face_centered,engaged,0.873,face_centered,"(488, 305, 224, 224)",0.0544,1,1,0.841,76,0,0
2026-06-17T23:10:27.639,694,3.534,64.81,0.114,0.02,0.033,69.114,13.52,engaged,6.875,engaged,0.88,face_centered,engaged,0.877,face_centered,"(484, 304, 233, 233)",0.0589,1,1,0.85,77,0,0
2026-06-17T23:10:27.740,695,18.913,65.86,0.079,0.02,0.033,86.42,13.33,engaged,6.985,engaged,0.872,face_centered,engaged,0.877,face_centered,"(481, 311, 233, 233)",0.0589,1,1,0.842,78,0,0
2026-06-17T23:10:27.832,696,5.456,69.894,0.091,0.02,0.035,76.192,13.31,engaged,7.063,engaged,0.873,face_centered,engaged,0.876,face_centered,"(481, 311, 233, 233)",0.0589,1,1,0.863,79,0,0
2026-06-17T23:10:27.919,697,3.398,71.063,0.084,0.018,0.029,75.298,13.3,engaged,7.157,engaged,0.875,face_centered,engaged,0.876,face_centered,"(478, 309, 237, 237)",0.0609,1,1,0.866,80,0,0
2026-06-17T23:10:28.011,698,5.568,76.104,0.121,0.021,0.037,82.579,13.18,engaged,7.25,engaged,0.875,face_centered,engaged,0.876,face_centered,"(478, 309, 237, 237)",0.0609,1,1,0.871,81,0,0
2026-06-17T23:10:28.095,699,3.846,66.354,0.069,0.017,0.029,70.868,13.28,engaged,7.329,engaged,0.872,face_centered,engaged,0.875,face_centered,"(481, 312, 233, 233)",0.0589,1,1,0.856,82,0,0
2026-06-17T23:10:28.179,700,4.033,77.873,0.115,0.025,0.045,82.809,13.16,engaged,7.422,engaged,0.875,face_centered,engaged,0.875,face_centered,"(479, 309, 236, 236)",0.0604,1,1,0.863,83,0,0
2026-06-17T23:10:28.274,701,3.921,74.968,0.084,0.02,0.034,79.634,13.1,engaged,7.516,engaged,0.876,face_centered,engaged,0.874,face_centered,"(481, 310, 237, 237)",0.0609,1,1,0.863,84,0,0
2026-06-17T23:10:28.359,702,4.787,67.258,0.173,0.039,0.057,73.198,13.15,engaged,7.594,engaged,0.871,face_centered,engaged,0.874,face_centered,"(480, 312, 234, 234)",0.0594,1,1,0.855,85,0,0
2026-06-17T23:10:28.436,703,3.813,65.347,0.111,0.018,0.029,69.756,13.27,engaged,7.672,engaged,0.878,face_centered,engaged,0.875,face_centered,"(477, 307, 240, 240)",0.0625,1,1,0.869,86,0,0
2026-06-17T23:10:28.537,704,26.899,67.973,0.085,0.021,0.034,95.964,12.99,engaged,7.782,engaged,0.881,face_centered,engaged,0.876,face_centered,"(476, 306, 243, 243)",0.0641,1,1,0.881,87,0,0
2026-06-17T23:10:28.625,705,4.963,68.286,0.22,0.041,0.065,74.308,13.03,engaged,7.86,engaged,0.882,face_centered,engaged,0.876,face_centered,"(476, 306, 243, 243)",0.0641,1,1,0.885,88,0,0
2026-06-17T23:10:28.723,706,5.869,77.658,0.099,0.023,0.04,84.322,12.92,engaged,7.969,engaged,0.878,face_centered,engaged,0.877,face_centered,"(478, 308, 239, 239)",0.062,1,1,0.873,89,0,0
2026-06-17T23:10:28.808,707,5.433,73.759,0.086,0.02,0.034,80.268,12.87,engaged,8.047,engaged,0.878,face_centered,engaged,0.878,face_centered,"(478, 308, 239, 239)",0.062,1,1,0.876,90,0,0
2026-06-17T23:10:28.903,708,3.625,72.946,0.099,0.024,0.122,77.502,12.87,engaged,8.141,engaged,0.878,face_centered,engaged,0.878,face_centered,"(480, 310, 240, 240)",0.0625,1,1,0.868,91,0,0
2026-06-17T23:10:28.999,709,3.985,83.391,0.085,0.02,0.033,88.235,12.72,engaged,8.235,engaged,0.869,face_centered,engaged,0.878,face_centered,"(483, 318, 235, 235)",0.0599,1,1,0.846,92,0,0
2026-06-17T23:10:29.095,710,5.699,73.578,0.099,0.023,0.038,79.956,12.7,engaged,8.329,engaged,0.873,face_centered,engaged,0.877,face_centered,"(478, 319, 247, 247)",0.0662,1,1,0.862,93,0,0
2026-06-17T23:10:29.191,711,4.116,82.697,0.152,0.036,0.059,87.627,12.57,engaged,8.422,engaged,0.858,face_centered,engaged,0.874,face_centered,"(479, 332, 242, 242)",0.0635,1,1,0.842,94,0,0
2026-06-17T23:10:29.275,712,4.314,70.1,0.082,0.018,0.028,75.865,12.63,engaged,8.516,engaged,0.863,face_centered,engaged,0.871,face_centered,"(479, 331, 245, 245)",0.0651,1,1,0.873,95,0,0
2026-06-17T23:10:29.355,713,4.842,66.103,0.092,0.019,0.029,72.354,12.75,engaged,8.594,engaged,0.856,face_centered,engaged,0.868,face_centered,"(483, 328, 232, 232)",0.0584,1,1,0.819,96,0,0
2026-06-17T23:10:29.445,714,3.881,69.889,0.07,0.018,0.028,74.281,12.82,engaged,8.688,engaged,0.877,face_centered,engaged,0.868,face_centered,"(488, 310, 234, 234)",0.0594,1,1,0.817,97,0,0
2026-06-17T23:10:29.534,715,5.785,69.765,0.075,0.019,0.031,76.634,12.84,engaged,8.766,engaged,0.881,face_centered,engaged,0.868,face_centered,"(488, 310, 234, 234)",0.0594,1,1,0.868,98,0,0
2026-06-17T23:10:29.609,716,4.115,70.56,0.074,0.018,0.03,75.248,12.89,engaged,8.844,engaged,0.879,face_centered,engaged,0.87,face_centered,"(490, 312, 234, 234)",0.0594,1,1,0.859,99,0,0
2026-06-17T23:10:29.707,717,3.719,76.885,0.101,0.022,0.038,81.499,12.83,engaged,8.954,engaged,0.877,face_centered,engaged,0.87,face_centered,"(484, 320, 250, 250)",0.0678,1,1,0.843,100,0,0
2026-06-17T23:10:29.796,718,5.852,76.768,0.08,0.02,0.034,84.184,12.73,engaged,9.032,engaged,0.853,face_centered,engaged,0.87,face_centered,"(488, 341, 238, 238)",0.0615,2,1,0.815,101,0,0
2026-06-17T23:10:29.880,719,3.666,68.303,0.071,0.021,0.03,72.768,12.83,engaged,9.125,engaged,0.847,face_centered,engaged,0.867,face_centered,"(487, 345, 233, 233)",0.0589,1,1,0.835,102,0,0
2026-06-17T23:10:29.982,720,3.685,80.721,0.194,0.017,0.03,85.427,12.72,engaged,9.219,engaged,0.863,face_centered,engaged,0.868,face_centered,"(485, 330, 240, 240)",0.0625,1,1,0.834,103,0,0
2026-06-17T23:10:30.068,721,3.788,71.69,0.076,0.018,0.033,76.448,12.76,engaged,9.313,engaged,0.874,face_centered,engaged,0.868,face_centered,"(490, 318, 237, 237)",0.0609,1,1,0.832,104,0,0
2026-06-17T23:10:30.151,722,3.912,72.341,0.119,0.024,0.038,77.075,12.78,engaged,9.391,engaged,0.887,face_centered,engaged,0.869,face_centered,"(490, 311, 243, 243)",0.0641,1,1,0.87,105,0,0
2026-06-17T23:10:30.257,723,4.576,85.426,0.077,0.018,0.031,91.457,12.59,engaged,9.5,engaged,0.871,face_centered,engaged,0.867,face_centered,"(492, 322, 234, 234)",0.0594,1,1,0.839,106,0,0
2026-06-17T23:10:30.339,724,4.579,65.809,0.072,0.017,0.03,71.616,12.73,engaged,9.579,engaged,0.876,face_centered,engaged,0.867,face_centered,"(485, 321, 245, 245)",0.0651,1,1,0.866,107,0,0
2026-06-17T23:10:30.428,725,17.529,63.192,0.073,0.019,0.029,81.637,12.68,engaged,9.672,engaged,0.869,face_centered,engaged,0.87,face_centered,"(488, 323, 235, 235)",0.0599,1,1,0.848,108,0,0
2026-06-17T23:10:30.508,726,5.66,74.17,0.083,0.023,0.035,80.629,12.65,engaged,9.75,engaged,0.87,face_centered,engaged,0.873,face_centered,"(488, 323, 235, 235)",0.0599,1,1,0.864,109,0,0
2026-06-17T23:10:30.597,727,3.814,69.033,0.077,0.018,0.031,73.475,12.75,engaged,9.829,engaged,0.861,face_centered,engaged,0.873,face_centered,"(488, 327, 229, 229)",0.0569,1,1,0.837,110,0,0
2026-06-17T23:10:30.680,728,3.567,66.058,0.091,0.03,0.029,70.453,12.89,engaged,9.922,engaged,0.868,face_centered,engaged,0.872,face_centered,"(481, 323, 241, 241)",0.063,1,1,0.86,111,0,0
2026-06-17T23:10:30.773,729,3.772,81.18,0.084,0.021,0.035,86.024,12.77,engaged,10.016,engaged,0.865,face_centered,engaged,0.869,face_centered,"(476, 324, 243, 243)",0.0641,1,1,0.864,112,0,0
2026-06-17T23:10:30.855,730,4.929,70.626,0.071,0.018,0.03,76.393,12.8,engaged,10.094,engaged,0.861,face_centered,engaged,0.867,face_centered,"(475, 326, 241, 241)",0.063,1,1,0.864,113,0,0
2026-06-17T23:10:30.940,731,4.766,68.327,0.14,0.036,0.057,73.81,12.87,engaged,10.172,engaged,0.833,face_centered,engaged,0.861,face_centered,"(472, 339, 226, 226)",0.0554,1,1,0.79,114,0,0
2026-06-17T23:10:31.036,732,4.986,65.446,0.22,0.02,0.029,71.581,12.98,engaged,10.282,engaged,0.837,face_centered,engaged,0.856,face_centered,"(448, 334, 251, 251)",0.0684,1,1,0.825,115,0,0
2026-06-17T23:10:31.117,733,4.159,63.183,0.082,0.02,0.032,68.273,13.15,engaged,10.36,engaged,0.804,face_centered,engaged,0.847,face_centered,"(449, 350, 225, 225)",0.0549,1,1,0.767,116,0,0
2026-06-17T23:10:31.207,734,18.098,64.202,0.086,0.022,0.036,83.085,13.04,engaged,10.454,engaged,0.823,face_centered,engaged,0.841,face_centered,"(445, 340, 241, 241)",0.063,1,1,0.831,117,0,0
2026-06-17T23:10:31.309,735,5.839,76.561,0.116,0.033,0.046,83.345,12.93,engaged,10.547,engaged,0.825,face_centered,engaged,0.835,face_centered,"(445, 340, 241, 241)",0.063,1,1,0.855,118,0,0
2026-06-17T23:10:31.390,736,6.529,68.349,0.102,0.017,0.028,76.042,12.96,engaged,10.625,engaged,0.834,face_centered,engaged,0.831,face_centered,"(447, 340, 253, 253)",0.0695,1,1,0.849,119,0,0
2026-06-17T23:10:31.471,737,4.218,68.468,0.09,0.022,0.083,73.444,13.02,engaged,10.704,engaged,0.838,face_centered,engaged,0.828,face_centered,"(454, 340, 250, 250)",0.0678,1,1,0.862,120,0,0
2026-06-17T23:10:31.552,738,3.964,61.795,0.116,0.022,0.083,66.588,13.22,engaged,10.797,engaged,0.834,face_centered,engaged,0.828,face_centered,"(460, 346, 245, 245)",0.0651,2,2,0.85,121,0,0
2026-06-17T23:10:31.628,739,3.72,61.34,0.086,0.047,0.032,65.806,13.42,engaged,10.86,engaged,0.836,face_centered,engaged,0.828,face_centered,"(462, 343, 242, 242)",0.0635,1,1,0.848,122,0,0
2026-06-17T23:10:31.710,740,4.367,66.016,0.091,0.022,0.036,71.283,13.48,engaged,10.954,engaged,0.844,face_centered,engaged,0.833,face_centered,"(458, 340, 252, 252)",0.0689,1,1,0.872,123,0,0
2026-06-17T23:10:31.805,741,5.877,77.752,0.084,0.017,0.029,84.847,13.31,engaged,11.047,engaged,0.845,face_centered,engaged,0.836,face_centered,"(458, 340, 252, 252)",0.0689,1,1,0.884,124,0,0
2026-06-17T23:10:31.892,742,3.951,69.528,0.123,0.028,0.048,74.776,13.32,engaged,11.125,engaged,0.851,face_centered,engaged,0.84,face_centered,"(461, 336, 253, 253)",0.0695,2,1,0.876,125,0,0
2026-06-17T23:10:31.983,743,4.324,76.108,0.101,0.024,0.04,82.057,13.2,engaged,11.219,engaged,0.839,face_centered,engaged,0.841,face_centered,"(466, 342, 240, 240)",0.0625,1,1,0.846,126,0,0
2026-06-17T23:10:32.070,744,3.977,69.553,0.071,0.017,0.028,74.5,13.23,engaged,11.313,engaged,0.847,face_centered,engaged,0.842,face_centered,"(458, 338, 254, 254)",0.07,1,1,0.872,127,0,0
2026-06-17T23:10:32.158,745,3.55,73.443,0.105,0.024,0.044,77.822,13.19,engaged,11.391,engaged,0.849,face_centered,engaged,0.844,face_centered,"(458, 336, 253, 253)",0.0695,1,1,0.882,128,0,0
2026-06-17T23:10:32.240,746,5.106,66.139,0.132,0.026,0.043,72.033,13.26,engaged,11.485,engaged,0.829,face_centered,engaged,0.843,face_centered,"(461, 345, 237, 237)",0.0609,1,1,0.825,129,0,0
2026-06-17T23:10:32.517,747,6.892,234.398,0.137,0.032,0.056,242.451,12.34,engaged,11.75,engaged,0.825,face_centered,engaged,0.841,face_centered,"(456, 348, 240, 240)",0.0625,2,1,0.835,130,0,0
2026-06-17T23:10:32.789,748,17.974,190.894,0.204,0.034,0.059,209.951,11.59,engaged,12.032,engaged,0.836,face_centered,engaged,0.839,face_centered,"(453, 338, 247, 247)",0.0662,1,1,0.85,131,0,0
2026-06-17T23:10:33.392,749,16.22,560.195,0.171,0.038,0.146,578.121,10.6,engaged,12.625,absent,0.0,no_face_detected,engaged,0.837,face_centered,"(453, 338, 247, 247)",0.0662,0,0,0.85,132,0,0
2026-06-17T23:10:33.695,750,19.38,243.738,0.285,0.071,0.106,264.629,9.92,engaged,12.938,engaged,0.826,face_centered,engaged,0.835,face_centered,"(466, 347, 231, 231)",0.0579,1,1,0.813,133,0,0
2026-06-17T23:10:34.045,751,12.863,312.119,0.193,0.048,0.172,326.272,9.23,engaged,13.282,engaged,0.84,face_centered,engaged,0.834,face_centered,"(460, 341, 248, 248)",0.0667,1,1,0.853,134,0,0
2026-06-17T23:10:34.426,752,15.24,342.652,0.107,0.025,0.051,359.056,8.59,engaged,13.657,engaged,0.839,face_centered,engaged,0.833,face_centered,"(458, 343, 249, 249)",0.0673,3,1,0.868,135,0,0
2026-06-17T23:10:34.877,753,12.033,416.889,0.286,0.052,0.09,430.445,7.96,engaged,14.11,engaged,0.84,face_centered,engaged,0.834,face_centered,"(462, 343, 246, 246)",0.0657,2,2,0.861,136,0,0
2026-06-17T23:10:35.092,754,5.304,180.763,0.224,0.051,0.083,187.32,7.7,engaged,14.329,engaged,0.842,face_centered,engaged,0.837,face_centered,"(461, 342, 248, 248)",0.0667,1,1,0.874,137,0,0
2026-06-17T23:10:35.322,755,9.671,195.877,0.183,0.043,0.069,207.177,7.41,engaged,14.563,engaged,0.839,face_centered,engaged,0.838,face_centered,"(461, 345, 248, 248)",0.0667,2,1,0.866,138,0,0
2026-06-17T23:10:35.538,756,12.073,178.484,0.118,0.03,0.1,192.414,7.19,engaged,14.782,engaged,0.84,face_centered,engaged,0.838,face_centered,"(458, 342, 250, 250)",0.0678,2,2,0.87,139,0,0
2026-06-17T23:10:35.748,757,12.877,175.045,0.145,0.096,0.06,189.26,7.0,engaged,14.985,engaged,0.846,face_centered,engaged,0.841,face_centered,"(455, 339, 256, 256)",0.0711,1,1,0.889,140,0,0
2026-06-17T23:10:35.941,758,5.7,167.2,0.142,0.033,0.058,174.17,6.87,engaged,15.188,engaged,0.841,face_centered,engaged,0.841,face_centered,"(457, 342, 252, 252)",0.0689,1,1,0.878,141,0,0
2026-06-17T23:10:36.166,759,16.971,182.438,0.237,0.041,0.078,200.596,6.69,engaged,15.407,engaged,0.845,face_centered,engaged,0.842,face_centered,"(457, 340, 254, 254)",0.07,1,1,0.883,142,0,0
2026-06-17T23:10:36.456,760,5.741,267.628,0.112,0.028,0.044,275.431,6.38,engaged,15.688,engaged,0.845,face_centered,engaged,0.843,face_centered,"(459, 340, 252, 252)",0.0689,2,2,0.88,143,0,0
2026-06-17T23:10:36.673,761,13.433,176.918,0.127,0.03,0.051,191.656,6.26,engaged,15.907,engaged,0.84,face_centered,engaged,0.842,face_centered,"(461, 344, 247, 247)",0.0662,1,1,0.865,144,0,0
2026-06-17T23:10:36.878,762,7.205,176.145,0.119,0.028,0.047,184.467,6.18,engaged,16.11,engaged,0.838,face_centered,engaged,0.842,face_centered,"(462, 345, 245, 245)",0.0651,2,2,0.866,145,0,0
2026-06-17T23:10:37.082,763,3.977,180.94,0.18,0.044,0.072,186.917,6.1,engaged,16.313,engaged,0.837,face_centered,engaged,0.842,face_centered,"(461, 345, 245, 245)",0.0651,1,1,0.864,146,0,0
2026-06-17T23:10:37.372,764,18.813,240.186,0.152,0.038,0.06,260.281,5.87,engaged,16.61,engaged,0.841,face_centered,engaged,0.841,face_centered,"(457, 342, 251, 251)",0.0684,1,1,0.874,147,0,0
2026-06-17T23:10:37.614,765,6.707,207.673,0.169,0.029,0.048,216.506,5.75,engaged,16.86,engaged,0.846,face_centered,engaged,0.842,face_centered,"(456, 340, 255, 255)",0.0706,4,2,0.886,148,0,0
2026-06-17T23:10:37.815,766,4.937,173.721,0.195,0.044,0.174,180.09,5.73,engaged,17.047,engaged,0.841,face_centered,engaged,0.841,face_centered,"(460, 344, 250, 250)",0.0678,1,1,0.87,149,0,0
2026-06-17T23:10:38.015,767,19.68,162.651,0.244,0.049,0.075,183.695,5.7,engaged,17.25,engaged,0.845,face_centered,engaged,0.841,face_centered,"(452, 339, 259, 259)",0.0728,1,1,0.884,150,0,0
2026-06-17T23:10:38.221,768,13.221,165.525,0.297,0.034,0.059,179.999,5.68,engaged,17.454,engaged,0.837,face_centered,engaged,0.841,face_centered,"(462, 345, 245, 245)",0.0651,1,1,0.851,151,0,0
2026-06-17T23:10:38.408,769,7.101,170.824,0.146,0.035,0.056,179.219,5.67,engaged,17.641,engaged,0.849,face_centered,engaged,0.842,face_centered,"(454, 338, 259, 259)",0.0728,1,1,0.889,152,0,0
2026-06-17T23:10:38.864,770,10.429,411.164,0.234,0.04,0.067,422.662,5.34,engaged,18.094,engaged,0.837,face_centered,engaged,0.842,face_centered,"(461, 344, 245, 245)",0.0651,2,1,0.856,153,0,0
2026-06-17T23:10:39.071,771,6.982,177.37,0.169,0.018,0.032,186.351,5.35,engaged,18.313,engaged,0.842,face_centered,engaged,0.842,face_centered,"(458, 342, 251, 251)",0.0684,1,1,0.875,154,0,0
2026-06-17T23:10:39.219,772,5.019,123.381,0.165,0.027,0.043,129.492,5.58,engaged,18.454,engaged,0.829,face_centered,engaged,0.84,face_centered,"(462, 352, 244, 244)",0.0646,1,1,0.841,155,0,0
2026-06-17T23:10:39.370,773,7.66,129.558,0.19,0.045,0.126,138.617,5.75,engaged,18.61,engaged,0.839,face_centered,engaged,0.84,face_centered,"(461, 344, 247, 247)",0.0662,1,1,0.853,156,0,0
2026-06-17T23:10:39.513,774,5.006,113.246,0.155,0.036,0.047,119.522,6.01,engaged,18.75,engaged,0.833,face_centered,engaged,0.838,face_centered,"(466, 348, 239, 239)",0.062,1,1,0.846,157,0,0
2026-06-17T23:10:39.648,775,7.598,105.676,0.212,0.034,0.067,114.455,6.28,engaged,18.891,engaged,0.837,face_centered,engaged,0.838,face_centered,"(459, 344, 247, 247)",0.0662,1,1,0.858,158,0,0
2026-06-17T23:10:48.004,0,329.697,639.552,4.562,0.019,0.038,973.916,1.03,idle,1.391,engaged,0.799,face_centered,engaged,0.799,face_centered,"(500, 365, 236, 236)",0.0604,2,1,0.376,1,0,0
2026-06-17T23:10:48.242,1,14.916,110.358,0.145,0.039,0.064,126.334,1.72,idle,1.641,absent,0.0,no_face_detected,absent,0.0,unstable_window_no_face_detected,,0.0,0,0,0.0,0,0,1
2026-06-17T23:10:48.379,2,14.157,102.736,0.08,0.015,0.032,118.172,2.39,idle,1.766,engaged,0.84,face_centered,engaged,0.82,face_centered,"(503, 360, 235, 235)",0.0599,1,1,0.811,1,0,0
2026-06-17T23:10:48.501,3,6.112,96.004,0.107,0.027,0.045,102.922,3.12,engaged,0.0,engaged,0.844,face_centered,engaged,0.828,face_centered,"(504, 357, 235, 235)",0.0599,1,1,0.821,2,0,0
2026-06-17T23:10:48.623,4,6.359,99.033,0.151,0.037,0.061,106.611,3.75,engaged,0.125,engaged,0.852,face_centered,engaged,0.834,face_centered,"(500, 352, 245, 245)",0.0651,1,1,0.841,3,0,0
2026-06-17T23:10:48.734,5,7.558,85.105,0.156,0.039,0.06,93.561,4.44,engaged,0.234,engaged,0.855,face_centered,engaged,0.838,face_centered,"(502, 351, 245, 245)",0.0651,1,1,0.846,4,0,0
2026-06-17T23:10:48.833,6,3.637,86.311,0.231,0.028,0.043,90.911,5.1,engaged,0.344,engaged,0.85,face_centered,engaged,0.84,face_centered,"(503, 352, 239, 239)",0.062,1,1,0.828,5,0,0
2026-06-17T23:10:48.952,7,4.899,99.364,0.296,0.049,0.05,105.259,5.54,engaged,0.453,engaged,0.854,face_centered,engaged,0.842,face_centered,"(503, 351, 243, 243)",0.0641,1,1,0.839,6,0,0
2026-06-17T23:10:49.062,8,5.48,86.586,0.215,0.043,0.093,93.234,6.06,engaged,0.562,engaged,0.857,face_centered,engaged,0.844,face_centered,"(504, 348, 242, 242)",0.0635,1,1,0.838,7,0,0
2026-06-17T23:10:49.181,9,3.573,98.191,0.072,0.016,0.031,102.456,6.43,engaged,0.687,engaged,0.853,face_centered,engaged,0.851,face_centered,"(503, 351, 242, 242)",0.0635,1,1,0.837,8,0,0
2026-06-17T23:10:49.295,10,3.348,99.422,0.109,0.018,0.07,103.522,6.75,engaged,0.797,engaged,0.849,face_centered,engaged,0.85,face_centered,"(503, 352, 237, 237)",0.0609,2,1,0.825,9,0,0
2026-06-17T23:10:49.399,11,4.809,88.09,0.251,0.038,0.063,93.873,7.14,engaged,0.906,engaged,0.852,face_centered,engaged,0.852,face_centered,"(500, 351, 244, 244)",0.0646,1,1,0.837,10,0,0
2026-06-17T23:10:49.527,12,6.026,101.12,0.135,0.03,0.054,108.554,7.35,engaged,1.031,engaged,0.845,face_centered,engaged,0.852,face_centered,"(507, 354, 230, 230)",0.0574,1,1,0.802,11,0,0
2026-06-17T23:10:49.632,13,5.813,85.765,0.11,0.026,0.036,92.61,7.69,engaged,1.14,engaged,0.856,face_centered,engaged,0.852,face_centered,"(505, 349, 241, 241)",0.063,1,1,0.828,12,0,0
2026-06-17T23:10:49.721,14,4.891,75.235,0.093,0.014,0.028,80.766,8.16,engaged,1.219,engaged,0.859,face_centered,engaged,0.853,face_centered,"(502, 347, 246, 246)",0.0657,1,1,0.85,13,0,0
2026-06-17T23:10:49.806,15,4.074,75.41,0.084,0.019,0.034,80.377,8.59,engaged,1.312,engaged,0.861,face_centered,engaged,0.854,face_centered,"(502, 345, 246, 246)",0.0657,1,1,0.851,14,0,0
2026-06-17T23:10:49.939,16,5.125,105.254,0.131,0.036,0.055,111.221,8.63,engaged,1.437,engaged,0.852,face_centered,engaged,0.854,face_centered,"(506, 349, 236, 236)",0.0604,1,1,0.825,15,0,0
2026-06-17T23:10:50.036,17,4.993,74.39,0.078,0.017,0.032,80.191,9.01,engaged,1.547,engaged,0.856,face_centered,engaged,0.854,face_centered,"(505, 346, 237, 237)",0.0609,1,1,0.831,16,0,0
2026-06-17T23:10:50.143,18,5.685,88.999,0.098,0.015,0.063,95.693,9.16,engaged,1.64,engaged,0.856,face_centered,engaged,0.854,face_centered,"(505, 346, 237, 237)",0.0609,1,1,0.839,17,0,0
2026-06-17T23:10:50.223,19,3.995,71.525,0.093,0.019,0.035,76.86,9.54,engaged,1.734,engaged,0.852,face_centered,engaged,0.854,face_centered,"(509, 349, 232, 232)",0.0584,1,1,0.821,18,0,0
2026-06-17T23:10:50.329,20,3.405,82.718,0.09,0.019,0.033,86.967,9.74,engaged,1.828,engaged,0.863,face_centered,engaged,0.855,face_centered,"(500, 341, 246, 246)",0.0657,3,2,0.842,19,0,0
2026-06-17T23:10:50.411,21,3.893,76.823,0.131,0.029,0.049,81.518,9.99,engaged,1.922,engaged,0.849,face_centered,engaged,0.856,face_centered,"(509, 350, 229, 229)",0.0569,1,1,0.809,20,0,0
2026-06-17T23:10:50.505,22,4.624,75.757,0.065,0.014,0.026,80.914,10.23,engaged,2.015,engaged,0.853,face_centered,engaged,0.856,face_centered,"(505, 346, 233, 233)",0.0589,1,1,0.821,21,0,0
2026-06-17T23:10:50.600,23,5.114,76.676,0.077,0.017,0.03,82.435,10.42,engaged,2.109,engaged,0.859,face_centered,engaged,0.856,face_centered,"(500, 343, 245, 245)",0.0651,1,1,0.837,22,0,0
2026-06-17T23:10:50.688,24,5.479,75.807,0.085,0.02,0.032,81.987,10.6,engaged,2.187,engaged,0.857,face_centered,engaged,0.855,face_centered,"(506, 346, 238, 238)",0.0615,1,1,0.83,23,0,0
2026-06-17T23:10:50.778,25,4.883,70.932,0.12,0.017,0.033,76.945,10.84,engaged,2.281,engaged,0.862,face_centered,engaged,0.856,face_centered,"(501, 343, 247, 247)",0.0662,1,1,0.849,24,0,0
2026-06-17T23:10:50.857,26,3.443,68.57,0.097,0.016,0.029,72.73,11.13,engaged,2.359,engaged,0.854,face_centered,engaged,0.856,face_centered,"(502, 345, 238, 238)",0.0615,1,1,0.823,25,0,0
2026-06-17T23:10:50.941,27,4.489,71.269,0.096,0.019,0.035,76.507,11.32,engaged,2.437,engaged,0.856,face_centered,engaged,0.856,face_centered,"(502, 345, 238, 238)",0.0615,1,1,0.84,26,0,0
2026-06-17T23:10:51.025,28,3.721,65.845,0.105,0.023,0.041,70.238,11.61,engaged,2.531,engaged,0.858,face_centered,engaged,0.857,face_centered,"(502, 345, 242, 242)",0.0635,1,1,0.838,27,0,0
2026-06-17T23:10:51.108,29,5.663,73.114,0.078,0.017,0.068,79.595,11.71,engaged,2.609,engaged,0.859,face_centered,engaged,0.856,face_centered,"(502, 345, 242, 242)",0.0635,1,1,0.848,28,0,0
2026-06-17T23:10:51.197,30,3.693,74.138,0.146,0.037,0.067,78.817,11.81,engaged,2.703,engaged,0.854,face_centered,engaged,0.857,face_centered,"(502, 346, 238, 238)",0.0615,1,1,0.831,29,0,0
2026-06-17T23:10:51.290,31,3.453,73.492,0.081,0.017,0.03,77.707,11.91,engaged,2.797,engaged,0.851,face_centered,engaged,0.857,face_centered,"(508, 349, 231, 231)",0.0579,1,1,0.815,30,0,0
2026-06-17T23:10:51.375,32,4.21,74.165,0.091,0.019,0.035,79.445,11.98,engaged,2.875,engaged,0.852,face_centered,engaged,0.856,face_centered,"(503, 347, 236, 236)",0.0604,1,1,0.825,31,0,0
2026-06-17T23:10:51.465,33,3.805,70.596,0.132,0.026,0.049,75.224,12.11,engaged,2.969,engaged,0.847,face_centered,engaged,0.855,face_centered,"(512, 349, 223, 223)",0.054,1,1,0.789,32,0,0
2026-06-17T23:10:51.557,34,3.489,77.22,0.153,0.034,0.058,81.455,12.13,engaged,3.062,engaged,0.866,face_centered,engaged,0.855,face_centered,"(506, 337, 241, 241)",0.063,1,1,0.826,33,0,0
2026-06-17T23:10:51.639,35,4.4,61.51,0.079,0.016,0.03,66.81,12.41,engaged,3.14,engaged,0.87,face_centered,engaged,0.857,face_centered,"(505, 335, 243, 243)",0.0641,1,1,0.852,34,0,0
2026-06-17T23:10:51.730,36,5.216,71.929,0.083,0.019,0.035,77.954,12.45,engaged,3.234,engaged,0.87,face_centered,engaged,0.858,face_centered,"(505, 335, 243, 243)",0.0641,1,1,0.856,35,0,0
2026-06-17T23:10:51.817,37,5.421,68.68,0.127,0.068,0.039,74.924,12.54,engaged,3.328,engaged,0.865,face_centered,engaged,0.859,face_centered,"(513, 337, 231, 231)",0.0579,1,1,0.814,36,0,0
2026-06-17T23:10:51.895,38,5.682,66.525,0.077,0.016,0.029,72.802,12.66,engaged,3.406,engaged,0.873,face_centered,engaged,0.861,face_centered,"(511, 332, 238, 238)",0.0615,1,1,0.839,37,0,0
2026-06-17T23:10:51.976,39,4.395,60.893,0.098,0.02,0.039,65.917,12.91,engaged,3.484,engaged,0.877,face_centered,engaged,0.864,face_centered,"(510, 328, 240, 240)",0.0625,1,1,0.845,38,0,0
2026-06-17T23:10:52.048,40,4.155,57.945,0.099,0.03,0.047,62.99,13.21,engaged,3.547,engaged,0.89,face_centered,engaged,0.868,face_centered,"(509, 319, 248, 248)",0.0667,1,1,0.854,39,0,0
2026-06-17T23:10:52.126,41,4.417,58.295,0.151,0.017,0.03,63.607,13.46,engaged,3.625,engaged,0.888,face_centered,engaged,0.872,face_centered,"(509, 318, 244, 244)",0.0646,1,1,0.855,40,0,0
2026-06-17T23:10:52.208,42,14.169,64.124,0.068,0.013,0.025,79.136,13.38,engaged,3.719,engaged,0.887,face_centered,engaged,0.876,face_centered,"(517, 317, 234, 234)",0.0594,1,1,0.826,41,0,0
2026-06-17T23:10:52.302,43,5.347,71.553,0.106,0.022,0.041,77.691,13.33,engaged,3.812,engaged,0.889,face_centered,engaged,0.879,face_centered,"(517, 317, 234, 234)",0.0594,1,1,0.85,42,0,0
2026-06-17T23:10:52.390,44,4.754,74.174,0.097,0.021,0.037,79.804,13.25,engaged,3.89,engaged,0.888,face_centered,engaged,0.881,face_centered,"(520, 316, 229, 229)",0.0569,1,1,0.829,43,0,0
2026-06-17T23:10:52.466,45,4.033,62.738,0.086,0.019,0.034,67.865,13.4,engaged,3.969,engaged,0.892,face_centered,engaged,0.883,face_centered,"(516, 313, 236, 236)",0.0604,1,1,0.849,44,0,0
2026-06-17T23:10:52.554,46,3.582,70.346,0.2,0.179,0.072,75.131,13.39,engaged,4.062,engaged,0.887,face_centered,engaged,0.886,face_centered,"(519, 314, 227, 227)",0.0559,1,1,0.822,45,0,0
2026-06-17T23:10:52.631,47,3.528,63.136,0.197,0.019,0.033,67.479,13.53,engaged,4.14,engaged,0.898,face_centered,engaged,0.888,face_centered,"(515, 306, 236, 236)",0.0604,1,1,0.842,46,0,0
2026-06-17T23:10:52.723,48,3.566,71.921,0.101,0.017,0.028,76.346,13.49,engaged,4.219,engaged,0.897,face_centered,engaged,0.891,face_centered,"(520, 306, 229, 229)",0.0569,1,1,0.832,47,0,0
2026-06-17T23:10:52.811,49,5.301,66.733,0.071,0.015,0.029,72.827,13.51,engaged,4.312,engaged,0.894,face_centered,engaged,0.891,face_centered,"(524, 307, 221, 221)",0.053,1,1,0.818,48,0,0
2026-06-17T23:10:52.903,50,5.384,73.626,0.14,0.022,0.039,79.737,13.42,engaged,4.406,engaged,0.895,face_centered,engaged,0.892,face_centered,"(524, 307, 221, 221)",0.053,1,1,0.832,49,0,0
2026-06-17T23:10:52.981,51,3.528,63.889,0.079,0.016,0.03,68.024,13.54,engaged,4.484,engaged,0.899,face_centered,engaged,0.893,face_centered,"(524, 305, 227, 227)",0.0559,1,1,0.831,50,0,0
2026-06-17T23:10:53.065,52,4.797,71.718,0.072,0.015,0.029,77.201,13.48,engaged,4.562,engaged,0.902,face_centered,engaged,0.895,face_centered,"(523, 304, 229, 229)",0.0569,1,1,0.847,51,0,0
2026-06-17T23:10:53.152,53,3.661,70.067,0.082,0.016,0.029,74.386,13.48,engaged,4.656,engaged,0.903,face_centered,engaged,0.896,face_centered,"(523, 304, 231, 231)",0.0579,1,1,0.847,52,0,0
2026-06-17T23:10:53.234,54,3.172,73.77,0.235,0.033,0.06,77.844,13.42,engaged,4.734,engaged,0.9,face_centered,engaged,0.897,face_centered,"(522, 306, 230, 230)",0.0574,1,1,0.843,53,0,0
2026-06-17T23:10:53.319,55,4.276,68.195,0.095,0.019,0.035,73.801,13.43,engaged,4.828,engaged,0.903,face_centered,engaged,0.899,face_centered,"(521, 304, 234, 234)",0.0594,1,1,0.852,54,0,0
2026-06-17T23:10:53.413,56,7.521,69.918,0.087,0.018,0.033,78.754,13.36,engaged,4.922,engaged,0.903,face_centered,engaged,0.899,face_centered,"(521, 304, 234, 234)",0.0594,1,1,0.857,55,0,0
2026-06-17T23:10:53.511,57,15.149,70.755,0.075,0.016,0.029,86.953,13.17,engaged,5.015,engaged,0.898,face_centered,engaged,0.9,face_centered,"(524, 307, 228, 228)",0.0564,1,1,0.841,56,0,0
2026-06-17T23:10:53.609,58,4.084,81.752,0.102,0.019,0.09,86.691,13.01,engaged,5.109,engaged,0.907,face_centered,engaged,0.901,face_centered,"(521, 303, 237, 237)",0.0609,1,1,0.853,57,0,0
2026-06-17T23:10:53.694,59,4.099,72.755,0.147,0.02,0.045,78.031,12.99,engaged,5.203,engaged,0.901,face_centered,engaged,0.902,face_centered,"(523, 305, 230, 230)",0.0574,1,1,0.839,58,0,0
2026-06-17T23:10:53.794,60,5.445,81.064,0.127,0.023,0.039,87.298,12.84,engaged,5.297,engaged,0.9,face_centered,engaged,0.902,face_centered,"(521, 306, 233, 233)",0.0589,1,1,0.845,59,0,0
2026-06-17T23:10:53.889,61,3.766,78.026,0.084,0.017,0.032,82.627,12.76,engaged,5.39,engaged,0.902,face_centered,engaged,0.902,face_centered,"(523, 306, 231, 231)",0.0579,1,1,0.846,60,0,0
2026-06-17T23:10:53.972,62,3.441,68.716,0.071,0.019,0.029,72.82,12.86,engaged,5.469,engaged,0.901,face_centered,engaged,0.902,face_centered,"(524, 306, 229, 229)",0.0569,1,1,0.844,61,0,0
2026-06-17T23:10:54.052,63,3.639,67.973,0.133,0.021,0.038,72.407,12.95,engaged,5.562,engaged,0.904,face_centered,engaged,0.902,face_centered,"(520, 304, 237, 237)",0.0609,1,1,0.852,62,0,0
2026-06-17T23:10:54.120,64,4.041,58.472,0.121,0.022,0.043,63.471,13.23,engaged,5.625,engaged,0.901,face_centered,engaged,0.902,face_centered,"(522, 307, 233, 233)",0.0589,1,1,0.849,63,0,0
2026-06-17T23:10:54.195,65,4.596,56.718,0.086,0.018,0.04,61.998,13.52,engaged,5.703,engaged,0.901,face_centered,engaged,0.902,face_centered,"(523, 307, 232, 232)",0.0584,1,1,0.85,64,0,0
2026-06-17T23:10:54.305,66,34.822,58.703,0.071,0.016,0.027,94.397,13.23,engaged,5.812,engaged,0.903,face_centered,engaged,0.902,face_centered,"(520, 304, 235, 235)",0.0599,1,1,0.851,65,0,0
2026-06-17T23:10:54.392,67,5.726,68.193,0.093,0.016,0.031,75.025,13.24,engaged,5.89,engaged,0.904,face_centered,engaged,0.902,face_centered,"(520, 304, 235, 235)",0.0599,1,1,0.859,66,0,0
2026-06-17T23:10:54.467,68,3.616,65.989,0.075,0.016,0.029,70.236,13.34,engaged,5.969,engaged,0.901,face_centered,engaged,0.902,face_centered,"(521, 307, 235, 235)",0.0599,1,1,0.849,67,0,0
2026-06-17T23:10:54.553,69,3.5,68.638,0.081,0.018,0.03,72.735,13.38,engaged,6.062,engaged,0.9,face_centered,engaged,0.902,face_centered,"(523, 307, 231, 231)",0.0579,1,1,0.843,68,0,0
2026-06-17T23:10:54.645,70,5.098,77.036,0.104,0.018,0.032,82.803,13.25,engaged,6.156,engaged,0.898,face_centered,engaged,0.901,face_centered,"(523, 308, 230, 230)",0.0574,1,1,0.846,69,0,0
2026-06-17T23:10:54.723,71,3.5,65.833,0.088,0.018,0.033,70.064,13.35,engaged,6.234,engaged,0.902,face_centered,engaged,0.902,face_centered,"(520, 307, 237, 237)",0.0609,1,1,0.85,70,0,0
2026-06-17T23:10:54.812,72,3.512,66.397,0.075,0.017,0.03,70.657,13.43,engaged,6.312,engaged,0.9,face_centered,engaged,0.901,face_centered,"(522, 305, 232, 232)",0.0584,1,1,0.838,71,0,0
2026-06-17T23:10:54.898,73,10.766,59.127,0.093,0.016,0.03,70.997,13.5,engaged,6.406,engaged,0.902,face_centered,engaged,0.901,face_centered,"(522, 305, 232, 232)",0.0584,1,1,0.853,72,0,0
2026-06-17T23:10:54.980,74,5.722,62.553,0.081,0.019,0.032,69.089,13.6,engaged,6.484,engaged,0.9,face_centered,engaged,0.901,face_centered,"(524, 308, 231, 231)",0.0579,1,1,0.842,73,0,0
2026-06-17T23:10:55.059,75,3.996,65.031,0.077,0.015,0.03,69.839,13.67,engaged,6.562,engaged,0.901,face_centered,engaged,0.901,face_centered,"(522, 307, 234, 234)",0.0594,1,1,0.852,74,0,0
2026-06-17T23:10:55.121,76,4.609,55.401,0.074,0.015,0.029,60.961,13.94,engaged,6.625,engaged,0.895,face_centered,engaged,0.9,face_centered,"(527, 312, 227, 227)",0.0559,1,1,0.831,75,0,0
2026-06-17T23:10:55.209,77,3.51,57.123,0.077,0.015,0.028,61.45,14.17,engaged,6.719,engaged,0.897,face_centered,engaged,0.9,face_centered,"(528, 308, 230, 230)",0.0574,1,1,0.836,76,0,0
2026-06-17T23:10:55.295,78,16.636,62.407,0.07,0.015,0.028,79.631,14.01,engaged,6.797,engaged,0.896,face_centered,engaged,0.899,face_centered,"(532, 305, 232, 232)",0.0584,1,1,0.835,77,0,0
2026-06-17T23:10:55.389,79,5.676,70.607,0.152,0.034,0.169,77.279,13.91,engaged,6.89,engaged,0.897,face_centered,engaged,0.899,face_centered,"(532, 305, 232, 232)",0.0584,1,1,0.851,78,0,0
2026-06-17T23:10:55.467,80,3.563,67.011,0.093,0.06,0.037,71.311,13.92,engaged,6.969,engaged,0.889,face_centered,engaged,0.898,face_centered,"(536, 309, 231, 231)",0.0579,1,1,0.832,79,0,0
2026-06-17T23:10:55.556,81,5.468,69.713,0.16,0.032,0.11,76.045,13.84,engaged,7.062,engaged,0.883,face_centered,engaged,0.896,face_centered,"(531, 320, 226, 226)",0.0554,1,1,0.801,80,0,0
2026-06-17T23:10:55.649,82,6.023,76.804,0.124,0.03,0.048,83.791,13.65,engaged,7.156,engaged,0.878,face_centered,engaged,0.893,face_centered,"(528, 326, 236, 236)",0.0604,1,1,0.811,81,0,0
2026-06-17T23:10:55.738,83,4.459,68.964,0.098,0.021,0.035,74.139,13.63,engaged,7.234,engaged,0.87,face_centered,engaged,0.89,face_centered,"(534, 331, 240, 240)",0.0625,1,1,0.821,82,0,0
2026-06-17T23:10:55.821,84,3.508,69.882,0.168,0.034,0.104,74.371,13.62,engaged,7.328,engaged,0.855,face_centered,engaged,0.885,face_centered,"(548, 337, 224, 224)",0.0544,1,1,0.79,83,0,0
2026-06-17T23:10:55.897,85,3.463,59.364,0.071,0.015,0.03,63.668,13.82,engaged,7.406,engaged,0.853,face_centered,engaged,0.88,face_centered,"(554, 334, 229, 229)",0.0569,1,1,0.798,84,0,0
2026-06-17T23:10:55.980,86,7.124,64.812,0.079,0.017,0.032,72.968,13.81,engaged,7.484,engaged,0.855,face_centered,engaged,0.875,face_centered,"(554, 334, 229, 229)",0.0569,1,1,0.826,85,0,0
2026-06-17T23:10:56.066,87,4.666,67.501,0.068,0.053,0.028,72.987,13.8,engaged,7.562,engaged,0.819,face_centered,engaged,0.867,face_centered,"(561, 361, 233, 233)",0.0589,1,1,0.731,86,0,0
2026-06-17T23:10:56.150,88,3.674,71.565,0.088,0.019,0.035,76.001,13.74,engaged,7.656,engaged,0.772,face_centered,engaged,0.853,face_centered,"(566, 407, 228, 228)",0.0564,1,1,0.664,87,0,0
2026-06-17T23:10:56.234,89,4.163,67.298,0.146,0.019,0.034,72.19,13.75,engaged,7.734,engaged,0.782,face_centered,engaged,0.841,face_centered,"(566, 407, 228, 228)",0.0564,1,1,0.787,88,0,0
2026-06-17T23:10:56.307,90,5.413,65.195,0.07,0.015,0.027,71.357,13.77,engaged,7.812,disengaged,0.559,face_high_or_low,engaged,0.835,face_centered,"(572, 487, 212, 212)",0.0488,2,2,0.51,89,0,0
2026-06-17T23:10:56.403,91,4.442,65.368,0.099,0.02,0.045,70.529,13.82,engaged,7.906,disengaged,0.582,face_high_or_low,engaged,0.829,face_centered,"(581, 508, 196, 196)",0.0417,2,2,0.637,90,0,0
2026-06-17T23:10:56.483,92,5.734,62.012,0.111,0.022,0.042,68.554,13.89,engaged,7.984,disengaged,0.587,face_high_or_low,engaged,0.822,face_centered,"(581, 508, 196, 196)",0.0417,2,2,0.689,91,0,0
2026-06-17T23:10:56.565,93,5.462,67.894,0.08,0.017,0.031,74.076,13.85,engaged,8.062,disengaged,0.566,face_high_or_low,engaged,0.816,face_centered,"(583, 481, 217, 217)",0.0511,2,2,0.646,92,0,0
2026-06-17T23:10:56.666,94,5.43,82.503,0.225,0.033,0.041,88.807,13.59,engaged,8.172,engaged,0.712,face_centered,engaged,0.788,face_centered,"(602, 444, 217, 217)",0.0511,2,2,0.619,93,0,0
2026-06-17T23:10:56.752,95,3.67,73.916,0.246,0.023,0.052,78.319,13.51,engaged,8.25,engaged,0.712,face_centered,engaged,0.759,face_centered,"(618, 436, 215, 215)",0.0502,1,1,0.684,94,0,0
2026-06-17T23:10:56.850,96,4.009,76.531,0.076,0.015,0.03,81.515,13.39,engaged,8.359,engaged,0.707,face_centered,engaged,0.737,face_centered,"(623, 440, 217, 217)",0.0511,1,1,0.712,95,0,0
2026-06-17T23:10:56.939,97,3.464,77.9,0.082,0.016,0.033,82.249,13.26,engaged,8.437,engaged,0.712,face_centered,engaged,0.725,face_centered,"(622, 436, 220, 220)",0.0525,1,1,0.733,96,0,0
2026-06-17T23:10:57.019,98,4.229,66.569,0.105,0.02,0.04,71.672,13.33,engaged,8.515,engaged,0.712,face_centered,engaged,0.711,face_centered,"(622, 436, 220, 220)",0.0525,1,1,0.743,97,0,0
2026-06-17T23:10:57.101,99,4.194,65.125,0.081,0.013,0.034,70.035,13.43,engaged,8.609,engaged,0.71,face_centered,engaged,0.711,face_centered,"(622, 438, 218, 218)",0.0516,2,2,0.733,98,0,0
2026-06-17T23:10:57.195,100,6.116,74.319,0.141,0.026,0.049,81.64,13.31,engaged,8.703,engaged,0.711,face_centered,engaged,0.711,face_centered,"(622, 438, 218, 218)",0.0516,2,2,0.739,99,0,0
2026-06-17T23:10:57.271,101,3.674,71.492,0.066,0.011,0.033,75.83,13.3,engaged,8.781,engaged,0.707,face_centered,engaged,0.71,face_centered,"(620, 443, 214, 214)",0.0497,2,2,0.714,100,0,0
2026-06-17T23:10:57.365,102,3.44,69.992,0.081,0.015,0.032,74.329,13.31,engaged,8.875,engaged,0.695,face_centered,engaged,0.709,face_centered,"(613, 458, 220, 220)",0.0525,2,2,0.676,101,0,0
2026-06-17T23:10:57.455,103,5.373,74.524,0.146,0.023,0.111,80.769,13.22,engaged,8.953,disengaged,0.572,face_high_or_low,engaged,0.708,face_centered,"(606, 488, 218, 218)",0.0516,1,1,0.632,102,0,0
2026-06-17T23:10:57.527,104,3.744,61.172,0.078,0.012,0.028,65.683,13.42,engaged,9.031,disengaged,0.587,face_high_or_low,engaged,0.708,face_centered,"(605, 510, 202, 202)",0.0443,2,2,0.627,103,0,0
2026-06-17T23:10:57.601,105,3.264,54.623,0.116,0.02,0.095,58.82,13.78,engaged,9.109,disengaged,0.565,face_left_or_right,engaged,0.708,face_centered,"(170, 87, 156, 156)",0.0264,1,1,0.188,104,0,0
2026-06-17T23:10:57.683,106,13.73,59.685,0.134,0.012,0.032,74.545,13.74,engaged,9.187,disengaged,0.594,face_left_or_right,engaged,0.707,face_centered,"(170, 87, 156, 156)",0.0264,1,1,0.555,105,0,0
2026-06-17T23:10:57.758,107,5.114,59.698,0.07,0.019,0.031,65.65,13.89,engaged,9.265,disengaged,0.589,face_left_or_right,disengaged,0.55,unstable_window_face_left_or_right,"(172, 102, 153, 153)",0.0254,1,1,0.493,0,1,0
2026-06-17T23:10:57.835,108,5.681,64.999,0.108,0.024,0.045,71.239,13.91,engaged,9.344,absent,0.0,no_face_detected,disengaged,0.581,face_left_or_right,"(172, 102, 153, 153)",0.0254,0,0,0.493,0,2,0
2026-06-17T23:10:57.912,109,4.479,54.151,0.08,0.02,0.066,59.664,14.19,engaged,9.422,disengaged,0.586,face_left_or_right+face_high_or_low,disengaged,0.582,face_left_or_right,"(167, 62, 157, 157)",0.0267,2,2,0.394,0,3,0
2026-06-17T23:10:57.989,110,3.454,57.409,0.082,0.019,0.031,61.607,14.4,engaged,9.5,disengaged,0.61,face_left_or_right+face_high_or_low,disengaged,0.586,face_left_or_right,"(167, 48, 154, 154)",0.0257,2,2,0.486,0,4,0
2026-06-17T23:10:58.065,111,5.917,59.736,0.089,0.022,0.034,66.434,14.46,engaged,9.562,disengaged,0.615,face_left_or_right+face_high_or_low,disengaged,0.59,face_left_or_right,"(167, 48, 154, 154)",0.0257,2,2,0.552,0,5,0
2026-06-17T23:10:58.143,112,3.539,68.022,0.102,0.024,0.039,72.307,14.4,engaged,9.64,disengaged,0.624,face_left_or_right+face_high_or_low,disengaged,0.596,face_left_or_right+face_high_or_low,"(163, 34, 161, 161)",0.0281,2,2,0.511,0,6,0
2026-06-17T23:10:58.229,113,3.387,64.154,0.123,0.035,0.048,68.365,14.42,disengaged,0.0,disengaged,0.628,face_left_or_right+face_high_or_low,disengaged,0.601,face_left_or_right+face_high_or_low,"(163, 34, 161, 161)",0.0281,2,2,0.562,0,7,0
2026-06-17T23:10:58.307,114,3.412,69.028,0.077,0.019,0.03,73.362,14.34,disengaged,0.078,disengaged,0.627,face_left_or_right+face_high_or_low,disengaged,0.609,face_left_or_right+face_high_or_low,"(165, 38, 155, 155)",0.0261,2,2,0.542,0,8,0
2026-06-17T23:10:58.392,115,3.777,64.566,0.104,0.023,0.038,68.866,14.36,disengaged,0.156,disengaged,0.629,face_left_or_right+face_high_or_low,disengaged,0.614,face_left_or_right+face_high_or_low,"(162, 37, 154, 154)",0.0257,2,2,0.536,0,9,0
2026-06-17T23:10:58.487,116,19.493,64.525,0.118,0.03,0.087,85.051,14.1,disengaged,0.25,disengaged,0.635,face_left_or_right+face_high_or_low,disengaged,0.619,face_left_or_right+face_high_or_low,"(149, 25, 172, 172)",0.0321,2,2,0.538,0,10,0
2026-06-17T23:10:58.565,117,5.472,67.557,0.12,0.016,0.026,73.825,14.04,disengaged,0.328,disengaged,0.638,face_left_or_right+face_high_or_low,disengaged,0.621,face_left_or_right+face_high_or_low,"(149, 25, 172, 172)",0.0321,2,2,0.578,0,11,0
2026-06-17T23:10:58.650,118,3.655,74.418,0.102,0.023,0.037,78.742,13.91,disengaged,0.422,disengaged,0.636,face_left_or_right+face_high_or_low,disengaged,0.627,face_left_or_right+face_high_or_low,"(150, 29, 165, 165)",0.0295,3,3,0.551,0,12,0
2026-06-17T23:10:58.734,119,5.809,66.69,0.075,0.018,0.03,73.5,13.88,disengaged,0.5,disengaged,0.64,face_left_or_right+face_high_or_low,disengaged,0.63,face_left_or_right+face_high_or_low,"(149, 25, 167, 167)",0.0303,2,2,0.557,0,13,0
2026-06-17T23:10:58.830,120,4.439,79.31,0.142,0.021,0.034,84.693,13.67,disengaged,0.594,disengaged,0.651,face_left_or_right+face_high_or_low,disengaged,0.634,face_left_or_right+face_high_or_low,"(151, 12, 165, 165)",0.0295,2,2,0.512,0,14,0
2026-06-17T23:10:58.926,121,3.455,83.979,0.109,0.019,0.031,88.101,13.44,disengaged,0.703,disengaged,0.664,face_left_or_right+face_high_or_low,disengaged,0.639,face_left_or_right+face_high_or_low,"(160, 6, 143, 143)",0.0222,2,2,0.447,0,15,0
2026-06-17T23:10:59.023,122,4.293,76.09,0.095,0.021,0.035,81.051,13.33,disengaged,0.797,engaged,0.693,face_centered,disengaged,0.64,face_left_or_right+face_high_or_low,"(610, 428, 228, 228)",0.0564,1,1,0.329,0,16,0
2026-06-17T23:10:59.108,123,3.648,74.623,0.084,0.022,0.03,79.457,13.26,disengaged,0.875,engaged,0.725,face_centered,disengaged,0.642,face_left_or_right+face_high_or_low,"(614, 426, 216, 216)",0.0506,1,1,0.712,0,17,0
2026-06-17T23:10:59.208,124,3.787,80.869,0.112,0.032,0.065,85.525,13.1,disengaged,0.985,engaged,0.733,face_centered,disengaged,0.644,face_left_or_right+face_high_or_low,"(612, 419, 222, 222)",0.0535,1,1,0.74,0,18,0
2026-06-17T23:10:59.295,125,3.84,67.738,0.061,0.013,0.029,72.508,13.17,disengaged,1.063,engaged,0.74,face_centered,engaged,0.55,unstable_window_face_centered,"(611, 411, 226, 226)",0.0554,1,1,0.747,1,0,0
2026-06-17T23:10:59.375,126,6.614,72.37,0.083,0.016,0.032,79.899,13.1,disengaged,1.141,engaged,0.742,face_centered,engaged,0.727,face_centered,"(611, 411, 226, 226)",0.0554,1,1,0.767,2,0,0
2026-06-17T23:10:59.470,127,3.943,72.744,0.12,0.022,0.044,77.598,13.08,disengaged,1.235,engaged,0.738,face_centered,engaged,0.728,face_centered,"(613, 415, 219, 219)",0.052,1,1,0.745,3,0,0
2026-06-17T23:10:59.546,128,3.633,63.827,0.097,0.018,0.039,68.208,13.24,disengaged,1.313,engaged,0.737,face_centered,engaged,0.73,face_centered,"(608, 417, 229, 229)",0.0569,1,1,0.743,4,0,0
2026-06-17T23:10:59.623,129,3.497,67.652,0.082,0.015,0.033,71.825,13.31,disengaged,1.391,engaged,0.73,face_centered,engaged,0.73,face_centered,"(601, 430, 227, 227)",0.0559,1,1,0.722,5,0,0
2026-06-17T23:10:59.704,130,3.831,65.02,0.108,0.021,0.052,69.65,13.41,disengaged,1.469,engaged,0.717,face_centered,engaged,0.728,face_centered,"(597, 449, 222, 222)",0.0535,2,2,0.695,6,0,0
2026-06-17T23:10:59.767,131,3.426,60.372,0.082,0.014,0.032,64.427,13.62,disengaged,1.531,engaged,0.709,face_centered,engaged,0.73,face_centered,"(592, 464, 220, 220)",0.0525,2,2,0.695,7,0,0
2026-06-17T23:10:59.866,132,4.852,73.414,0.081,0.015,0.031,78.862,13.53,disengaged,1.641,engaged,0.713,face_centered,engaged,0.729,face_centered,"(592, 464, 220, 220)",0.0525,2,2,0.74,8,0,0
2026-06-17T23:10:59.955,133,3.525,76.948,0.069,0.012,0.028,81.228,13.41,disengaged,1.719,disengaged,0.563,face_high_or_low,engaged,0.728,face_centered,"(590, 471, 220, 220)",0.0525,2,2,0.716,9,0,0
2026-06-17T23:11:00.049,134,5.832,71.158,0.12,0.023,0.046,77.514,13.36,disengaged,1.813,disengaged,0.572,face_high_or_low,engaged,0.726,face_centered,"(591, 494, 204, 204)",0.0452,2,2,0.643,10,0,0
2026-06-17T23:11:00.129,135,4.357,67.92,0.076,0.012,0.028,72.971,13.39,disengaged,1.906,disengaged,0.583,face_high_or_low,engaged,0.724,face_centered,"(591, 506, 199, 199)",0.043,2,2,0.656,11,0,0
2026-06-17T23:11:00.219,136,3.575,68.688,0.223,0.034,0.063,73.115,13.42,disengaged,1.985,disengaged,0.591,face_high_or_low,engaged,0.721,face_centered,"(591, 523, 187, 187)",0.0379,2,2,0.617,12,0,0
2026-06-17T23:11:00.302,137,3.508,62.912,0.078,0.032,0.044,67.192,13.57,disengaged,2.063,disengaged,0.592,face_left_or_right,disengaged,0.55,unstable_window_face_left_or_right,"(126, 91, 160, 160)",0.0278,1,1,0.217,0,1,0
2026-06-17T23:11:00.381,138,4.262,58.27,0.09,0.02,0.032,63.616,13.78,disengaged,2.156,disengaged,0.617,face_left_or_right,disengaged,0.586,face_high_or_low,"(126, 102, 155, 155)",0.0261,2,2,0.513,0,2,0
2026-06-17T23:11:00.468,139,14.22,62.992,0.085,0.02,0.034,78.089,13.68,disengaged,2.235,disengaged,0.62,face_left_or_right,disengaged,0.591,face_high_or_low,"(126, 102, 155, 155)",0.0261,2,2,0.554,0,3,0
2026-06-17T23:11:00.543,140,5.321,57.67,0.194,0.024,0.039,63.722,13.88,disengaged,2.313,disengaged,0.617,face_left_or_right,disengaged,0.594,face_high_or_low,"(120, 105, 167, 167)",0.0303,1,1,0.521,0,4,0
2026-06-17T23:11:00.610,141,4.579,60.234,0.094,0.022,0.036,65.523,14.02,disengaged,2.375,disengaged,0.619,face_left_or_right,disengaged,0.597,face_left_or_right,"(119, 119, 162, 162)",0.0285,1,1,0.513,0,5,0
2026-06-17T23:11:00.686,142,3.607,54.194,0.114,0.027,0.045,58.451,14.33,disengaged,2.453,disengaged,0.621,face_left_or_right,disengaged,0.604,face_left_or_right,"(118, 128, 157, 157)",0.0267,1,1,0.522,0,6,0
2026-06-17T23:11:00.765,143,12.209,53.647,0.095,0.023,0.036,66.758,14.4,disengaged,2.531,disengaged,0.624,face_left_or_right,disengaged,0.609,face_left_or_right,"(113, 135, 159, 159)",0.0274,1,1,0.521,0,7,0
2026-06-17T23:11:00.839,144,5.489,60.507,0.095,0.022,0.035,66.836,14.45,disengaged,2.61,disengaged,0.627,face_left_or_right,disengaged,0.614,face_left_or_right,"(113, 135, 159, 159)",0.0274,1,1,0.559,0,8,0
2026-06-17T23:11:00.924,145,3.988,69.565,0.146,0.03,0.027,74.391,14.35,disengaged,2.688,disengaged,0.627,face_left_or_right,disengaged,0.618,face_left_or_right,"(112, 137, 155, 155)",0.0261,1,1,0.538,0,9,0
2026-06-17T23:11:01.000,146,5.646,58.98,0.095,0.019,0.029,65.367,14.45,disengaged,2.766,disengaged,0.628,face_left_or_right,disengaged,0.622,face_left_or_right,"(110, 135, 160, 160)",0.0278,1,1,0.553,0,10,0
2026-06-17T23:11:01.073,147,3.552,58.653,0.111,0.031,0.031,62.839,14.59,disengaged,2.844,disengaged,0.626,face_left_or_right,disengaged,0.623,face_left_or_right,"(114, 137, 154, 154)",0.0257,1,1,0.541,0,11,0
2026-06-17T23:11:01.145,148,8.018,55.9,0.087,0.02,0.033,64.929,14.67,disengaged,2.922,disengaged,0.627,face_left_or_right,disengaged,0.624,face_left_or_right,"(114, 137, 154, 154)",0.0257,1,1,0.552,0,12,0
2026-06-17T23:11:01.232,149,5.502,67.496,0.089,0.027,0.028,73.935,14.56,disengaged,3.0,disengaged,0.626,face_left_or_right,disengaged,0.625,face_left_or_right,"(116, 138, 148, 148)",0.0238,1,1,0.529,0,13,0
2026-06-17T23:11:01.311,150,4.087,60.043,0.072,0.017,0.096,64.854,14.65,disengaged,3.078,disengaged,0.626,face_left_or_right,disengaged,0.626,face_left_or_right,"(113, 132, 157, 157)",0.0267,1,1,0.538,0,14,0
2026-06-17T23:11:01.382,151,3.992,56.673,0.08,0.019,0.031,61.969,14.79,disengaged,3.156,disengaged,0.626,face_left_or_right,disengaged,0.627,face_left_or_right,"(114, 136, 150, 150)",0.0244,1,1,0.529,0,15,0
2026-06-17T23:11:01.462,152,5.409,57.096,0.083,0.02,0.032,63.612,14.89,disengaged,3.235,disengaged,0.627,face_left_or_right,disengaged,0.627,face_left_or_right,"(115, 135, 151, 151)",0.0247,1,1,0.541,0,16,0
2026-06-17T23:11:01.535,153,5.608,57.737,0.098,0.023,0.036,64.181,14.96,disengaged,3.297,disengaged,0.627,face_left_or_right,disengaged,0.627,face_left_or_right,"(115, 135, 151, 151)",0.0247,1,1,0.548,0,17,0
2026-06-17T23:11:01.609,154,3.401,61.297,0.073,0.017,0.028,65.439,14.99,disengaged,3.375,disengaged,0.628,face_left_or_right,disengaged,0.627,face_left_or_right,"(114, 135, 152, 152)",0.0251,1,1,0.546,0,18,0
2026-06-17T23:11:01.669,155,3.995,50.077,0.09,0.019,0.03,54.882,15.31,disengaged,3.438,disengaged,0.627,face_left_or_right,disengaged,0.627,face_left_or_right,"(110, 129, 156, 156)",0.0264,1,1,0.532,0,19,0
2026-06-17T23:11:01.744,156,5.985,58.281,0.225,0.036,0.056,65.262,15.31,disengaged,3.516,disengaged,0.629,face_left_or_right,disengaged,0.627,face_left_or_right,"(110, 129, 156, 156)",0.0264,1,1,0.555,0,20,0
2026-06-17T23:11:01.817,157,3.553,54.67,0.128,0.023,0.035,58.954,15.48,disengaged,3.594,disengaged,0.628,face_left_or_right,disengaged,0.627,face_left_or_right,"(105, 119, 164, 164)",0.0292,1,1,0.533,0,21,0
2026-06-17T23:11:01.892,158,4.418,59.741,0.24,0.039,0.05,65.122,15.47,disengaged,3.656,disengaged,0.629,face_left_or_right,disengaged,0.627,face_left_or_right,"(108, 118, 159, 159)",0.0274,1,1,0.54,0,22,0
2026-06-17T23:11:01.955,159,4.141,52.554,0.09,0.017,0.029,57.786,15.65,disengaged,3.719,disengaged,0.631,face_left_or_right,disengaged,0.628,face_left_or_right,"(102, 112, 163, 163)",0.0288,1,1,0.538,0,23,0
2026-06-17T23:11:02.032,160,5.651,59.442,0.111,0.02,0.032,65.868,15.6,disengaged,3.797,disengaged,0.633,face_left_or_right,disengaged,0.629,face_left_or_right,"(102, 112, 163, 163)",0.0288,1,1,0.565,0,24,0
2026-06-17T23:11:02.113,161,5.106,62.871,0.141,0.024,0.036,68.525,15.5,disengaged,3.891,disengaged,0.628,face_left_or_right,disengaged,0.629,face_left_or_right,"(88, 76, 161, 161)",0.0281,1,1,0.404,0,25,0
2026-06-17T23:11:02.178,162,3.772,56.452,0.076,0.018,0.028,60.887,15.59,disengaged,3.953,disengaged,0.56,face_high_or_low,disengaged,0.621,face_left_or_right,"(530, 508, 198, 198)",0.0425,1,1,0.347,0,26,0
2026-06-17T23:11:02.265,163,3.797,59.371,0.079,0.019,0.031,63.883,15.6,disengaged,4.031,disengaged,0.556,face_high_or_low,disengaged,0.613,face_left_or_right,"(507, 475, 213, 213)",0.0492,2,2,0.626,0,27,0
2026-06-17T23:11:02.342,164,12.194,56.255,0.081,0.019,0.03,69.127,15.49,disengaged,4.11,engaged,0.742,face_centered,disengaged,0.612,face_left_or_right,"(508, 449, 208, 208)",0.0469,1,1,0.649,0,28,0
2026-06-17T23:11:02.433,165,5.157,68.253,0.125,0.058,0.033,74.369,15.28,disengaged,4.203,engaged,0.75,face_centered,disengaged,0.609,face_left_or_right,"(508, 449, 208, 208)",0.0469,1,1,0.738,0,29,0
2026-06-17T23:11:02.516,166,3.669,66.647,0.08,0.018,0.03,70.866,15.17,disengaged,4.281,engaged,0.783,face_centered,disengaged,0.606,face_left_or_right,"(511, 405, 213, 213)",0.0492,1,1,0.636,0,30,0
2026-06-17T23:11:02.595,167,3.53,61.439,0.071,0.02,0.041,65.767,15.17,disengaged,4.36,engaged,0.816,face_centered,engaged,0.55,unstable_window_face_centered,"(527, 374, 201, 201)",0.0438,1,1,0.643,1,0,0
2026-06-17T23:11:02.672,168,5.079,59.507,0.08,0.017,0.03,65.097,15.19,engaged,0.0,engaged,0.838,face_centered,engaged,0.786,face_centered,"(529, 356, 200, 200)",0.0434,1,1,0.715,2,0,0
2026-06-17T23:11:02.754,169,13.897,63.371,0.07,0.016,0.028,78.286,14.95,engaged,0.078,engaged,0.842,face_centered,engaged,0.795,face_centered,"(529, 356, 200, 200)",0.0434,1,1,0.775,3,0,0
2026-06-17T23:11:02.839,170,5.735,67.042,0.082,0.018,0.031,73.674,14.81,engaged,0.172,engaged,0.832,face_centered,engaged,0.8,face_centered,"(521, 360, 203, 203)",0.0447,1,1,0.746,4,0,0
2026-06-17T23:11:02.917,171,3.542,66.574,0.136,0.018,0.032,71.455,14.73,engaged,0.25,engaged,0.82,face_centered,engaged,0.803,face_centered,"(518, 371, 203, 203)",0.0447,1,1,0.733,5,0,0
2026-06-17T23:11:02.997,172,3.61,63.813,0.141,0.03,0.055,68.156,14.72,engaged,0.328,engaged,0.823,face_centered,engaged,0.805,face_centered,"(518, 371, 203, 203)",0.0447,1,1,0.769,6,0,0
2026-06-17T23:11:03.075,173,3.711,62.275,0.087,0.017,0.034,66.701,14.75,engaged,0.406,engaged,0.793,face_centered,engaged,0.811,face_centered,"(516, 394, 200, 200)",0.0434,2,1,0.682,7,0,0
2026-06-17T23:11:03.152,174,4.199,62.777,0.072,0.015,0.028,68.33,14.74,engaged,0.484,engaged,0.799,face_centered,engaged,0.816,face_centered,"(516, 394, 200, 200)",0.0434,2,1,0.753,8,0,0
2026-06-17T23:11:03.252,175,4.274,83.572,0.076,0.016,0.03,88.642,14.39,engaged,0.578,engaged,0.785,face_centered,engaged,0.816,face_centered,"(524, 408, 190, 190)",0.0392,1,1,0.694,9,0,0
2026-06-17T23:11:03.338,176,4.855,69.054,0.085,0.026,0.038,74.746,14.29,engaged,0.672,engaged,0.784,face_centered,engaged,0.813,face_centered,"(522, 409, 189, 189)",0.0388,2,1,0.721,10,0,0
2026-06-17T23:11:03.407,177,3.482,66.843,0.078,0.016,0.028,71.055,14.27,engaged,0.734,engaged,0.798,face_centered,engaged,0.808,face_centered,"(523, 395, 196, 196)",0.0417,1,1,0.704,11,0,0
2026-06-17T23:11:03.506,178,3.558,74.31,0.105,0.023,0.042,78.473,14.12,engaged,0.843,engaged,0.826,face_centered,engaged,0.807,face_centered,"(529, 366, 200, 200)",0.0434,1,1,0.675,12,0,0
2026-06-17T23:11:03.590,179,3.622,71.343,0.234,0.034,0.054,76.048,14.02,engaged,0.922,engaged,0.829,face_centered,engaged,0.806,face_centered,"(528, 372, 206, 206)",0.046,1,1,0.743,13,0,0
2026-06-17T23:11:03.674,180,5.663,68.688,0.097,0.021,0.037,75.197,13.95,engaged,1.0,engaged,0.831,face_centered,engaged,0.807,face_centered,"(532, 375, 205, 205)",0.0456,1,1,0.761,14,0,0
2026-06-17T23:11:03.780,181,3.397,78.256,0.135,0.02,0.047,82.488,13.77,engaged,1.109,engaged,0.832,face_centered,engaged,0.809,face_centered,"(532, 375, 205, 205)",0.0456,1,1,0.775,15,0,0
2026-06-17T23:11:03.859,182,3.57,67.792,0.168,0.035,0.039,72.123,13.78,engaged,1.187,engaged,0.829,face_centered,engaged,0.812,face_centered,"(547, 371, 202, 202)",0.0443,1,1,0.724,16,0,0
2026-06-17T23:11:03.942,183,4.475,66.794,0.076,0.016,0.06,71.942,13.79,engaged,1.281,engaged,0.832,face_centered,engaged,0.816,face_centered,"(547, 371, 202, 202)",0.0443,1,1,0.772,17,0,0
2026-06-17T23:11:04.043,184,4.867,84.927,0.079,0.018,0.031,90.534,13.51,engaged,1.375,engaged,0.81,face_centered,engaged,0.819,face_centered,"(553, 387, 199, 199)",0.043,1,1,0.708,18,0,0
2026-06-17T23:11:04.119,185,4.059,64.302,0.179,0.021,0.052,69.435,13.6,engaged,1.453,engaged,0.816,face_centered,engaged,0.822,face_centered,"(555, 382, 199, 199)",0.043,1,1,0.743,19,0,0
2026-06-17T23:11:04.203,186,5.131,68.383,0.082,0.017,0.03,74.203,13.59,engaged,1.531,engaged,0.822,face_centered,engaged,0.825,face_centered,"(557, 370, 201, 201)",0.0438,1,1,0.73,20,0,0
2026-06-17T23:11:04.303,187,3.835,86.173,0.104,0.016,0.029,90.619,13.33,engaged,1.64,engaged,0.831,face_centered,engaged,0.826,face_centered,"(557, 359, 206, 206)",0.046,1,1,0.747,21,0,0
2026-06-17T23:11:04.388,188,5.448,73.565,0.069,0.015,0.027,79.624,13.26,engaged,1.718,engaged,0.841,face_centered,engaged,0.827,face_centered,"(559, 345, 209, 209)",0.0474,1,1,0.747,22,0,0
2026-06-17T23:11:04.484,189,4.893,75.242,0.161,0.054,0.202,81.29,13.16,engaged,1.812,engaged,0.853,face_centered,engaged,0.83,face_centered,"(559, 330, 207, 207)",0.0465,1,1,0.743,23,0,0
2026-06-17T23:11:04.579,190,3.424,76.641,0.177,0.113,0.066,80.979,13.08,engaged,1.906,engaged,0.844,face_centered,engaged,0.831,face_centered,"(560, 342, 206, 206)",0.046,1,1,0.75,24,0,0
2026-06-17T23:11:04.673,191,4.769,77.635,0.152,0.031,0.058,83.336,12.97,engaged,2.0,engaged,0.824,face_centered,engaged,0.83,face_centered,"(548, 369, 213, 213)",0.0492,1,1,0.685,25,0,0
2026-06-17T23:11:04.760,192,4.363,68.083,0.083,0.017,0.03,73.611,13.03,engaged,2.093,engaged,0.793,face_centered,engaged,0.826,face_centered,"(544, 409, 200, 200)",0.0434,1,1,0.637,26,0,0
2026-06-17T23:11:04.849,193,3.632,66.092,0.078,0.017,0.03,70.377,13.15,engaged,2.187,engaged,0.795,face_centered,engaged,0.824,face_centered,"(542, 418, 197, 197)",0.0421,1,1,0.716,27,0,0
2026-06-17T23:11:04.932,194,5.466,69.575,0.106,0.021,0.037,75.937,13.15,engaged,2.265,engaged,0.797,face_centered,engaged,0.822,face_centered,"(542, 418, 197, 197)",0.0421,1,1,0.745,28,0,0
2026-06-17T23:11:05.019,195,3.467,72.654,0.126,0.02,0.037,76.811,13.14,engaged,2.343,engaged,0.796,face_centered,engaged,0.819,face_centered,"(543, 419, 195, 195)",0.0413,1,1,0.74,29,0,0
2026-06-17T23:11:05.099,196,5.803,66.289,0.077,0.016,0.029,72.717,13.2,engaged,2.437,engaged,0.793,face_centered,engaged,0.815,face_centered,"(538, 421, 201, 201)",0.0438,1,1,0.727,30,0,0
2026-06-17T23:11:05.178,197,4.207,70.144,0.082,0.016,0.032,74.98,13.21,engaged,2.515,engaged,0.788,face_centered,engaged,0.809,face_centered,"(534, 423, 202, 202)",0.0443,1,1,0.734,31,0,0
2026-06-17T23:11:05.270,198,3.603,72.81,0.135,0.025,0.06,77.213,13.19,engaged,2.609,engaged,0.789,face_centered,engaged,0.802,face_centered,"(536, 424, 201, 201)",0.0438,1,1,0.741,32,0,0
2026-06-17T23:11:05.365,199,4.851,71.933,0.078,0.017,0.03,77.763,13.16,engaged,2.703,engaged,0.789,face_centered,engaged,0.796,face_centered,"(539, 424, 198, 198)",0.0425,1,1,0.734,33,0,0
2026-06-17T23:11:05.450,200,5.661,71.315,0.085,0.018,0.032,77.648,13.13,engaged,2.781,engaged,0.785,face_centered,engaged,0.792,face_centered,"(542, 429, 199, 199)",0.043,1,1,0.721,34,0,0
2026-06-17T23:11:05.557,201,4.056,75.928,0.082,0.019,0.033,80.945,13.05,engaged,2.89,engaged,0.786,face_centered,engaged,0.791,face_centered,"(542, 428, 204, 204)",0.0452,1,1,0.736,35,0,0
2026-06-17T23:11:05.652,202,3.56,72.474,0.081,0.017,0.029,76.724,13.05,engaged,2.984,engaged,0.784,face_centered,engaged,0.79,face_centered,"(545, 427, 202, 202)",0.0443,1,1,0.736,36,0,0
2026-06-17T23:11:05.740,203,6.379,71.332,0.097,0.017,0.03,78.443,13.02,engaged,3.078,engaged,0.785,face_centered,engaged,0.788,face_centered,"(545, 427, 202, 202)",0.0443,1,1,0.746,37,0,0
2026-06-17T23:11:05.849,204,6.504,91.167,0.084,0.018,0.03,98.364,12.73,engaged,3.187,engaged,0.784,face_centered,engaged,0.787,face_centered,"(550, 423, 200, 200)",0.0434,2,1,0.722,38,0,0
2026-06-17T23:11:05.939,205,4.008,74.687,0.08,0.017,0.031,79.596,12.72,engaged,3.265,engaged,0.783,face_centered,engaged,0.786,face_centered,"(555, 421, 191, 191)",0.0396,1,1,0.704,39,0,0
2026-06-17T23:11:06.032,206,5.921,75.841,0.119,0.023,0.041,82.941,12.65,engaged,3.359,engaged,0.783,face_centered,engaged,0.785,face_centered,"(557, 420, 192, 192)",0.04,1,1,0.723,40,0,0
2026-06-17T23:11:06.115,207,3.477,69.406,0.144,0.032,0.031,73.756,12.74,engaged,3.453,engaged,0.786,face_centered,engaged,0.785,face_centered,"(555, 417, 197, 197)",0.0421,1,1,0.734,41,0,0
2026-06-17T23:11:06.195,208,3.529,63.579,0.114,0.024,0.043,67.804,12.94,engaged,3.531,engaged,0.783,face_centered,engaged,0.784,face_centered,"(557, 420, 192, 192)",0.04,1,1,0.726,42,0,0
2026-06-17T23:11:06.274,209,4.026,66.703,0.175,0.044,0.071,71.637,13.04,engaged,3.609,engaged,0.782,face_centered,engaged,0.784,face_centered,"(556, 421, 195, 195)",0.0413,1,1,0.725,43,0,0
2026-06-17T23:11:06.357,210,4.658,65.216,0.074,0.015,0.028,70.463,13.16,engaged,3.687,engaged,0.78,face_centered,engaged,0.783,face_centered,"(559, 423, 187, 187)",0.0379,1,1,0.71,44,0,0
2026-06-17T23:11:06.448,211,3.655,70.918,0.11,0.017,0.031,75.324,13.17,engaged,3.781,engaged,0.78,face_centered,engaged,0.783,face_centered,"(558, 422, 191, 191)",0.0396,2,2,0.722,45,0,0
2026-06-17T23:11:06.545,212,5.922,77.216,0.074,0.017,0.029,84.096,13.04,engaged,3.875,engaged,0.781,face_centered,engaged,0.782,face_centered,"(558, 422, 191, 191)",0.0396,2,2,0.73,46,0,0
2026-06-17T23:11:06.640,213,6.383,77.198,0.091,0.019,0.04,84.52,12.92,engaged,3.968,engaged,0.786,face_centered,engaged,0.783,face_centered,"(554, 418, 200, 200)",0.0434,1,1,0.735,47,0,0
2026-06-17T23:11:06.726,214,5.37,73.609,0.088,0.018,0.034,79.654,12.88,engaged,4.062,engaged,0.784,face_centered,engaged,0.783,face_centered,"(554, 421, 196, 196)",0.0417,1,1,0.728,48,0,0
2026-06-17T23:11:06.839,215,5.856,84.305,0.083,0.018,0.031,90.666,12.7,engaged,4.172,engaged,0.782,face_centered,engaged,0.783,face_centered,"(556, 421, 196, 196)",0.0417,1,1,0.731,49,0,0
2026-06-17T23:11:06.941,216,3.445,85.774,0.174,0.032,0.057,90.322,12.54,engaged,4.265,engaged,0.782,face_centered,engaged,0.782,face_centered,"(557, 421, 194, 194)",0.0408,2,2,0.73,50,0,0
2026-06-17T23:11:07.028,217,6.922,71.614,0.076,0.016,0.029,79.488,12.54,engaged,4.359,engaged,0.781,face_centered,engaged,0.782,face_centered,"(557, 422, 194, 194)",0.0408,1,1,0.731,51,0,0
2026-06-17T23:11:07.120,218,3.526,78.423,0.143,0.03,0.039,82.748,12.5,engaged,4.453,engaged,0.78,face_centered,engaged,0.782,face_centered,"(557, 424, 191, 191)",0.0396,2,1,0.722,52,0,0
2026-06-17T23:11:07.206,219,3.551,73.67,0.214,0.104,0.07,78.161,12.52,engaged,4.531,engaged,0.779,face_centered,engaged,0.782,face_centered,"(558, 424, 191, 191)",0.0396,1,1,0.726,53,0,0
2026-06-17T23:11:07.315,220,4.703,86.805,0.113,0.016,0.032,92.288,12.36,engaged,4.64,engaged,0.781,face_centered,engaged,0.782,face_centered,"(557, 422, 195, 195)",0.0413,1,1,0.729,54,0,0
2026-06-17T23:11:07.406,221,3.785,80.42,0.077,0.017,0.03,84.966,12.3,engaged,4.734,engaged,0.779,face_centered,engaged,0.782,face_centered,"(558, 425, 190, 190)",0.0392,2,1,0.718,55,0,0
2026-06-17T23:11:07.501,222,3.909,78.565,0.083,0.016,0.031,83.454,12.27,engaged,4.828,engaged,0.782,face_centered,engaged,0.781,face_centered,"(556, 423, 194, 194)",0.0408,3,1,0.731,56,0,0
2026-06-17T23:11:07.602,223,3.549,84.69,0.089,0.021,0.032,88.922,12.16,engaged,4.937,engaged,0.78,face_centered,engaged,0.781,face_centered,"(558, 422, 194, 194)",0.0408,1,1,0.726,57,0,0
2026-06-17T23:11:07.707,224,3.63,89.125,0.184,0.053,0.092,93.741,12.01,engaged,5.031,engaged,0.77,face_centered,engaged,0.779,face_centered,"(567, 423, 195, 195)",0.0413,2,1,0.7,58,0,0
2026-06-17T23:11:07.807,225,6.384,91.608,0.147,0.024,0.06,98.952,11.82,engaged,5.14,absent,0.0,no_face_detected,engaged,0.779,face_centered,"(567, 423, 195, 195)",0.0413,0,0,0.7,59,0,0
2026-06-17T23:11:07.912,226,3.537,78.757,0.198,0.014,0.037,83.114,11.84,engaged,5.234,absent,0.0,no_face_detected,engaged,0.779,face_centered,"(567, 423, 195, 195)",0.0413,0,0,0.7,60,0,0
2026-06-17T23:11:08.008,227,4.759,81.653,0.114,0.016,0.043,87.045,11.81,engaged,5.343,absent,0.0,no_face_detected,engaged,0.778,face_centered,"(567, 423, 195, 195)",0.0413,0,0,0.7,61,0,0
2026-06-17T23:11:08.110,228,5.919,86.651,0.137,0.012,0.036,93.428,11.7,engaged,5.437,absent,0.0,no_face_detected,engaged,0.778,face_centered,"(567, 423, 195, 195)",0.0413,0,0,0.7,62,0,0
2026-06-17T23:11:08.193,229,3.828,70.604,0.118,0.02,0.041,75.41,11.85,engaged,5.531,absent,0.0,no_face_detected,absent,0.0,unstable_window_no_face_detected,,0.0,0,0,0.0,0,0,1
2026-06-17T23:11:08.286,230,4.203,81.27,0.105,0.019,0.038,86.319,11.83,engaged,5.625,absent,0.0,no_face_detected,disengaged,0.0,no_face_detected,"(567, 423, 195, 195)",0.0413,0,0,0.7,0,1,0
2026-06-17T23:11:08.378,231,3.391,74.483,0.099,0.021,0.04,78.58,11.92,engaged,5.703,absent,0.0,no_face_detected,absent,0.0,no_face_detected,,0.0,0,0,0.0,0,0,1
2026-06-17T23:11:08.465,232,5.71,73.1,0.124,0.021,0.043,79.536,11.98,engaged,5.797,absent,0.0,no_face_detected,absent,0.0,no_face_detected,,0.0,0,0,0.0,0,0,2
2026-06-17T23:11:08.559,233,5.414,75.93,0.177,0.03,0.049,82.064,12.0,engaged,5.89,disengaged,0.691,face_high_or_low+face_too_small,absent,0.0,no_face_detected,"(431, 25, 114, 114)",0.0141,1,1,0.078,0,0,3
2026-06-17T23:11:08.653,234,3.815,71.461,0.358,0.038,0.07,76.289,12.11,engaged,5.984,absent,0.0,no_face_detected,absent,0.0,no_face_detected,,0.0,0,0,0.0,0,0,4
2026-06-17T23:11:08.742,235,3.77,73.458,0.222,0.021,0.041,78.067,12.18,engaged,6.078,absent,0.0,no_face_detected,absent,0.0,no_face_detected,,0.0,0,0,0.0,0,0,5
2026-06-17T23:11:08.839,236,3.396,73.176,0.11,0.028,0.047,77.806,12.25,engaged,6.172,absent,0.0,no_face_detected,absent,0.0,no_face_detected,,0.0,0,0,0.0,0,0,6
2026-06-17T23:11:08.927,237,3.525,68.004,0.085,0.019,0.034,72.13,12.41,engaged,6.265,absent,0.0,no_stable_face_candidate,absent,0.0,no_face_detected,,0.0,1,0,0.0,0,0,7
2026-06-17T23:11:09.040,238,23.285,78.102,0.246,0.021,0.039,102.359,12.15,engaged,6.375,absent,0.0,no_face_detected,absent,0.0,no_face_detected,,0.0,0,0,0.0,0,0,8
2026-06-17T23:11:09.132,239,6.51,64.039,0.152,0.034,0.062,71.299,12.34,engaged,6.468,absent,0.0,no_face_detected,absent,0.0,no_face_detected,,0.0,0,0,0.0,0,0,9
2026-06-17T23:11:09.214,240,5.76,65.478,0.098,0.021,0.04,72.063,12.49,disengaged,0.0,absent,0.0,no_face_detected,absent,0.0,no_face_detected,,0.0,0,0,0.0,0,0,10
2026-06-17T23:11:09.302,241,3.498,73.556,0.182,0.023,0.039,77.895,12.52,disengaged,0.093,absent,0.0,no_face_detected,absent,0.0,no_face_detected,,0.0,0,0,0.0,0,0,11
2026-06-17T23:11:09.394,242,5.322,76.912,0.169,0.033,0.041,83.029,12.48,disengaged,0.171,absent,0.0,no_face_detected,absent,0.0,no_face_detected,,0.0,0,0,0.0,0,0,12
2026-06-17T23:11:09.471,243,3.631,64.754,0.138,0.042,0.055,69.171,12.67,disengaged,0.25,absent,0.0,no_face_detected,absent,0.0,no_face_detected,,0.0,0,0,0.0,0,0,13
2026-06-17T23:11:09.564,244,3.41,76.935,0.154,0.044,0.058,81.228,12.64,disengaged,0.343,absent,0.0,no_face_detected,absent,0.0,no_face_detected,,0.0,0,0,0.0,0,0,14
2026-06-17T23:11:09.640,245,3.61,63.533,0.173,0.054,0.066,68.016,12.84,disengaged,0.421,absent,0.0,no_face_detected,absent,0.0,no_face_detected,,0.0,0,0,0.0,0,0,15
2026-06-17T23:11:09.723,246,3.412,63.245,0.135,0.044,0.054,67.502,13.04,disengaged,0.515,absent,0.0,no_face_detected,absent,0.0,no_face_detected,,0.0,0,0,0.0,0,0,16
2026-06-17T23:11:09.806,247,5.827,67.685,0.104,0.081,0.047,75.171,13.07,disengaged,0.593,absent,0.0,no_face_detected,absent,0.0,no_face_detected,,0.0,0,0,0.0,0,0,17
2026-06-17T23:11:09.889,248,3.682,69.423,0.105,0.035,0.046,74.031,13.11,disengaged,0.671,absent,0.0,no_face_detected,absent,0.0,no_face_detected,,0.0,0,0,0.0,0,0,18
2026-06-17T23:11:09.965,249,4.776,64.379,0.188,0.028,0.038,70.36,13.22,disengaged,0.75,absent,0.0,no_face_detected,absent,0.0,no_face_detected,,0.0,0,0,0.0,0,0,19
2026-06-17T23:11:10.060,250,3.385,77.185,0.119,0.033,0.043,81.441,13.13,disengaged,0.843,absent,0.0,no_face_detected,absent,0.0,no_face_detected,,0.0,0,0,0.0,0,0,20
2026-06-17T23:11:10.137,251,3.821,60.835,0.173,0.036,0.047,65.622,13.34,disengaged,0.921,absent,0.0,no_face_detected,absent,0.0,no_face_detected,,0.0,0,0,0.0,0,0,21
2026-06-17T23:11:10.223,252,5.042,66.902,0.161,0.04,0.037,72.822,13.38,idle,0.0,absent,0.0,no_face_detected,absent,0.0,no_face_detected,,0.0,0,0,0.0,0,0,22
2026-06-17T23:11:10.312,253,6.06,71.988,0.114,0.025,0.048,79.171,13.3,idle,0.078,absent,0.0,no_face_detected,absent,0.0,no_face_detected,,0.0,0,0,0.0,0,0,23
2026-06-17T23:11:10.413,254,4.569,80.22,0.089,0.021,0.035,85.556,13.14,idle,0.188,disengaged,0.732,face_left_or_right+face_too_small,absent,0.0,no_face_detected,"(112, 494, 112, 112)",0.0136,1,1,0.186,0,0,24
2026-06-17T23:11:10.504,255,3.466,77.821,0.131,0.028,0.083,82.183,13.04,idle,0.281,absent,0.0,no_face_detected,absent,0.0,no_face_detected,,0.0,0,0,0.0,0,0,25
2026-06-17T23:11:10.595,256,3.516,76.522,0.208,0.021,0.076,81.019,12.97,idle,0.36,absent,0.0,no_face_detected,absent,0.0,no_face_detected,,0.0,0,0,0.0,0,0,26
2026-06-17T23:11:10.680,257,5.773,74.588,0.108,0.022,0.043,81.034,12.91,idle,0.453,absent,0.0,no_stable_face_candidate,absent,0.0,no_face_detected,,0.0,1,0,0.0,0,0,27
2026-06-17T23:11:10.772,258,3.405,72.738,0.466,0.079,0.094,77.419,12.91,idle,0.547,absent,0.0,no_face_detected,absent,0.0,no_face_detected,,0.0,0,0,0.0,0,0,28
2026-06-17T23:11:10.870,259,5.369,81.603,0.123,0.025,0.057,87.862,12.76,idle,0.641,absent,0.0,no_face_detected,absent,0.0,no_face_detected,,0.0,0,0,0.0,0,0,29
2026-06-17T23:11:10.964,260,3.42,78.865,0.092,0.02,0.036,82.96,12.69,idle,0.735,absent,0.0,no_stable_face_candidate,absent,0.0,no_face_detected,,0.0,1,0,0.0,0,0,30
2026-06-17T23:11:11.059,261,3.365,81.035,0.129,0.024,0.066,85.157,12.59,idle,0.828,absent,0.0,no_face_detected,absent,0.0,no_face_detected,,0.0,0,0,0.0,0,0,31
2026-06-17T23:11:11.147,262,4.921,78.227,0.166,0.022,0.041,84.21,12.52,idle,0.922,absent,0.0,no_stable_face_candidate,absent,0.0,no_face_detected,,0.0,1,0,0.0,0,0,32
2026-06-17T23:11:11.249,263,4.887,78.706,0.081,0.018,0.035,84.297,12.46,idle,1.016,absent,0.0,no_stable_face_candidate,absent,0.0,no_face_detected,,0.0,1,0,0.0,0,0,33
2026-06-17T23:11:11.339,264,3.445,82.462,0.16,0.046,0.073,86.659,12.36,idle,1.11,absent,0.0,no_face_detected,absent,0.0,no_face_detected,,0.0,0,0,0.0,0,0,34
2026-06-17T23:11:11.433,265,3.965,67.213,0.186,0.04,0.074,72.116,12.51,idle,1.203,absent,0.0,no_face_detected,absent,0.0,no_face_detected,,0.0,0,0,0.0,0,0,35
2026-06-17T23:11:11.514,266,3.638,64.047,0.145,0.028,0.059,68.449,12.72,idle,1.281,absent,0.0,no_face_detected,absent,0.0,no_face_detected,,0.0,0,0,0.0,0,0,36
2026-06-17T23:11:11.611,267,17.513,71.326,0.099,0.021,0.042,90.1,12.56,idle,1.375,absent,0.0,no_face_detected,absent,0.0,no_face_detected,,0.0,0,0,0.0,0,0,37
2026-06-17T23:11:11.694,268,5.711,66.482,0.172,0.017,0.038,72.969,12.68,idle,1.469,absent,0.0,no_face_detected,absent,0.0,no_face_detected,,0.0,0,0,0.0,0,0,38
2026-06-17T23:11:11.783,269,4.565,70.91,0.174,0.036,0.074,76.376,12.72,idle,1.547,absent,0.0,no_face_detected,absent,0.0,no_face_detected,,0.0,0,0,0.0,0,0,39
2026-06-17T23:11:11.878,270,3.745,82.659,0.114,0.019,0.041,87.101,12.59,idle,1.641,absent,0.0,no_face_detected,absent,0.0,no_face_detected,,0.0,0,0,0.0,0,0,40
2026-06-17T23:11:11.973,271,5.025,77.247,0.093,0.022,0.04,82.969,12.54,idle,1.75,absent,0.0,no_face_detected,absent,0.0,no_face_detected,,0.0,0,0,0.0,0,0,41
2026-06-17T23:11:12.066,272,3.685,78.129,0.109,0.028,0.047,82.536,12.5,idle,1.828,absent,0.0,no_face_detected,absent,0.0,no_face_detected,,0.0,0,0,0.0,0,0,42
2026-06-17T23:11:12.173,273,3.494,97.617,0.178,0.028,0.041,101.893,12.23,idle,1.938,absent,0.0,no_face_detected,absent,0.0,no_face_detected,,0.0,0,0,0.0,0,0,43
2026-06-17T23:11:12.265,274,4.671,77.066,0.161,0.017,0.039,82.72,12.21,idle,2.031,absent,0.0,no_face_detected,absent,0.0,no_face_detected,,0.0,0,0,0.0,0,0,44
2026-06-17T23:11:12.374,275,3.786,89.906,0.166,0.018,0.037,94.619,12.05,idle,2.141,absent,0.0,no_face_detected,absent,0.0,no_face_detected,,0.0,0,0,0.0,0,0,45
2026-06-17T23:11:12.460,276,4.132,70.684,0.2,0.031,0.058,75.886,12.16,idle,2.235,absent,0.0,no_face_detected,absent,0.0,no_face_detected,,0.0,0,0,0.0,0,0,46
2026-06-17T23:11:12.545,277,3.82,75.889,0.163,0.021,0.041,80.934,12.18,idle,2.313,absent,0.0,no_face_detected,absent,0.0,no_face_detected,,0.0,0,0,0.0,0,0,47
2026-06-17T23:11:12.648,278,3.584,83.095,0.128,0.026,0.053,87.381,12.11,idle,2.422,absent,0.0,no_face_detected,absent,0.0,no_face_detected,,0.0,0,0,0.0,0,0,48
2026-06-17T23:11:12.729,279,4.339,69.268,0.238,0.061,0.151,74.635,12.24,idle,2.5,absent,0.0,no_face_detected,absent,0.0,no_face_detected,,0.0,0,0,0.0,0,0,49
2026-06-17T23:11:12.813,280,3.635,68.806,0.127,0.02,0.044,73.227,12.38,idle,2.578,absent,0.0,no_face_detected,absent,0.0,no_face_detected,,0.0,0,0,0.0,0,0,50
2026-06-17T23:11:12.913,281,4.149,74.349,0.135,0.033,0.049,80.72,12.38,idle,2.688,absent,0.0,no_face_detected,absent,0.0,no_face_detected,,0.0,0,0,0.0,0,0,51
2026-06-17T23:11:13.002,282,5.26,72.488,0.119,0.017,0.04,78.575,12.41,idle,2.766,absent,0.0,no_face_detected,absent,0.0,no_face_detected,,0.0,0,0,0.0,0,0,52
2026-06-17T23:11:13.095,283,5.679,74.64,0.078,0.018,0.032,80.946,12.41,idle,2.86,disengaged,0.684,face_left_or_right+face_high_or_low,absent,0.0,no_face_detected,"(85, 1, 152, 152)",0.0251,2,1,0.17,0,0,53
2026-06-17T23:11:13.189,284,5.901,81.098,0.133,0.026,0.036,87.748,12.31,idle,2.953,absent,0.0,no_face_detected,absent,0.0,no_face_detected,,0.0,0,0,0.0,0,0,54
2026-06-17T23:11:13.272,285,4.38,72.385,0.101,0.025,0.039,77.725,12.36,idle,3.047,disengaged,0.715,face_left_or_right+face_high_or_low,absent,0.0,no_face_detected,"(89, 1, 147, 147)",0.0234,1,1,0.526,0,0,55
2026-06-17T23:11:13.384,286,3.928,88.158,0.331,0.033,0.043,93.073,12.2,disengaged,0.0,disengaged,0.714,face_left_or_right+face_high_or_low,disengaged,0.704,face_left_or_right+face_high_or_low,"(92, 3, 143, 143)",0.0222,1,1,0.53,0,1,0
2026-06-17T23:11:13.480,287,4.025,78.446,0.074,0.019,0.029,83.304,12.18,disengaged,0.094,disengaged,0.713,face_left_or_right+face_high_or_low,disengaged,0.706,face_left_or_right+face_high_or_low,"(90, 4, 145, 145)",0.0228,1,1,0.529,0,2,0
2026-06-17T23:11:13.565,288,3.415,72.02,0.12,0.021,0.033,76.373,12.27,disengaged,0.172,disengaged,0.714,face_left_or_right+face_high_or_low,disengaged,0.708,face_left_or_right+face_high_or_low,"(89, 4, 145, 145)",0.0228,1,1,0.536,0,3,0
2026-06-17T23:11:13.649,289,3.74,73.441,0.086,0.019,0.031,77.663,12.33,disengaged,0.266,disengaged,0.714,face_left_or_right+face_high_or_low,disengaged,0.709,face_left_or_right+face_high_or_low,"(87, 2, 148, 148)",0.0238,1,1,0.538,0,4,0
2026-06-17T23:11:13.731,290,3.511,68.399,0.116,0.024,0.032,72.679,12.48,disengaged,0.344,disengaged,0.714,face_left_or_right+face_high_or_low,disengaged,0.71,face_left_or_right+face_high_or_low,"(89, 2, 147, 147)",0.0234,1,1,0.535,0,5,0
2026-06-17T23:11:13.812,291,3.616,63.627,0.156,0.024,0.044,67.99,12.7,disengaged,0.422,disengaged,0.71,face_left_or_right+face_high_or_low,disengaged,0.71,face_left_or_right+face_high_or_low,"(86, 1, 155, 155)",0.0261,1,1,0.531,0,6,0
2026-06-17T23:11:13.899,292,8.214,66.42,0.086,0.02,0.033,75.358,12.76,disengaged,0.516,disengaged,0.712,face_left_or_right+face_high_or_low,disengaged,0.713,face_left_or_right+face_high_or_low,"(86, 1, 155, 155)",0.0261,1,1,0.554,0,7,0
2026-06-17T23:11:13.986,293,5.825,73.722,0.072,0.018,0.028,80.23,12.73,disengaged,0.594,disengaged,0.712,face_left_or_right+face_high_or_low,disengaged,0.713,face_left_or_right+face_high_or_low,"(91, 4, 144, 144)",0.0225,1,1,0.517,0,8,0
2026-06-17T23:11:14.087,294,4.228,77.805,0.145,0.033,0.05,83.492,12.65,disengaged,0.704,disengaged,0.713,face_left_or_right+face_high_or_low,disengaged,0.713,face_left_or_right+face_high_or_low,"(85, 1, 152, 152)",0.0251,1,1,0.531,0,9,0
2026-06-17T23:11:14.195,295,3.522,94.735,0.077,0.057,0.03,99.501,12.39,disengaged,0.813,disengaged,0.709,face_left_or_right+face_high_or_low,disengaged,0.712,face_left_or_right+face_high_or_low,"(89, 3, 151, 151)",0.0247,1,1,0.531,0,10,0
2026-06-17T23:11:14.292,296,3.553,75.814,0.139,0.032,0.052,80.087,12.4,disengaged,0.907,disengaged,0.711,face_left_or_right+face_high_or_low,disengaged,0.712,face_left_or_right+face_high_or_low,"(88, 2, 151, 151)",0.0247,2,2,0.542,0,11,0
2026-06-17T23:11:14.375,297,4.494,72.608,0.079,0.018,0.03,77.936,12.44,disengaged,0.985,disengaged,0.712,face_left_or_right+face_high_or_low,disengaged,0.712,face_left_or_right+face_high_or_low,"(87, 2, 151, 151)",0.0247,1,1,0.544,0,12,0
2026-06-17T23:11:14.476,298,5.04,77.875,0.103,0.02,0.034,83.725,12.39,disengaged,1.094,disengaged,0.711,face_left_or_right+face_high_or_low,disengaged,0.711,face_left_or_right+face_high_or_low,"(92, 4, 144, 144)",0.0225,1,1,0.523,0,13,0
2026-06-17T23:11:14.566,299,4.119,77.184,0.1,0.017,0.056,82.38,12.37,disengaged,1.188,disengaged,0.71,face_left_or_right+face_high_or_low,disengaged,0.711,face_left_or_right+face_high_or_low,"(87, 5, 149, 149)",0.0241,1,1,0.521,0,14,0
2026-06-17T23:11:14.666,300,8.849,80.434,0.079,0.021,0.03,90.115,12.24,disengaged,1.282,disengaged,0.711,face_left_or_right+face_high_or_low,disengaged,0.711,face_left_or_right+face_high_or_low,"(88, 2, 152, 152)",0.0251,1,1,0.534,0,15,0
2026-06-17T23:11:14.752,301,3.796,74.61,0.086,0.02,0.033,79.147,12.28,disengaged,1.36,disengaged,0.712,face_left_or_right+face_high_or_low,disengaged,0.711,face_left_or_right+face_high_or_low,"(85, 1, 154, 154)",0.0257,1,1,0.542,0,16,0
2026-06-17T23:11:14.834,302,3.69,69.706,0.096,0.024,0.035,74.098,12.4,disengaged,1.454,disengaged,0.709,face_left_or_right+face_high_or_low,disengaged,0.711,face_left_or_right+face_high_or_low,"(93, 3, 146, 146)",0.0231,1,1,0.515,0,17,0
2026-06-17T23:11:14.923,303,3.539,75.449,0.081,0.02,0.038,79.841,12.41,disengaged,1.532,disengaged,0.708,face_left_or_right+face_high_or_low,disengaged,0.71,face_left_or_right+face_high_or_low,"(86, 2, 156, 156)",0.0264,1,1,0.525,0,18,0
2026-06-17T23:11:15.010,304,3.498,68.099,0.145,0.029,0.058,72.458,12.55,disengaged,1.625,absent,0.0,no_face_detected,disengaged,0.711,face_left_or_right+face_high_or_low,"(86, 2, 156, 156)",0.0264,0,0,0.525,0,19,0
2026-06-17T23:11:15.110,305,8.953,75.801,0.097,0.023,0.037,85.61,12.47,disengaged,1.719,disengaged,0.634,face_too_small,disengaged,0.701,face_left_or_right+face_high_or_low,"(314, 201, 110, 110)",0.0131,1,1,0.173,0,20,0
2026-06-17T23:11:15.206,306,5.625,74.196,0.115,0.02,0.072,80.634,12.46,disengaged,1.813,disengaged,0.679,face_left_or_right+face_high_or_low,disengaged,0.697,face_left_or_right+face_high_or_low,"(84, 1, 158, 158)",0.0271,1,1,0.161,0,21,0
2026-06-17T23:11:15.298,307,3.784,69.373,0.194,0.043,0.062,73.969,12.57,disengaged,1.907,absent,0.0,no_face_detected,disengaged,0.695,face_left_or_right+face_high_or_low,"(84, 1, 158, 158)",0.0271,0,0,0.161,0,22,0
2026-06-17T23:11:15.395,308,6.717,76.46,0.131,0.032,0.053,83.876,12.5,disengaged,2.016,absent,0.0,no_face_detected,disengaged,0.692,face_left_or_right+face_high_or_low,"(84, 1, 158, 158)",0.0271,0,0,0.161,0,23,0
2026-06-17T23:11:15.489,309,5.391,76.55,0.078,0.018,0.03,82.613,12.46,disengaged,2.094,disengaged,0.71,face_left_or_right+face_high_or_low,disengaged,0.692,face_left_or_right+face_high_or_low,"(89, 2, 152, 152)",0.0251,1,1,0.532,0,24,0
2026-06-17T23:11:15.583,310,3.71,79.522,0.17,0.041,0.069,84.016,12.41,disengaged,2.204,disengaged,0.711,face_left_or_right+face_high_or_low,disengaged,0.692,face_left_or_right+face_high_or_low,"(89, 3, 149, 149)",0.0241,1,1,0.536,0,25,0
2026-06-17T23:11:15.681,311,5.586,78.703,0.173,0.043,0.031,85.042,12.34,disengaged,2.297,disengaged,0.71,face_left_or_right+face_high_or_low,disengaged,0.692,face_left_or_right+face_high_or_low,"(91, 3, 149, 149)",0.0241,1,1,0.537,0,26,0
2026-06-17T23:11:15.766,312,3.068,71.713,0.086,0.021,0.033,75.489,12.43,disengaged,2.375,disengaged,0.712,face_left_or_right+face_high_or_low,disengaged,0.693,face_left_or_right+face_high_or_low,"(86, 1, 154, 154)",0.0257,1,1,0.536,0,27,0
2026-06-17T23:11:15.853,313,3.831,72.1,0.097,0.021,0.036,76.494,12.5,disengaged,2.469,disengaged,0.711,face_left_or_right+face_high_or_low,disengaged,0.695,face_left_or_right+face_high_or_low,"(87, 2, 153, 153)",0.0254,1,1,0.547,0,28,0
2026-06-17T23:11:15.942,314,5.274,73.996,0.074,0.018,0.027,79.797,12.5,disengaged,2.563,disengaged,0.71,face_left_or_right+face_high_or_low,disengaged,0.706,face_left_or_right+face_high_or_low,"(89, 3, 151, 151)",0.0247,1,1,0.542,0,29,0
2026-06-17T23:11:16.025,315,4.188,72.781,0.158,0.029,0.049,77.969,12.53,disengaged,2.641,disengaged,0.711,face_left_or_right+face_high_or_low,disengaged,0.711,face_left_or_right+face_high_or_low,"(89, 3, 150, 150)",0.0244,1,1,0.543,0,30,0
2026-06-17T23:11:16.117,316,3.847,71.281,0.192,0.135,0.278,76.27,12.59,disengaged,2.735,disengaged,0.707,face_left_or_right+face_high_or_low,disengaged,0.71,face_left_or_right+face_high_or_low,"(86, 2, 157, 157)",0.0267,1,1,0.538,0,31,0
2026-06-17T23:11:16.198,317,3.312,69.82,0.085,0.02,0.035,73.832,12.69,disengaged,2.813,disengaged,0.709,face_left_or_right+face_high_or_low,disengaged,0.71,face_left_or_right+face_high_or_low,"(86, 2, 157, 157)",0.0267,1,1,0.556,0,32,0
2026-06-17T23:11:16.297,318,3.611,75.0,0.091,0.023,0.036,79.71,12.67,disengaged,2.907,disengaged,0.709,face_left_or_right+face_high_or_low,disengaged,0.71,face_left_or_right+face_high_or_low,"(88, 2, 154, 154)",0.0257,1,1,0.543,0,33,0
2026-06-17T23:11:16.386,319,3.669,75.958,0.112,0.02,0.031,80.439,12.65,disengaged,3.0,disengaged,0.708,face_left_or_right+face_high_or_low,disengaged,0.71,face_left_or_right+face_high_or_low,"(87, 2, 157, 157)",0.0267,1,1,0.547,0,34,0
2026-06-17T23:11:16.496,320,23.522,70.178,0.11,0.018,0.03,94.433,12.44,disengaged,3.11,disengaged,0.708,face_left_or_right+face_high_or_low,disengaged,0.709,face_left_or_right+face_high_or_low,"(90, 5, 150, 150)",0.0244,1,1,0.537,0,35,0
2026-06-17T23:11:16.595,321,5.506,77.245,0.082,0.02,0.03,83.821,12.39,disengaged,3.204,disengaged,0.709,face_left_or_right+face_high_or_low,disengaged,0.709,face_left_or_right+face_high_or_low,"(90, 5, 150, 150)",0.0244,1,1,0.547,0,36,0
2026-06-17T23:11:16.677,322,5.504,69.315,0.073,0.018,0.028,75.863,12.47,disengaged,3.297,disengaged,0.707,face_left_or_right+face_high_or_low,disengaged,0.709,face_left_or_right+face_high_or_low,"(86, 3, 157, 157)",0.0267,1,1,0.542,0,37,0
2026-06-17T23:11:16.765,323,3.512,73.967,0.076,0.018,0.028,78.221,12.5,disengaged,3.375,disengaged,0.709,face_left_or_right+face_high_or_low,disengaged,0.709,face_left_or_right+face_high_or_low,"(89, 3, 151, 151)",0.0247,1,1,0.53,0,38,0
2026-06-17T23:11:16.852,324,3.518,69.846,0.078,0.018,0.029,74.031,12.6,disengaged,3.469,disengaged,0.708,face_left_or_right+face_high_or_low,disengaged,0.708,face_left_or_right+face_high_or_low,"(91, 4, 150, 150)",0.0244,1,1,0.539,0,39,0
2026-06-17T23:11:16.932,325,3.607,73.329,0.101,0.021,0.034,77.679,12.63,disengaged,3.547,disengaged,0.71,face_left_or_right+face_high_or_low,disengaged,0.708,face_left_or_right+face_high_or_low,"(93, 5, 144, 144)",0.0225,1,1,0.523,0,40,0
2026-06-17T23:11:17.018,326,3.528,71.025,0.086,0.02,0.031,75.302,12.69,disengaged,3.625,disengaged,0.71,face_left_or_right+face_high_or_low,disengaged,0.709,face_left_or_right+face_high_or_low,"(88, 4, 149, 149)",0.0241,2,1,0.527,0,41,0
2026-06-17T23:11:17.110,327,3.788,73.679,0.087,0.018,0.028,78.168,12.7,disengaged,3.719,disengaged,0.707,face_left_or_right+face_high_or_low,disengaged,0.708,face_left_or_right+face_high_or_low,"(94, 6, 145, 145)",0.0228,1,1,0.519,0,42,0
2026-06-17T23:11:17.194,328,4.098,69.29,0.16,0.027,0.053,74.364,12.78,disengaged,3.813,disengaged,0.709,face_left_or_right+face_high_or_low,disengaged,0.709,face_left_or_right+face_high_or_low,"(92, 3, 149, 149)",0.0241,1,1,0.537,0,43,0
2026-06-17T23:11:17.274,329,3.547,68.019,0.073,0.018,0.029,72.167,12.89,disengaged,3.891,disengaged,0.709,face_left_or_right+face_high_or_low,disengaged,0.709,face_left_or_right+face_high_or_low,"(90, 4, 150, 150)",0.0244,1,1,0.537,0,44,0
2026-06-17T23:11:17.372,330,5.46,78.351,0.156,0.023,0.038,84.699,12.78,disengaged,3.985,disengaged,0.71,face_left_or_right+face_high_or_low,disengaged,0.709,face_left_or_right+face_high_or_low,"(90, 4, 150, 150)",0.0244,1,1,0.547,0,45,0
2026-06-17T23:11:17.474,331,3.577,82.101,0.074,0.017,0.029,86.435,12.66,disengaged,4.094,disengaged,0.708,face_left_or_right+face_high_or_low,disengaged,0.709,face_left_or_right+face_high_or_low,"(88, 2, 156, 156)",0.0264,1,1,0.543,0,46,0
2026-06-17T23:11:17.565,332,5.419,71.594,0.098,0.022,0.032,77.871,12.68,disengaged,4.172,disengaged,0.707,face_left_or_right+face_high_or_low,disengaged,0.709,face_left_or_right+face_high_or_low,"(88, 3, 156, 156)",0.0264,1,1,0.551,0,47,0
2026-06-17T23:11:17.658,333,3.448,82.375,0.172,0.019,0.029,86.658,12.56,disengaged,4.266,disengaged,0.708,face_left_or_right+face_high_or_low,disengaged,0.709,face_left_or_right+face_high_or_low,"(90, 4, 152, 152)",0.0251,1,1,0.542,0,48,0
2026-06-17T23:11:17.750,334,3.579,74.343,0.098,0.02,0.029,78.688,12.58,disengaged,4.36,disengaged,0.708,face_left_or_right+face_high_or_low,disengaged,0.708,face_left_or_right+face_high_or_low,"(90, 6, 148, 148)",0.0238,1,1,0.532,0,49,0
2026-06-17T23:11:17.837,335,4.448,73.047,0.112,0.031,0.037,78.231,12.6,disengaged,4.454,disengaged,0.707,face_left_or_right+face_high_or_low,disengaged,0.708,face_left_or_right+face_high_or_low,"(91, 4, 152, 152)",0.0251,1,1,0.533,0,50,0
2026-06-17T23:11:17.929,336,4.56,75.954,0.095,0.021,0.034,81.335,12.57,disengaged,4.547,disengaged,0.708,face_left_or_right+face_high_or_low,disengaged,0.708,face_left_or_right+face_high_or_low,"(91, 6, 148, 148)",0.0238,2,2,0.532,0,51,0
2026-06-17T23:11:18.010,337,3.708,70.52,0.082,0.019,0.031,74.999,12.64,disengaged,4.625,disengaged,0.708,face_left_or_right+face_high_or_low,disengaged,0.708,face_left_or_right+face_high_or_low,"(89, 2, 155, 155)",0.0261,1,1,0.539,0,52,0
2026-06-17T23:11:18.100,338,3.82,72.111,0.147,0.027,0.044,76.686,12.68,disengaged,4.719,disengaged,0.709,face_left_or_right+face_high_or_low,disengaged,0.708,face_left_or_right+face_high_or_low,"(89, 2, 155, 155)",0.0261,1,1,0.554,0,53,0
2026-06-17T23:11:18.189,339,3.662,75.309,0.086,0.02,0.032,79.672,12.67,disengaged,4.797,disengaged,0.708,face_left_or_right+face_high_or_low,disengaged,0.708,face_left_or_right+face_high_or_low,"(90, 2, 155, 155)",0.0261,1,1,0.55,0,54,0
2026-06-17T23:11:18.286,340,5.887,76.302,0.169,0.044,0.065,83.784,12.6,disengaged,4.907,disengaged,0.709,face_left_or_right+face_high_or_low,disengaged,0.708,face_left_or_right+face_high_or_low,"(90, 2, 155, 155)",0.0261,1,1,0.554,0,55,0
2026-06-17T23:11:18.374,341,5.63,72.957,0.11,0.023,0.031,79.35,12.6,disengaged,4.985,disengaged,0.709,face_left_or_right+face_high_or_low,disengaged,0.708,face_left_or_right+face_high_or_low,"(89, 2, 155, 155)",0.0261,1,1,0.55,0,56,0
2026-06-17T23:11:18.473,342,3.638,88.571,0.123,0.028,0.034,93.082,12.41,seeking_attention,0.0,disengaged,0.708,face_left_or_right+face_high_or_low,disengaged,0.708,face_left_or_right+face_high_or_low,"(85, 2, 158, 158)",0.0271,1,1,0.543,0,57,0
2026-06-17T23:11:18.573,343,5.582,79.428,0.108,0.026,0.042,86.133,12.33,seeking_attention,0.094,disengaged,0.708,face_left_or_right+face_high_or_low,disengaged,0.708,face_left_or_right+face_high_or_low,"(90, 3, 152, 152)",0.0251,1,1,0.532,0,58,0
2026-06-17T23:11:18.657,344,6.302,67.798,0.085,0.019,0.031,75.613,12.42,seeking_attention,0.172,disengaged,0.709,face_left_or_right+face_high_or_low,disengaged,0.708,face_left_or_right+face_high_or_low,"(87, 2, 155, 155)",0.0261,1,1,0.544,0,59,0
2026-06-17T23:11:18.741,345,4.051,74.492,0.076,0.017,0.029,79.323,12.44,seeking_attention,0.266,disengaged,0.71,face_left_or_right+face_high_or_low,disengaged,0.709,face_left_or_right+face_high_or_low,"(88, 2, 154, 154)",0.0257,1,1,0.548,0,60,0
2026-06-17T23:11:18.827,346,3.643,71.214,0.093,0.017,0.028,75.511,12.52,seeking_attention,0.344,disengaged,0.709,face_left_or_right+face_high_or_low,disengaged,0.709,face_left_or_right+face_high_or_low,"(90, 4, 151, 151)",0.0247,1,1,0.542,0,61,0
2026-06-17T23:11:18.924,347,3.474,77.807,0.08,0.018,0.069,82.183,12.48,seeking_attention,0.438,disengaged,0.708,face_left_or_right+face_high_or_low,disengaged,0.709,face_left_or_right+face_high_or_low,"(86, 3, 156, 156)",0.0264,1,1,0.541,0,62,0
2026-06-17T23:11:19.006,348,4.19,66.576,0.085,0.019,0.029,72.017,12.62,seeking_attention,0.531,disengaged,0.708,face_left_or_right+face_high_or_low,disengaged,0.708,face_left_or_right+face_high_or_low,"(94, 4, 146, 146)",0.0231,1,1,0.511,0,63,0
2026-06-17T23:11:19.087,349,5.712,68.624,0.126,0.028,0.055,75.383,12.69,seeking_attention,0.61,disengaged,0.708,face_left_or_right+face_high_or_low,disengaged,0.708,face_left_or_right+face_high_or_low,"(87, 2, 155, 155)",0.0261,1,1,0.528,0,64,0
2026-06-17T23:11:19.173,350,4.179,66.131,0.104,0.024,0.031,71.651,12.82,seeking_attention,0.688,disengaged,0.709,face_left_or_right+face_high_or_low,disengaged,0.708,face_left_or_right+face_high_or_low,"(90, 2, 153, 153)",0.0254,1,1,0.54,0,65,0
2026-06-17T23:11:19.265,351,6.215,80.835,0.097,0.016,0.028,88.086,12.67,seeking_attention,0.781,disengaged,0.71,face_left_or_right+face_high_or_low,disengaged,0.709,face_left_or_right+face_high_or_low,"(90, 2, 153, 153)",0.0254,1,1,0.551,0,66,0
2026-06-17T23:11:19.360,352,3.364,77.646,0.089,0.019,0.07,81.857,12.62,seeking_attention,0.875,disengaged,0.708,face_left_or_right+face_high_or_low,disengaged,0.709,face_left_or_right+face_high_or_low,"(91, 3, 153, 153)",0.0254,1,1,0.545,0,67,0
2026-06-17T23:11:19.449,353,3.629,74.798,0.077,0.018,0.031,79.074,12.63,seeking_attention,0.969,disengaged,0.709,face_left_or_right+face_high_or_low,disengaged,0.709,face_left_or_right+face_high_or_low,"(91, 3, 151, 151)",0.0247,2,1,0.54,0,68,0
2026-06-17T23:11:19.542,354,5.914,78.223,0.127,0.019,0.029,84.702,12.54,seeking_attention,1.063,disengaged,0.709,face_left_or_right+face_high_or_low,disengaged,0.709,face_left_or_right+face_high_or_low,"(88, 4, 152, 152)",0.0251,1,1,0.536,0,69,0
2026-06-17T23:11:19.639,355,3.914,76.059,0.312,0.04,0.079,81.221,12.52,seeking_attention,1.156,disengaged,0.71,face_left_or_right+face_high_or_low,disengaged,0.709,face_left_or_right+face_high_or_low,"(86, 2, 156, 156)",0.0264,2,1,0.551,0,70,0
2026-06-17T23:11:19.728,356,4.266,69.88,0.097,0.022,0.036,75.245,12.6,seeking_attention,1.25,disengaged,0.707,face_left_or_right+face_high_or_low,disengaged,0.709,face_left_or_right+face_high_or_low,"(86, 2, 158, 158)",0.0271,2,1,0.55,0,71,0
2026-06-17T23:11:19.814,357,3.917,73.147,0.198,0.032,0.053,78.051,12.62,seeking_attention,1.328,disengaged,0.709,face_left_or_right+face_high_or_low,disengaged,0.709,face_left_or_right+face_high_or_low,"(86, 3, 155, 155)",0.0261,1,1,0.544,0,72,0
2026-06-17T23:11:19.899,358,3.901,70.172,0.08,0.018,0.03,74.752,12.7,seeking_attention,1.422,disengaged,0.709,face_left_or_right+face_high_or_low,disengaged,0.709,face_left_or_right+face_high_or_low,"(88, 4, 152, 152)",0.0251,1,1,0.544,0,73,0
2026-06-17T23:11:19.980,359,3.317,68.602,0.14,0.025,0.045,72.768,12.8,seeking_attention,1.5,disengaged,0.71,face_left_or_right+face_high_or_low,disengaged,0.709,face_left_or_right+face_high_or_low,"(88, 4, 151, 151)",0.0247,1,1,0.544,0,74,0
2026-06-17T23:11:20.067,360,3.654,64.262,0.083,0.018,0.031,68.519,12.98,seeking_attention,1.594,disengaged,0.709,face_left_or_right+face_high_or_low,disengaged,0.709,face_left_or_right+face_high_or_low,"(88, 2, 155, 155)",0.0261,1,1,0.541,0,75,0
2026-06-17T23:11:20.157,361,5.503,75.97,0.081,0.019,0.03,82.152,12.9,seeking_attention,1.672,disengaged,0.71,face_left_or_right+face_high_or_low,disengaged,0.709,face_left_or_right+face_high_or_low,"(88, 2, 155, 155)",0.0261,1,1,0.554,0,76,0
2026-06-17T23:11:20.254,362,4.03,76.311,0.115,0.076,0.042,81.239,12.84,seeking_attention,1.781,disengaged,0.708,face_left_or_right+face_high_or_low,disengaged,0.709,face_left_or_right+face_high_or_low,"(90, 7, 146, 146)",0.0231,1,1,0.522,0,77,0
2026-06-17T23:11:20.339,363,5.284,73.132,0.107,0.025,0.039,79.179,12.82,seeking_attention,1.86,disengaged,0.828,face_left_or_right+face_high_or_low+face_too_small,disengaged,0.722,face_left_or_right+face_high_or_low,"(94, 9, 140, 140)",0.0213,1,1,0.522,0,78,0
2026-06-17T23:11:20.425,364,3.963,75.102,0.248,0.018,0.03,80.261,12.78,seeking_attention,1.938,disengaged,0.71,face_left_or_right+face_high_or_low,disengaged,0.722,face_left_or_right+face_high_or_low,"(88, 5, 149, 149)",0.0241,1,1,0.528,0,79,0
2026-06-17T23:11:20.524,365,4.996,77.841,0.101,0.02,0.03,83.58,12.7,seeking_attention,2.047,disengaged,0.826,face_left_or_right+face_high_or_low+face_too_small,disengaged,0.735,face_left_or_right+face_high_or_low,"(97, 11, 136, 136)",0.0201,1,1,0.503,0,80,0
2026-06-17T23:11:20.615,366,4.542,77.252,0.096,0.019,0.031,82.919,12.64,seeking_attention,2.141,disengaged,0.83,face_left_or_right+face_high_or_low+face_too_small,disengaged,0.749,face_left_or_right+face_high_or_low,"(98, 9, 135, 135)",0.0198,1,1,0.516,0,81,0
2026-06-17T23:11:20.717,367,3.558,84.498,0.085,0.018,0.029,88.997,12.5,seeking_attention,2.235,disengaged,0.706,face_left_or_right+face_high_or_low,disengaged,0.749,face_left_or_right+face_high_or_low,"(89, 6, 149, 149)",0.0241,2,1,0.508,0,82,0
2026-06-17T23:11:20.806,368,3.525,72.52,0.106,0.025,0.039,76.825,12.55,seeking_attention,2.328,disengaged,0.826,face_left_or_right+face_high_or_low+face_too_small,disengaged,0.761,face_left_or_right+face_high_or_low,"(100, 13, 131, 131)",0.0186,1,1,0.489,0,83,0
2026-06-17T23:11:20.896,369,5.277,73.406,0.086,0.019,0.032,79.585,12.55,seeking_attention,2.406,disengaged,0.828,face_left_or_right+face_high_or_low+face_too_small,disengaged,0.775,face_left_or_right+face_high_or_low+face_too_small,"(95, 10, 137, 137)",0.0204,2,1,0.514,0,84,0
2026-06-17T23:11:20.974,370,3.626,71.66,0.096,0.021,0.035,76.094,12.61,seeking_attention,2.5,disengaged,0.83,face_left_or_right+face_high_or_low+face_too_small,disengaged,0.788,face_left_or_right+face_high_or_low+face_too_small,"(95, 10, 137, 137)",0.0204,2,1,0.531,0,85,0
2026-06-17T23:11:21.067,371,5.498,65.096,0.089,0.019,0.033,71.297,12.75,seeking_attention,2.594,disengaged,0.706,face_left_or_right+face_high_or_low,disengaged,0.788,face_left_or_right+face_high_or_low+face_too_small,"(94, 7, 145, 145)",0.0228,1,1,0.517,0,86,0
2026-06-17T23:11:21.157,372,5.688,75.437,0.093,0.02,0.032,81.865,12.7,seeking_attention,2.672,disengaged,0.708,face_left_or_right+face_high_or_low,disengaged,0.774,face_left_or_right+face_high_or_low+face_too_small,"(94, 7, 145, 145)",0.0228,1,1,0.541,0,87,0
2026-06-17T23:11:21.249,373,4.039,76.599,0.101,0.024,0.045,81.56,12.65,seeking_attention,2.766,disengaged,0.709,face_left_or_right+face_high_or_low,disengaged,0.774,face_left_or_right+face_high_or_low+face_too_small,"(90, 4, 150, 150)",0.0244,1,1,0.535,0,88,0
2026-06-17T23:11:21.339,374,3.587,73.093,0.282,0.029,0.049,77.621,12.68,seeking_attention,2.86,disengaged,0.708,face_left_or_right+face_high_or_low,disengaged,0.761,face_left_or_right+face_high_or_low,"(88, 4, 153, 153)",0.0254,1,1,0.541,0,89,0
2026-06-17T23:11:21.423,375,3.362,77.235,0.076,0.018,0.029,81.197,12.64,seeking_attention,2.938,disengaged,0.706,face_left_or_right+face_high_or_low,disengaged,0.747,face_left_or_right+face_high_or_low,"(89, 4, 154, 154)",0.0257,1,1,0.545,0,90,0
2026-06-17T23:11:21.534,376,3.618,87.031,0.127,0.021,0.032,91.467,12.47,seeking_attention,3.047,disengaged,0.708,face_left_or_right+face_high_or_low,disengaged,0.748,face_left_or_right+face_high_or_low,"(90, 6, 147, 147)",0.0234,2,1,0.524,0,91,0
2026-06-17T23:11:21.629,377,5.412,79.49,0.111,0.025,0.041,85.806,12.39,seeking_attention,3.156,disengaged,0.71,face_left_or_right+face_high_or_low,disengaged,0.735,face_left_or_right+face_high_or_low,"(91, 5, 145, 145)",0.0228,2,1,0.53,0,92,0
2026-06-17T23:11:21.731,378,4.368,85.66,0.08,0.02,0.03,90.799,12.25,seeking_attention,3.25,disengaged,0.707,face_left_or_right+face_high_or_low,disengaged,0.721,face_left_or_right+face_high_or_low,"(89, 4, 152, 152)",0.0251,2,1,0.529,0,93,0
2026-06-17T23:11:21.823,379,5.495,76.74,0.069,0.017,0.027,82.941,12.23,seeking_attention,3.344,disengaged,0.709,face_left_or_right+face_high_or_low,disengaged,0.708,face_left_or_right+face_high_or_low,"(89, 4, 152, 152)",0.0251,2,1,0.55,0,94,0
2026-06-17T23:11:21.903,380,5.69,71.845,0.173,0.017,0.03,78.411,12.28,seeking_attention,3.422,disengaged,0.709,face_left_or_right+face_high_or_low,disengaged,0.708,face_left_or_right+face_high_or_low,"(91, 5, 148, 148)",0.0238,2,1,0.536,0,95,0
2026-06-17T23:11:22.000,381,3.609,74.332,0.112,0.026,0.04,78.89,12.32,seeking_attention,3.516,disengaged,0.709,face_left_or_right+face_high_or_low,disengaged,0.708,face_left_or_right+face_high_or_low,"(88, 6, 148, 148)",0.0238,2,1,0.531,0,96,0
2026-06-17T23:11:22.082,382,4.441,68.338,0.153,0.018,0.028,73.517,12.45,seeking_attention,3.594,disengaged,0.709,face_left_or_right+face_high_or_low,disengaged,0.708,face_left_or_right+face_high_or_low,"(90, 6, 148, 148)",0.0238,2,1,0.536,0,97,0
2026-06-17T23:11:22.172,383,5.414,70.581,0.142,0.036,0.152,76.899,12.51,seeking_attention,3.688,disengaged,0.71,face_left_or_right+face_high_or_low,disengaged,0.709,face_left_or_right+face_high_or_low,"(90, 6, 147, 147)",0.0234,1,1,0.539,0,98,0
2026-06-17T23:11:22.262,384,4.273,72.432,0.085,0.016,0.026,77.536,12.55,seeking_attention,3.781,disengaged,0.709,face_left_or_right+face_high_or_low,disengaged,0.709,face_left_or_right+face_high_or_low,"(91, 6, 147, 147)",0.0234,1,1,0.539,0,99,0
2026-06-17T23:11:22.366,385,3.48,81.986,0.089,0.02,0.04,86.236,12.45,seeking_attention,3.891,disengaged,0.709,face_left_or_right+face_high_or_low,disengaged,0.709,face_left_or_right+face_high_or_low,"(88, 5, 150, 150)",0.0244,1,1,0.537,0,100,0
2026-06-17T23:11:22.450,386,4.773,72.367,0.104,0.021,0.036,78.0,12.49,seeking_attention,3.969,disengaged,0.71,face_left_or_right+face_high_or_low,disengaged,0.709,face_left_or_right+face_high_or_low,"(88, 5, 150, 150)",0.0244,1,1,0.547,0,101,0
2026-06-17T23:11:22.546,387,6.11,79.712,0.096,0.02,0.034,86.755,12.39,seeking_attention,4.063,disengaged,0.708,face_left_or_right+face_high_or_low,disengaged,0.709,face_left_or_right+face_high_or_low,"(93, 8, 143, 143)",0.0222,1,1,0.524,0,102,0
2026-06-17T23:11:22.648,388,5.182,81.036,0.127,0.019,0.03,87.057,12.3,seeking_attention,4.172,disengaged,0.709,face_left_or_right+face_high_or_low,disengaged,0.709,face_left_or_right+face_high_or_low,"(88, 5, 148, 148)",0.0238,1,1,0.528,0,103,0
2026-06-17T23:11:22.749,389,4.793,80.771,0.098,0.023,0.04,86.343,12.23,seeking_attention,4.266,disengaged,0.828,face_left_or_right+face_high_or_low+face_too_small,disengaged,0.722,face_left_or_right+face_high_or_low,"(93, 9, 141, 141)",0.0216,1,1,0.521,0,104,0
2026-06-17T23:11:22.844,390,15.186,68.919,0.086,0.019,0.033,85.102,12.18,seeking_attention,4.36,disengaged,0.709,face_left_or_right+face_high_or_low,disengaged,0.722,face_left_or_right+face_high_or_low,"(88, 6, 148, 148)",0.0238,2,1,0.53,0,105,0
2026-06-17T23:11:22.927,391,5.304,70.546,0.104,0.018,0.029,76.465,12.27,seeking_attention,4.453,disengaged,0.711,face_left_or_right+face_high_or_low,disengaged,0.723,face_left_or_right+face_high_or_low,"(88, 6, 147, 147)",0.0234,1,1,0.539,0,106,0
2026-06-17T23:11:23.023,392,3.475,77.312,0.095,0.019,0.03,81.458,12.27,seeking_attention,4.547,disengaged,0.709,face_left_or_right+face_high_or_low,disengaged,0.723,face_left_or_right+face_high_or_low,"(90, 7, 146, 146)",0.0231,1,1,0.534,0,107,0
2026-06-17T23:11:23.102,393,3.739,69.438,0.087,0.02,0.034,73.876,12.4,seeking_attention,4.625,disengaged,0.708,face_left_or_right+face_high_or_low,disengaged,0.723,face_left_or_right+face_high_or_low,"(90, 4, 150, 150)",0.0244,1,1,0.533,0,108,0
2026-06-17T23:11:23.192,394,3.468,73.175,0.13,0.029,0.048,77.363,12.45,seeking_attention,4.719,disengaged,0.71,face_left_or_right+face_high_or_low,disengaged,0.723,face_left_or_right+face_high_or_low,"(90, 6, 146, 146)",0.0231,1,1,0.529,0,109,0
2026-06-17T23:11:23.279,395,3.612,73.774,0.13,0.029,0.052,78.521,12.48,seeking_attention,4.797,disengaged,0.71,face_left_or_right+face_high_or_low,disengaged,0.723,face_left_or_right+face_high_or_low,"(87, 4, 151, 151)",0.0247,1,1,0.54,0,110,0
2026-06-17T23:11:23.371,396,4.262,72.641,0.178,0.042,0.051,77.671,12.52,seeking_attention,4.891,disengaged,0.711,face_left_or_right+face_high_or_low,disengaged,0.723,face_left_or_right+face_high_or_low,"(87, 4, 151, 151)",0.0247,1,1,0.548,0,111,0
2026-06-17T23:11:23.470,397,5.875,74.38,0.278,0.059,0.143,81.518,12.49,seeking_attention,4.985,disengaged,0.71,face_left_or_right+face_high_or_low,disengaged,0.723,face_left_or_right+face_high_or_low,"(88, 5, 150, 150)",0.0244,1,1,0.543,0,112,0
2026-06-17T23:11:23.566,398,5.615,71.557,0.1,0.023,0.037,78.123,12.52,seeking_attention,5.078,disengaged,0.708,face_left_or_right+face_high_or_low,disengaged,0.71,face_left_or_right+face_high_or_low,"(87, 4, 154, 154)",0.0257,1,1,0.542,0,113,0
2026-06-17T23:11:23.650,399,3.503,68.666,0.118,0.018,0.033,72.911,12.64,seeking_attention,5.172,disengaged,0.709,face_left_or_right+face_high_or_low,disengaged,0.71,face_left_or_right+face_high_or_low,"(86, 4, 153, 153)",0.0254,1,1,0.543,0,114,0
2026-06-17T23:11:23.743,400,4.754,69.379,0.079,0.019,0.03,75.15,12.71,seeking_attention,5.266,disengaged,0.705,face_left_or_right+face_high_or_low,disengaged,0.709,face_left_or_right+face_high_or_low,"(86, 4, 157, 157)",0.0267,1,1,0.541,0,115,0
2026-06-17T23:11:23.835,401,5.481,75.308,0.154,0.021,0.034,81.624,12.66,seeking_attention,5.36,disengaged,0.707,face_left_or_right+face_high_or_low,disengaged,0.709,face_left_or_right+face_high_or_low,"(86, 4, 157, 157)",0.0267,1,1,0.556,0,116,0
2026-06-17T23:11:23.915,402,3.395,74.377,0.11,0.029,0.046,78.571,12.67,seeking_attention,5.438,disengaged,0.708,face_left_or_right+face_high_or_low,disengaged,0.709,face_left_or_right+face_high_or_low,"(86, 4, 156, 156)",0.0264,1,1,0.551,0,117,0
2026-06-17T23:11:24.005,403,3.731,72.24,0.13,0.023,0.037,76.689,12.71,seeking_attention,5.531,disengaged,0.708,face_left_or_right+face_high_or_low,disengaged,0.708,face_left_or_right+face_high_or_low,"(86, 3, 157, 157)",0.0267,1,1,0.552,0,118,0
2026-06-17T23:11:24.095,404,4.12,70.914,0.082,0.019,0.032,75.834,12.76,seeking_attention,5.61,disengaged,0.705,face_left_or_right+face_high_or_low,disengaged,0.708,face_left_or_right+face_high_or_low,"(89, 4, 156, 156)",0.0264,1,1,0.544,0,119,0
2026-06-17T23:11:24.174,405,3.797,68.738,0.171,0.025,0.107,73.464,12.84,seeking_attention,5.688,disengaged,0.707,face_left_or_right+face_high_or_low,disengaged,0.707,face_left_or_right+face_high_or_low,"(88, 3, 157, 157)",0.0267,2,2,0.552,0,120,0
2026-06-17T23:11:24.266,406,4.338,73.057,0.102,0.019,0.032,78.507,12.83,seeking_attention,5.781,disengaged,0.706,face_left_or_right+face_high_or_low,disengaged,0.707,face_left_or_right+face_high_or_low,"(89, 4, 154, 154)",0.0257,2,2,0.546,0,121,0
2026-06-17T23:11:24.353,407,4.62,71.227,0.086,0.02,0.032,77.089,12.84,seeking_attention,5.875,disengaged,0.708,face_left_or_right+face_high_or_low,disengaged,0.707,face_left_or_right+face_high_or_low,"(92, 4, 150, 150)",0.0244,2,2,0.534,0,122,0
2026-06-17T23:11:24.450,408,3.464,74.253,0.077,0.018,0.029,78.514,12.83,seeking_attention,5.969,disengaged,0.706,face_left_or_right+face_high_or_low,disengaged,0.707,face_left_or_right+face_high_or_low,"(92, 5, 151, 151)",0.0247,2,2,0.541,0,123,0
2026-06-17T23:11:24.550,409,3.893,72.152,0.096,0.021,0.034,76.99,12.85,seeking_attention,6.063,disengaged,0.708,face_left_or_right+face_high_or_low,disengaged,0.707,face_left_or_right+face_high_or_low,"(91, 6, 147, 147)",0.0234,2,2,0.526,0,124,0
2026-06-17T23:11:24.638,410,3.632,71.989,0.079,0.019,0.03,76.254,12.88,seeking_attention,6.156,disengaged,0.706,face_left_or_right+face_high_or_low,disengaged,0.707,face_left_or_right+face_high_or_low,"(91, 7, 148, 148)",0.0238,2,2,0.537,0,125,0
2026-06-17T23:11:24.731,411,7.357,71.241,0.085,0.02,0.03,79.531,12.85,seeking_attention,6.25,disengaged,0.707,face_left_or_right+face_high_or_low,disengaged,0.707,face_left_or_right+face_high_or_low,"(91, 7, 148, 148)",0.0238,2,2,0.545,0,126,0
2026-06-17T23:11:24.828,412,3.674,86.263,0.078,0.019,0.028,90.685,12.66,seeking_attention,6.344,disengaged,0.706,face_left_or_right+face_high_or_low,disengaged,0.707,face_left_or_right+face_high_or_low,"(93, 5, 150, 150)",0.0244,2,2,0.531,0,127,0
2026-06-17T23:11:24.920,413,4.16,69.681,0.103,0.028,0.047,74.514,12.74,seeking_attention,6.438,disengaged,0.707,face_left_or_right+face_high_or_low,disengaged,0.707,face_left_or_right+face_high_or_low,"(91, 5, 151, 151)",0.0247,2,2,0.541,0,128,0
2026-06-17T23:11:24.998,414,5.63,68.806,0.08,0.019,0.031,75.185,12.8,seeking_attention,6.516,disengaged,0.707,face_left_or_right+face_high_or_low,disengaged,0.707,face_left_or_right+face_high_or_low,"(92, 6, 149, 149)",0.0241,3,2,0.544,0,129,0
2026-06-17T23:11:25.083,415,3.615,74.381,0.071,0.017,0.028,78.605,12.79,seeking_attention,6.61,disengaged,0.708,face_left_or_right+face_high_or_low,disengaged,0.707,face_left_or_right+face_high_or_low,"(94, 6, 145, 145)",0.0228,3,2,0.528,0,130,0
2026-06-17T23:11:25.166,416,3.535,60.592,0.156,0.035,0.059,65.291,13.04,seeking_attention,6.688,disengaged,0.706,face_left_or_right+face_high_or_low,disengaged,0.707,face_left_or_right+face_high_or_low,"(92, 4, 152, 152)",0.0251,1,1,0.533,0,131,0
2026-06-17T23:11:25.248,417,3.389,65.711,0.099,0.016,0.026,69.777,13.17,seeking_attention,6.766,disengaged,0.706,face_left_or_right+face_high_or_low,disengaged,0.707,face_left_or_right+face_high_or_low,"(88, 2, 158, 158)",0.0271,2,2,0.546,0,132,0
2026-06-17T23:11:25.340,418,15.976,67.891,0.113,0.019,0.029,84.853,13.03,seeking_attention,6.86,disengaged,0.705,face_left_or_right+face_high_or_low,disengaged,0.707,face_left_or_right+face_high_or_low,"(94, 7, 147, 147)",0.0234,2,2,0.528,0,133,0
2026-06-17T23:11:25.428,419,5.327,71.136,0.101,0.022,0.038,77.571,13.02,seeking_attention,6.953,disengaged,0.706,face_left_or_right+face_high_or_low,disengaged,0.707,face_left_or_right+face_high_or_low,"(94, 7, 147, 147)",0.0234,2,2,0.543,0,134,0
2026-06-17T23:11:25.514,420,4.8,70.963,0.095,0.021,0.038,76.53,13.02,seeking_attention,7.031,disengaged,0.707,face_left_or_right+face_high_or_low,disengaged,0.707,face_left_or_right+face_high_or_low,"(96, 7, 143, 143)",0.0222,2,2,0.525,0,135,0
2026-06-17T23:11:25.603,421,3.807,74.546,0.089,0.02,0.071,79.094,12.98,seeking_attention,7.125,disengaged,0.708,face_left_or_right+face_high_or_low,disengaged,0.707,face_left_or_right+face_high_or_low,"(91, 5, 148, 148)",0.0238,2,2,0.528,0,136,0
2026-06-17T23:11:25.692,422,3.658,75.706,0.079,0.019,0.03,79.964,12.94,seeking_attention,7.219,disengaged,0.709,face_left_or_right+face_high_or_low,disengaged,0.707,face_left_or_right+face_high_or_low,"(88, 5, 150, 150)",0.0244,1,1,0.535,0,137,0
2026-06-17T23:11:25.779,423,3.9,75.959,0.117,0.019,0.029,80.705,12.88,seeking_attention,7.297,disengaged,0.71,face_left_or_right+face_high_or_low,disengaged,0.707,face_left_or_right+face_high_or_low,"(90, 7, 146, 146)",0.0231,2,2,0.538,0,138,0
2026-06-17T23:11:25.873,424,3.509,75.833,0.091,0.017,0.028,80.175,12.84,seeking_attention,7.391,disengaged,0.707,face_left_or_right+face_high_or_low,disengaged,0.707,face_left_or_right+face_high_or_low,"(90, 6, 149, 149)",0.0241,2,2,0.536,0,139,0
2026-06-17T23:11:25.965,425,4.32,72.676,0.228,0.028,0.028,78.536,12.83,seeking_attention,7.485,disengaged,0.707,face_left_or_right+face_high_or_low,disengaged,0.707,face_left_or_right+face_high_or_low,"(93, 7, 146, 146)",0.0231,1,1,0.532,0,140,0
2026-06-17T23:11:26.040,426,3.607,61.597,0.217,0.024,0.072,66.043,13.06,seeking_attention,7.563,disengaged,0.706,face_left_or_right+face_high_or_low,disengaged,0.707,face_left_or_right+face_high_or_low,"(91, 5, 152, 152)",0.0251,1,1,0.537,0,141,0
2026-06-17T23:11:26.134,427,21.255,63.553,0.105,0.017,0.029,85.837,12.92,seeking_attention,7.656,disengaged,0.708,face_left_or_right+face_high_or_low,disengaged,0.707,face_left_or_right+face_high_or_low,"(91, 6, 147, 147)",0.0234,2,1,0.526,0,142,0
2026-06-17T23:11:26.214,428,5.46,66.836,0.107,0.016,0.028,73.018,13.0,seeking_attention,7.735,disengaged,0.709,face_left_or_right+face_high_or_low,disengaged,0.708,face_left_or_right+face_high_or_low,"(91, 6, 147, 147)",0.0234,2,1,0.543,0,143,0
2026-06-17T23:11:26.300,429,3.638,72.37,0.103,0.025,0.041,76.769,13.0,seeking_attention,7.813,disengaged,0.705,face_left_or_right+face_high_or_low,disengaged,0.708,face_left_or_right+face_high_or_low,"(90, 4, 154, 154)",0.0257,1,1,0.532,0,144,0
2026-06-17T23:11:26.391,430,5.329,72.799,0.088,0.018,0.028,78.803,12.97,seeking_attention,7.906,disengaged,0.707,face_left_or_right+face_high_or_low,disengaged,0.708,face_left_or_right+face_high_or_low,"(92, 5, 148, 148)",0.0238,1,1,0.529,0,145,0
2026-06-17T23:11:26.468,431,5.738,67.651,0.085,0.02,0.032,74.597,13.01,seeking_attention,7.985,disengaged,0.707,face_left_or_right+face_high_or_low,disengaged,0.707,face_left_or_right+face_high_or_low,"(92, 4, 151, 151)",0.0247,1,1,0.538,0,146,0
2026-06-17T23:11:26.556,432,4.282,69.314,0.109,0.023,0.038,74.579,13.05,seeking_attention,8.078,disengaged,0.708,face_left_or_right+face_high_or_low,disengaged,0.707,face_left_or_right+face_high_or_low,"(92, 4, 151, 151)",0.0247,1,1,0.548,0,147,0
2026-06-17T23:11:26.665,433,3.84,82.769,0.146,0.04,0.061,87.456,12.89,seeking_attention,8.188,disengaged,0.704,face_left_or_right+face_high_or_low,disengaged,0.707,face_left_or_right+face_high_or_low,"(86, 2, 162, 162)",0.0285,1,1,0.537,0,148,0
2026-06-17T23:11:26.750,434,3.409,66.155,0.126,0.029,0.043,70.373,13.02,seeking_attention,8.266,disengaged,0.706,face_left_or_right+face_high_or_low,disengaged,0.707,face_left_or_right+face_high_or_low,"(89, 5, 153, 153)",0.0254,1,1,0.533,0,149,0
2026-06-17T23:11:26.839,435,4.124,65.224,0.098,0.022,0.037,70.267,13.14,seeking_attention,8.36,disengaged,0.704,face_left_or_right+face_high_or_low,disengaged,0.707,face_left_or_right+face_high_or_low,"(91, 4, 155, 155)",0.0261,2,2,0.539,0,150,0
2026-06-17T23:11:26.929,436,3.64,68.09,0.152,0.027,0.04,72.776,13.2,seeking_attention,8.453,disengaged,0.705,face_left_or_right+face_high_or_low,disengaged,0.706,face_left_or_right+face_high_or_low,"(88, 5, 155, 155)",0.0261,2,1,0.541,0,151,0
2026-06-17T23:11:27.006,437,6.137,67.199,0.087,0.019,0.03,74.292,13.23,seeking_attention,8.531,disengaged,0.706,face_left_or_right+face_high_or_low,disengaged,0.706,face_left_or_right+face_high_or_low,"(88, 5, 155, 155)",0.0261,2,1,0.554,0,152,0
2026-06-17T23:11:27.095,438,4.379,68.259,0.088,0.019,0.033,73.432,13.27,seeking_attention,8.61,disengaged,0.705,face_left_or_right+face_high_or_low,disengaged,0.706,face_left_or_right+face_high_or_low,"(87, 4, 158, 158)",0.0271,2,2,0.552,0,153,0
2026-06-17T23:11:27.177,439,5.495,66.12,0.072,0.016,0.028,72.418,13.32,seeking_attention,8.703,disengaged,0.702,face_left_or_right+face_high_or_low,disengaged,0.705,face_left_or_right+face_high_or_low,"(86, 3, 164, 164)",0.0292,2,1,0.549,0,154,0
2026-06-17T23:11:27.251,440,4.025,63.535,0.109,0.025,0.04,68.482,13.45,seeking_attention,8.766,disengaged,0.703,face_left_or_right+face_high_or_low,disengaged,0.705,face_left_or_right+face_high_or_low,"(88, 3, 161, 161)",0.0281,2,1,0.553,0,155,0
2026-06-17T23:11:27.328,441,3.425,61.699,0.161,0.03,0.047,65.921,13.62,seeking_attention,8.844,disengaged,0.704,face_left_or_right+face_high_or_low,disengaged,0.705,face_left_or_right+face_high_or_low,"(88, 3, 161, 161)",0.0281,2,1,0.562,0,156,0
2026-06-17T23:11:27.412,442,5.954,69.332,0.084,0.019,0.032,76.203,13.57,seeking_attention,8.938,disengaged,0.702,face_left_or_right+face_high_or_low,disengaged,0.704,face_left_or_right+face_high_or_low,"(92, 3, 158, 158)",0.0271,1,1,0.543,0,157,0
2026-06-17T23:11:27.503,443,5.184,71.832,0.106,0.025,0.045,77.785,13.5,seeking_attention,9.016,disengaged,0.706,face_left_or_right+face_high_or_low,disengaged,0.704,face_left_or_right+face_high_or_low,"(89, 4, 153, 153)",0.0254,1,1,0.523,0,158,0
2026-06-17T23:11:27.602,444,5.533,82.14,0.093,0.019,0.065,88.365,13.28,seeking_attention,9.125,disengaged,0.824,face_left_or_right+face_high_or_low+face_too_small,disengaged,0.718,face_left_or_right+face_high_or_low,"(100, 10, 137, 137)",0.0204,2,2,0.497,0,159,0
2026-06-17T23:11:27.688,445,3.626,71.665,0.255,0.024,0.041,76.159,13.27,seeking_attention,9.203,disengaged,0.707,face_left_or_right+face_high_or_low,disengaged,0.718,face_left_or_right+face_high_or_low,"(93, 6, 147, 147)",0.0234,3,2,0.521,0,160,0
2026-06-17T23:11:27.777,446,3.489,73.172,0.074,0.016,0.028,77.543,13.23,seeking_attention,9.297,disengaged,0.707,face_left_or_right+face_high_or_low,disengaged,0.718,face_left_or_right+face_high_or_low,"(92, 6, 149, 149)",0.0241,2,2,0.539,0,161,0
2026-06-17T23:11:27.866,447,4.96,76.131,0.081,0.019,0.032,81.728,13.13,seeking_attention,9.391,disengaged,0.705,face_left_or_right+face_high_or_low,disengaged,0.718,face_left_or_right+face_high_or_low,"(89, 4, 156, 156)",0.0264,2,2,0.541,0,162,0
2026-06-17T23:11:27.966,448,5.447,79.859,0.176,0.03,0.049,86.107,12.98,seeking_attention,9.485,disengaged,0.703,face_left_or_right+face_high_or_low,disengaged,0.718,face_left_or_right+face_high_or_low,"(93, 8, 149, 149)",0.0241,2,2,0.536,0,163,0
2026-06-17T23:11:28.044,449,3.646,62.261,0.12,0.029,0.051,66.722,13.18,seeking_attention,9.563,disengaged,0.704,face_left_or_right+face_high_or_low,disengaged,0.718,face_left_or_right+face_high_or_low,"(91, 6, 153, 153)",0.0254,2,2,0.547,0,164,0
2026-06-17T23:11:28.133,450,3.585,67.121,0.089,0.02,0.031,71.5,13.26,seeking_attention,9.656,disengaged,0.705,face_left_or_right+face_high_or_low,disengaged,0.718,face_left_or_right+face_high_or_low,"(91, 7, 151, 151)",0.0247,2,2,0.542,0,165,0
2026-06-17T23:11:28.218,451,5.643,68.178,0.092,0.018,0.03,74.543,13.28,seeking_attention,9.735,disengaged,0.703,face_left_or_right+face_high_or_low,disengaged,0.718,face_left_or_right+face_high_or_low,"(90, 8, 153, 153)",0.0254,3,2,0.541,0,166,0
2026-06-17T23:11:28.308,452,5.456,71.94,0.088,0.022,0.034,78.051,13.23,seeking_attention,9.828,disengaged,0.704,face_left_or_right+face_high_or_low,disengaged,0.718,face_left_or_right+face_high_or_low,"(90, 8, 153, 153)",0.0254,3,2,0.551,0,167,0
2026-06-17T23:11:28.395,453,3.52,77.252,0.082,0.018,0.03,81.686,13.13,seeking_attention,9.922,disengaged,0.704,face_left_or_right+face_high_or_low,disengaged,0.705,face_left_or_right+face_high_or_low,"(91, 8, 150, 150)",0.0244,3,2,0.537,0,168,0
2026-06-17T23:11:28.496,454,4.368,79.851,0.071,0.017,0.027,84.775,13.0,seeking_attention,10.016,disengaged,0.702,face_left_or_right+face_high_or_low,disengaged,0.704,face_left_or_right+face_high_or_low,"(91, 8, 153, 153)",0.0254,2,2,0.539,0,169,0
2026-06-17T23:11:28.591,455,3.948,81.304,0.202,0.049,0.063,86.361,12.86,seeking_attention,10.11,disengaged,0.703,face_left_or_right+face_high_or_low,disengaged,0.704,face_left_or_right+face_high_or_low,"(90, 8, 153, 153)",0.0254,2,2,0.547,0,170,0
2026-06-17T23:11:28.671,456,3.587,73.201,0.075,0.018,0.028,77.403,12.86,seeking_attention,10.188,disengaged,0.704,face_left_or_right+face_high_or_low,disengaged,0.704,face_left_or_right+face_high_or_low,"(86, 4, 161, 161)",0.0281,2,2,0.554,0,171,0
2026-06-17T23:11:28.768,457,4.091,77.37,0.09,0.019,0.033,82.406,12.79,seeking_attention,10.281,disengaged,0.701,face_left_or_right+face_high_or_low,disengaged,0.703,face_left_or_right+face_high_or_low,"(87, 7, 159, 159)",0.0274,2,1,0.549,0,172,0
2026-06-17T23:11:28.877,458,5.21,80.731,0.133,0.033,0.049,86.947,12.66,seeking_attention,10.391,disengaged,0.702,face_left_or_right+face_high_or_low,disengaged,0.703,face_left_or_right+face_high_or_low,"(89, 8, 156, 156)",0.0264,2,2,0.549,0,173,0
2026-06-17T23:11:28.993,459,3.714,95.973,0.123,0.027,0.084,100.545,12.39,seeking_attention,10.516,disengaged,0.702,face_left_or_right+face_high_or_low,disengaged,0.703,face_left_or_right+face_high_or_low,"(90, 9, 153, 153)",0.0254,2,2,0.545,0,174,0
2026-06-17T23:11:29.091,460,3.98,78.363,0.115,0.03,0.044,83.134,12.35,seeking_attention,10.61,disengaged,0.7,face_left_or_right+face_high_or_low,disengaged,0.703,face_left_or_right+face_high_or_low,"(88, 7, 160, 160)",0.0278,2,2,0.544,0,175,0
2026-06-17T23:11:29.187,461,5.959,77.857,0.109,0.025,0.074,84.723,12.3,seeking_attention,10.703,disengaged,0.703,face_left_or_right+face_high_or_low,disengaged,0.702,face_left_or_right+face_high_or_low,"(87, 6, 158, 158)",0.0271,2,2,0.545,0,176,0
2026-06-17T23:11:29.285,462,3.668,82.218,0.161,0.039,0.059,86.772,12.22,seeking_attention,10.813,disengaged,0.7,face_left_or_right+face_high_or_low,disengaged,0.702,face_left_or_right+face_high_or_low,"(91, 8, 156, 156)",0.0264,3,2,0.54,0,177,0
2026-06-17T23:11:29.386,463,3.739,82.295,0.137,0.032,0.054,86.85,12.15,seeking_attention,10.906,disengaged,0.701,face_left_or_right+face_high_or_low,disengaged,0.702,face_left_or_right+face_high_or_low,"(92, 9, 152, 152)",0.0251,2,2,0.54,0,178,0
2026-06-17T23:11:29.481,464,3.808,78.384,0.165,0.02,0.031,82.978,12.14,seeking_attention,11.0,disengaged,0.702,face_left_or_right+face_high_or_low,disengaged,0.702,face_left_or_right+face_high_or_low,"(92, 9, 152, 152)",0.0251,2,2,0.55,0,179,0
2026-06-17T23:11:29.580,465,5.563,83.539,0.078,0.018,0.031,89.82,12.04,seeking_attention,11.094,disengaged,0.703,face_left_or_right+face_high_or_low,disengaged,0.702,face_left_or_right+face_high_or_low,"(91, 8, 153, 153)",0.0254,2,2,0.547,0,180,0
2026-06-17T23:11:29.682,466,5.442,80.585,0.089,0.021,0.037,86.678,11.99,seeking_attention,11.203,disengaged,0.702,face_left_or_right+face_high_or_low,disengaged,0.702,face_left_or_right+face_high_or_low,"(91, 8, 154, 154)",0.0257,2,2,0.548,0,181,0
2026-06-17T23:11:29.774,467,3.581,76.3,0.13,0.02,0.034,80.597,12.03,seeking_attention,11.297,disengaged,0.702,face_left_or_right+face_high_or_low,disengaged,0.702,face_left_or_right+face_high_or_low,"(88, 9, 153, 153)",0.0254,2,2,0.535,0,182,0
2026-06-17T23:11:29.874,468,4.463,83.837,0.14,0.026,0.039,89.297,11.95,seeking_attention,11.391,disengaged,0.702,face_left_or_right+face_high_or_low,disengaged,0.702,face_left_or_right+face_high_or_low,"(87, 10, 154, 154)",0.0257,2,2,0.545,0,183,0
2026-06-17T23:11:29.971,469,5.089,77.188,0.124,0.019,0.03,83.389,11.95,seeking_attention,11.485,disengaged,0.706,face_left_or_right+face_high_or_low,disengaged,0.702,face_left_or_right+face_high_or_low,"(88, 7, 150, 150)",0.0244,2,2,0.522,0,184,0
2026-06-17T23:11:30.068,470,5.568,84.088,0.087,0.023,0.032,90.827,11.86,seeking_attention,11.594,engaged,0.851,face_centered,disengaged,0.702,face_left_or_right+face_high_or_low,"(532, 320, 208, 208)",0.0469,1,1,0.42,0,185,0
2026-06-17T23:11:30.165,471,3.451,79.601,0.11,0.025,0.041,83.867,11.86,seeking_attention,11.688,engaged,0.895,face_centered,disengaged,0.703,face_left_or_right+face_high_or_low,"(526, 307, 223, 223)",0.054,1,1,0.808,0,186,0
2026-06-17T23:11:30.256,472,3.585,74.368,0.127,0.029,0.045,78.778,11.95,seeking_attention,11.781,engaged,0.898,face_centered,disengaged,0.703,face_left_or_right+face_high_or_low,"(530, 303, 217, 217)",0.0511,1,1,0.804,0,187,0
2026-06-17T23:11:30.350,473,3.447,78.997,0.148,0.022,0.05,83.262,11.95,seeking_attention,11.875,absent,0.0,no_face_detected,disengaged,0.703,face_left_or_right+face_high_or_low,"(530, 303, 217, 217)",0.0511,0,0,0.804,0,188,0
2026-06-17T23:11:30.445,474,4.046,78.884,0.216,0.03,0.062,83.879,11.95,seeking_attention,11.969,absent,0.0,no_face_detected,disengaged,0.703,face_left_or_right+face_high_or_low,"(530, 303, 217, 217)",0.0511,0,0,0.804,0,189,0
2026-06-17T23:11:30.541,475,4.215,82.326,0.093,0.02,0.044,87.417,11.9,seeking_attention,12.063,engaged,0.904,face_centered,engaged,0.55,unstable_window_face_centered,"(532, 297, 220, 220)",0.0525,1,1,0.818,1,0,0
2026-06-17T23:11:30.642,476,6.097,87.228,0.14,0.017,0.032,94.291,11.77,engaged,0.0,engaged,0.903,face_centered,engaged,0.89,face_centered,"(532, 298, 214, 214)",0.0497,1,1,0.812,2,0,0
2026-06-17T23:11:30.743,477,4.374,80.037,0.177,0.035,0.076,85.284,11.77,engaged,0.11,absent,0.0,no_face_detected,engaged,0.89,face_centered,"(532, 298, 214, 214)",0.0497,0,0,0.812,3,0,0
2026-06-17T23:11:30.836,478,4.01,78.9,0.163,0.033,0.071,83.741,11.78,engaged,0.204,absent,0.0,no_face_detected,engaged,0.89,face_centered,"(532, 298, 214, 214)",0.0497,0,0,0.812,4,0,0
2026-06-17T23:11:30.924,479,4.145,67.885,0.113,0.036,0.071,73.207,11.97,engaged,0.282,absent,0.0,no_face_detected,absent,0.0,unstable_window_no_face_detected,,0.0,0,0,0.0,0,0,1
2026-06-17T23:11:31.012,480,3.81,71.09,0.117,0.023,0.044,75.591,12.1,engaged,0.375,absent,0.0,no_face_detected,disengaged,0.0,no_face_detected,"(532, 298, 214, 214)",0.0497,0,0,0.812,0,1,0
2026-06-17T23:11:31.099,481,3.88,67.252,0.156,0.034,0.062,71.982,12.28,engaged,0.469,absent,0.0,no_face_detected,absent,0.0,no_face_detected,,0.0,0,0,0.0,0,0,1
2026-06-17T23:11:31.197,482,5.605,82.556,0.148,0.023,0.043,89.099,12.17,engaged,0.563,absent,0.0,no_face_detected,absent,0.0,no_face_detected,,0.0,0,0,0.0,0,0,2
2026-06-17T23:11:31.291,483,3.618,75.214,0.17,0.04,0.071,79.624,12.21,engaged,0.657,absent,0.0,no_face_detected,absent,0.0,no_face_detected,,0.0,0,0,0.0,0,0,3
2026-06-17T23:11:31.383,484,6.01,75.716,0.264,0.049,0.043,82.755,12.2,engaged,0.75,absent,0.0,no_face_detected,absent,0.0,no_face_detected,,0.0,0,0,0.0,0,0,4
2026-06-17T23:11:31.480,485,3.689,81.379,0.082,0.021,0.031,85.821,12.14,engaged,0.844,engaged,0.905,face_centered,absent,0.0,no_face_detected,"(534, 296, 214, 214)",0.0497,1,1,0.819,0,0,5
2026-06-17T23:11:31.573,486,3.509,78.002,0.442,0.114,0.099,82.737,12.14,engaged,0.938,absent,0.0,no_face_detected,absent,0.0,no_face_detected,,0.0,0,0,0.0,0,0,6
2026-06-17T23:11:31.665,487,4.093,80.394,0.112,0.023,0.043,85.179,12.1,engaged,1.032,absent,0.0,no_face_detected,absent,0.0,no_face_detected,,0.0,0,0,0.0,0,0,7
2026-06-17T23:11:31.766,488,4.405,78.275,0.079,0.021,0.03,83.462,12.09,engaged,1.125,engaged,0.904,face_centered,absent,0.0,no_face_detected,"(531, 299, 217, 217)",0.0511,1,1,0.815,0,0,8
2026-06-17T23:11:31.863,489,3.676,82.67,0.078,0.019,0.029,86.919,12.03,engaged,1.219,engaged,0.896,face_centered,disengaged,0.0,no_face_detected,"(530, 305, 216, 216)",0.0506,1,1,0.808,0,1,0
2026-06-17T23:11:31.940,490,5.461,72.335,0.05,0.015,0.029,78.611,12.1,engaged,1.297,engaged,0.883,face_centered,engaged,0.55,unstable_window_face_centered,"(548, 310, 189, 189)",0.0388,1,1,0.731,1,0,0
2026-06-17T23:11:32.031,491,3.831,67.784,0.097,0.023,0.038,72.186,12.27,engaged,1.391,engaged,0.899,face_centered,engaged,0.897,face_centered,"(532, 300, 220, 220)",0.0525,1,1,0.789,2,0,0
2026-06-17T23:11:32.109,492,3.404,68.818,0.224,0.028,0.045,73.111,12.41,engaged,1.469,absent,0.0,no_face_detected,engaged,0.897,face_centered,"(532, 300, 220, 220)",0.0525,0,0,0.789,3,0,0
2026-06-17T23:11:32.206,493,5.638,68.364,0.126,0.02,0.05,74.884,12.51,engaged,1.563,absent,0.0,no_face_detected,engaged,0.897,face_centered,"(532, 300, 220, 220)",0.0525,0,0,0.789,4,0,0
2026-06-17T23:11:32.294,494,6.524,71.02,0.067,0.02,0.04,78.688,12.53,engaged,1.657,absent,0.0,no_face_detected,absent,0.0,unstable_window_no_face_detected,,0.0,0,0,0.0,0,0,1
2026-06-17T23:11:32.375,495,4.675,74.995,0.074,0.013,0.03,80.649,12.51,engaged,1.735,engaged,0.894,face_centered,engaged,0.895,face_centered,"(531, 307, 214, 214)",0.0497,1,1,0.801,1,0,0
2026-06-17T23:11:32.478,496,3.562,84.883,0.07,0.016,0.028,89.144,12.38,engaged,1.844,engaged,0.9,face_centered,engaged,0.896,face_centered,"(530, 302, 217, 217)",0.0511,1,1,0.817,2,0,0
2026-06-17T23:11:32.574,497,5.601,78.169,0.139,0.029,0.055,84.729,12.33,engaged,1.938,engaged,0.888,face_centered,engaged,0.893,face_centered,"(537, 313, 209, 209)",0.0474,2,1,0.783,3,0,0
2026-06-17T23:11:32.679,498,4.085,80.84,0.123,0.015,0.025,85.679,12.26,engaged,2.032,engaged,0.884,face_centered,engaged,0.891,face_centered,"(534, 319, 215, 215)",0.0502,1,1,0.787,4,0,0
2026-06-17T23:11:32.766,499,3.937,76.624,0.072,0.016,0.031,81.579,12.26,engaged,2.125,engaged,0.88,face_centered,engaged,0.891,face_centered,"(536, 323, 214, 214)",0.0497,2,1,0.802,5,0,0
2026-06-17T23:11:32.866,500,3.632,82.639,0.076,0.015,0.027,86.99,12.18,engaged,2.235,engaged,0.872,face_centered,engaged,0.886,face_centered,"(537, 330, 216, 216)",0.0506,2,2,0.788,6,0,0
2026-06-17T23:11:32.972,501,3.576,90.587,0.127,0.027,0.053,95.111,12.02,engaged,2.329,engaged,0.87,face_centered,engaged,0.884,face_centered,"(537, 333, 215, 215)",0.0502,2,2,0.802,7,0,0
2026-06-17T23:11:33.069,502,4.471,76.508,0.076,0.017,0.031,81.73,12.04,engaged,2.438,engaged,0.859,face_centered,engaged,0.881,face_centered,"(538, 344, 210, 210)",0.0479,2,2,0.769,8,0,0
2026-06-17T23:11:33.164,503,4.48,78.47,0.144,0.022,0.041,83.852,12.03,engaged,2.532,engaged,0.853,face_centered,engaged,0.878,face_centered,"(537, 352, 212, 212)",0.0488,2,2,0.769,9,0,0
2026-06-17T23:11:33.248,504,3.394,76.513,0.255,0.077,0.167,81.048,12.06,engaged,2.61,engaged,0.827,face_centered,engaged,0.87,face_centered,"(543, 376, 202, 202)",0.0443,2,2,0.706,10,0,0
2026-06-17T23:11:33.341,505,3.634,75.389,0.086,0.017,0.033,79.681,12.11,engaged,2.704,engaged,0.803,face_centered,engaged,0.86,face_centered,"(541, 400, 210, 210)",0.0479,4,2,0.677,11,0,0
2026-06-17T23:11:33.445,506,4.621,84.934,0.075,0.016,0.028,90.323,12.0,engaged,2.813,engaged,0.81,face_centered,engaged,0.851,face_centered,"(541, 400, 210, 210)",0.0479,4,2,0.771,12,0,0
2026-06-17T23:11:33.552,507,3.58,89.715,0.111,0.017,0.03,94.143,11.87,engaged,2.922,engaged,0.788,face_centered,engaged,0.84,face_centered,"(550, 415, 202, 202)",0.0443,2,2,0.707,13,0,0
2026-06-17T23:11:33.663,508,3.631,92.741,0.071,0.015,0.028,97.068,11.71,engaged,3.032,engaged,0.792,face_centered,engaged,0.83,face_centered,"(550, 412, 209, 209)",0.0474,2,2,0.745,14,0,0
2026-06-17T23:11:33.747,509,5.46,77.42,0.127,0.017,0.03,83.655,11.73,engaged,3.11,engaged,0.779,face_centered,engaged,0.82,face_centered,"(559, 418, 202, 202)",0.0443,3,2,0.722,15,0,0
2026-06-17T23:11:33.857,510,4.432,86.415,0.083,0.018,0.03,91.921,11.65,engaged,3.219,engaged,0.785,face_centered,engaged,0.811,face_centered,"(553, 416, 212, 212)",0.0488,3,3,0.745,16,0,0
2026-06-17T23:11:33.956,511,6.716,82.938,0.124,0.026,0.047,90.621,11.59,engaged,3.313,engaged,0.781,face_centered,engaged,0.802,face_centered,"(552, 422, 203, 203)",0.0447,3,2,0.723,17,0,0
2026-06-17T23:11:34.035,512,4.117,71.577,0.075,0.043,0.03,76.601,11.73,engaged,3.391,engaged,0.799,face_centered,engaged,0.796,face_centered,"(537, 413, 220, 220)",0.0525,3,2,0.748,18,0,0
2026-06-17T23:11:34.137,513,4.141,77.261,0.091,0.027,0.032,82.206,11.78,engaged,3.5,engaged,0.788,face_centered,engaged,0.792,face_centered,"(540, 424, 204, 204)",0.0452,3,3,0.722,19,0,0
2026-06-17T23:11:34.225,514,4.357,79.437,0.113,0.021,0.036,84.446,11.78,engaged,3.594,engaged,0.785,face_centered,engaged,0.79,face_centered,"(539, 428, 198, 198)",0.0425,2,2,0.723,20,0,0
2026-06-17T23:11:34.335,515,3.453,88.36,0.186,0.027,0.152,92.745,11.68,engaged,3.704,engaged,0.79,face_centered,engaged,0.788,face_centered,"(534, 423, 205, 205)",0.0456,2,2,0.741,21,0,0
2026-06-17T23:11:34.435,516,3.779,83.63,0.077,0.016,0.029,88.089,11.65,engaged,3.797,engaged,0.785,face_centered,engaged,0.787,face_centered,"(537, 429, 200, 200)",0.0434,1,1,0.729,22,0,0
2026-06-17T23:11:34.532,517,3.53,80.619,0.104,0.019,0.036,84.97,11.66,engaged,3.891,engaged,0.792,face_centered,engaged,0.787,face_centered,"(534, 422, 208, 208)",0.0469,3,2,0.743,23,0,0
2026-06-17T23:11:34.628,518,3.518,82.557,0.078,0.016,0.032,86.784,11.65,engaged,3.985,engaged,0.799,face_centered,engaged,0.789,face_centered,"(532, 419, 216, 216)",0.0506,2,1,0.761,24,0,0
2026-06-17T23:11:34.721,519,3.551,72.985,0.11,0.017,0.03,77.255,11.78,engaged,4.079,engaged,0.792,face_centered,engaged,0.79,face_centered,"(537, 423, 213, 213)",0.0492,1,1,0.751,25,0,0
2026-06-17T23:11:34.814,520,3.483,79.219,0.106,0.021,0.036,83.333,11.8,engaged,4.172,engaged,0.792,face_centered,engaged,0.791,face_centered,"(538, 424, 209, 209)",0.0474,1,1,0.752,26,0,0
2026-06-17T23:11:34.914,521,3.36,80.004,0.278,0.045,0.079,84.599,11.8,engaged,4.282,engaged,0.789,face_centered,engaged,0.79,face_centered,"(536, 426, 205, 205)",0.0456,1,1,0.738,27,0,0
2026-06-17T23:11:34.999,522,3.469,66.071,0.092,0.016,0.029,70.195,12.05,engaged,4.36,engaged,0.793,face_centered,engaged,0.791,face_centered,"(536, 425, 207, 207)",0.0465,1,1,0.752,28,0,0
2026-06-17T23:11:35.079,523,3.382,64.326,0.125,0.027,0.108,68.551,12.3,engaged,4.438,engaged,0.789,face_centered,engaged,0.791,face_centered,"(535, 426, 206, 206)",0.046,1,1,0.748,29,0,0
2026-06-17T23:11:35.173,524,18.379,64.143,0.1,0.016,0.028,83.25,12.27,engaged,4.532,engaged,0.787,face_centered,engaged,0.791,face_centered,"(535, 428, 206, 206)",0.046,1,1,0.747,30,0,0
2026-06-17T23:11:35.267,525,5.985,76.206,0.077,0.016,0.03,83.065,12.25,engaged,4.625,engaged,0.788,face_centered,engaged,0.791,face_centered,"(535, 428, 206, 206)",0.046,1,1,0.753,31,0,0
2026-06-17T23:11:35.345,526,3.605,70.286,0.112,0.017,0.029,74.747,12.36,engaged,4.704,engaged,0.792,face_centered,engaged,0.791,face_centered,"(533, 426, 211, 211)",0.0483,1,1,0.756,32,0,0
2026-06-17T23:11:35.480,527,3.413,111.418,0.134,0.041,0.065,115.587,11.99,engaged,4.844,engaged,0.787,face_centered,engaged,0.79,face_centered,"(537, 428, 213, 213)",0.0492,2,1,0.745,33,0,0
2026-06-17T23:11:35.831,528,6.343,275.089,0.346,0.033,0.082,283.128,11.14,engaged,5.172,engaged,0.787,face_centered,engaged,0.789,face_centered,"(539, 428, 202, 202)",0.0443,1,1,0.72,34,0,0
2026-06-17T23:11:36.063,529,8.377,199.351,0.141,0.025,0.052,208.516,10.51,engaged,5.422,engaged,0.786,face_centered,engaged,0.789,face_centered,"(534, 430, 209, 209)",0.0474,1,1,0.734,35,0,0
2026-06-17T23:11:36.245,530,6.714,151.004,0.139,0.038,0.058,163.531,10.07,engaged,5.61,engaged,0.772,face_centered,engaged,0.787,face_centered,"(537, 442, 200, 200)",0.0434,1,1,0.707,36,0,0
2026-06-17T23:11:36.445,531,10.953,174.088,0.143,0.022,0.045,186.017,9.6,engaged,5.813,engaged,0.777,face_centered,engaged,0.785,face_centered,"(531, 439, 210, 210)",0.0479,3,2,0.739,37,0,0
2026-06-17T23:11:36.630,532,13.1,149.068,0.112,0.025,0.043,163.156,9.25,engaged,6.0,engaged,0.779,face_centered,engaged,0.784,face_centered,"(534, 440, 209, 209)",0.0474,3,2,0.744,38,0,0
2026-06-17T23:11:36.853,533,15.777,188.138,0.13,0.029,0.054,204.992,8.82,engaged,6.219,engaged,0.778,face_centered,engaged,0.783,face_centered,"(526, 440, 220, 220)",0.0525,5,3,0.743,39,0,0
2026-06-17T23:11:37.215,534,20.434,188.043,0.218,0.057,0.089,209.518,8.41,engaged,6.579,engaged,0.785,face_centered,engaged,0.783,face_centered,"(516, 433, 232, 232)",0.0584,2,2,0.772,40,0,0
2026-06-17T23:11:37.427,535,13.132,184.183,0.215,0.032,0.069,198.745,8.07,engaged,6.797,absent,0.0,no_face_detected,engaged,0.781,face_centered,"(516, 433, 232, 232)",0.0584,0,0,0.772,41,0,0
2026-06-17T23:11:37.591,536,7.477,129.228,0.299,0.031,0.068,137.655,7.99,engaged,6.954,disengaged,0.795,face_left_or_right+face_high_or_low+face_too_small,engaged,0.781,face_centered,"(97, 5, 142, 142)",0.0219,1,1,0.093,42,0,0
2026-06-17T23:11:37.719,537,5.833,112.333,0.154,0.027,0.063,119.525,8.03,engaged,7.079,disengaged,0.822,face_left_or_right+face_high_or_low+face_too_small,engaged,0.779,face_centered,"(107, 8, 136, 136)",0.0201,2,1,0.491,43,0,0
2026-06-17T23:11:37.891,538,12.867,126.58,0.14,0.046,0.061,140.599,7.94,engaged,7.25,disengaged,0.702,face_left_or_right+face_high_or_low,engaged,0.778,face_centered,"(104, 6, 144, 144)",0.0225,2,1,0.52,44,0,0
2026-06-17T23:11:38.049,539,10.094,134.577,0.078,0.026,0.064,145.722,7.83,engaged,7.407,disengaged,0.706,face_left_or_right+face_high_or_low,disengaged,0.55,unstable_window_face_left_or_right+face_high_or_low,"(102, 4, 145, 145)",0.0228,1,1,0.53,0,1,0
2026-06-17T23:11:38.240,540,17.342,155.39,0.136,0.04,0.054,174.152,7.62,engaged,7.61,disengaged,0.706,face_left_or_right+face_high_or_low,disengaged,0.746,face_left_or_right+face_high_or_low,"(100, 4, 146, 146)",0.0231,1,1,0.534,0,2,0
2026-06-17T23:11:38.386,541,12.57,112.727,0.18,0.038,0.055,126.748,7.65,engaged,7.75,disengaged,0.828,face_left_or_right+face_high_or_low+face_too_small,disengaged,0.76,face_left_or_right+face_high_or_low+face_too_small,"(102, 5, 140, 140)",0.0213,1,1,0.518,0,3,0
2026-06-17T23:11:38.516,542,7.493,103.009,0.185,0.041,0.067,111.887,7.78,engaged,7.875,disengaged,0.707,face_left_or_right+face_high_or_low,disengaged,0.752,face_left_or_right+face_high_or_low,"(99, 4, 145, 145)",0.0228,1,1,0.528,0,4,0
2026-06-17T23:11:38.658,543,14.335,103.12,0.157,0.036,0.123,118.869,7.84,engaged,8.016,disengaged,0.708,face_left_or_right+face_high_or_low,disengaged,0.747,face_left_or_right+face_high_or_low,"(96, 4, 146, 146)",0.0231,1,1,0.53,0,5,0
2026-06-17T23:11:38.808,544,17.698,121.507,0.156,0.038,0.121,140.418,7.77,engaged,8.172,disengaged,0.829,face_left_or_right+face_high_or_low+face_too_small,disengaged,0.756,face_left_or_right+face_high_or_low,"(99, 5, 141, 141)",0.0216,2,1,0.523,0,6,0
2026-06-17T23:11:38.969,545,11.905,110.635,0.154,0.052,0.059,123.909,7.8,disengaged,0.0,disengaged,0.707,face_left_or_right+face_high_or_low,disengaged,0.746,face_left_or_right+face_high_or_low,"(95, 3, 149, 149)",0.0241,1,1,0.528,0,7,0
2026-06-17T23:11:39.119,546,15.512,107.697,0.138,0.223,0.12,125.495,7.82,disengaged,0.14,disengaged,0.707,face_left_or_right+face_high_or_low,disengaged,0.733,face_left_or_right+face_high_or_low,"(94, 4, 151, 151)",0.0247,1,1,0.538,0,8,0
2026-06-17T23:11:39.254,547,7.445,108.519,0.242,0.08,0.133,117.464,7.89,disengaged,0.281,absent,0.0,no_face_detected,disengaged,0.737,face_left_or_right+face_high_or_low,"(94, 4, 151, 151)",0.0247,0,0,0.538,0,9,0
2026-06-17T23:11:39.380,548,10.584,98.518,0.213,0.046,0.144,110.422,8.0,disengaged,0.421,absent,0.0,no_face_detected,disengaged,0.742,face_left_or_right+face_high_or_low,"(94, 4, 151, 151)",0.0247,0,0,0.538,0,10,0
2026-06-17T23:11:39.557,549,19.396,132.111,0.195,0.028,0.059,152.762,7.86,disengaged,0.593,absent,0.0,no_stable_face_candidate,disengaged,0.748,face_left_or_right+face_high_or_low,"(94, 4, 151, 151)",0.0247,1,0,0.538,0,11,0
2026-06-17T23:11:39.710,550,10.798,122.05,0.169,0.036,0.079,133.939,7.82,disengaged,0.75,absent,0.0,no_face_detected,disengaged,0.732,face_left_or_right+face_high_or_low,"(94, 4, 151, 151)",0.0247,0,0,0.538,0,12,0
2026-06-17T23:11:39.850,551,12.746,106.856,0.172,0.036,0.048,120.964,7.86,disengaged,0.89,engaged,0.747,face_centered,disengaged,0.738,face_left_or_right+face_high_or_low,"(506, 422, 219, 219)",0.052,1,1,0.37,0,13,0
2026-06-17T23:11:40.017,552,19.364,121.742,0.419,0.054,0.1,142.451,7.78,disengaged,1.046,absent,0.0,no_stable_face_candidate,disengaged,0.748,face_left_or_right+face_high_or_low,"(506, 422, 219, 219)",0.052,1,0,0.37,0,14,0
2026-06-17T23:11:40.223,553,17.214,171.705,0.191,0.046,0.081,190.09,7.53,disengaged,1.265,absent,0.0,no_face_detected,disengaged,0.707,face_left_or_right+face_high_or_low,"(506, 422, 219, 219)",0.052,0,0,0.37,0,15,0
2026-06-17T23:11:40.395,554,11.174,137.887,0.26,0.056,0.063,150.553,7.44,disengaged,1.437,absent,0.0,no_stable_face_candidate,absent,0.0,no_face_detected,,0.0,1,0,0.0,0,0,1
2026-06-17T23:11:40.546,555,4.42,121.791,0.156,0.043,0.064,127.508,7.48,disengaged,1.578,engaged,0.751,face_centered,absent,0.0,no_face_detected,"(512, 447, 211, 211)",0.0483,1,1,0.678,0,0,2
2026-06-17T23:11:40.676,556,14.816,101.463,0.179,0.043,0.077,117.463,7.58,disengaged,1.703,absent,0.0,no_face_detected,absent,0.0,no_face_detected,,0.0,0,0,0.0,0,0,3
